id,iso2,m49,name,region,subregion,un_status,population_change,macro_variables_available,current_presence,presence_source,priority,product,role,segment,entry_mode,action,corridor,marketing,disposition,reason,gate,maturity,feasible_flag,legal_status,climate_status,competitor_status,country_npv,confidence,owner,timing,next_evidence,evidence_cost,food_import_proxy
AFG,AF,004,Afghanistan,Asia,Southern Asia,Member state,0.7349641993355882,11,"Not verified, absence not inferred",,False,"Staple trade, product selection pending",Potential customer market,Buyer/supplier segment requires local validation,trade,Watch product/corridor opportunity,"Unselected, route evidence required",Customer interviews and delivered-cost comparison before a commercial launch.,Watch product/corridor opportunity,"Macro scale warrants a product screen, but no validated category demand, capture or Olam incremental cash supports asset entry yet.","Confirm product demand, accessible HS line, counterparties, delivered spread, cash conversion and legal clearance.",Threshold-only case,,"Product, sanctions, licensing and counterparty review required. No legal clearance asserted.",Country water-stress observation where available. Crop/basin/asset hazards unquantified. No fitted crop damage claim.,Country/category competitor shares and costs unavailable. Local diligence required.,,"Conditional research priority only, capital economics unvalidated","Country/category lead with Finance, Treasury, Supply Chain and Legal",Evidence before capital commitment,"Reconciled customer orders and delivered unit economics, seasonal NWC, plant/route constraints, basin hazards and applicable taxes",,
ALB,AL,008,Albania,Europe,Southern Europe,Member state,-0.19375069292354663,11,"Not verified, absence not inferred",,False,"Staple trade, product selection pending",Potential customer market,Buyer/supplier segment requires local validation,trade,Watch customer specialization,"Unselected, route evidence required",Customer interviews and delivered-cost comparison before a commercial launch.,Watch customer specialization,"UN medium projection shows population decline. Specific convenience, nutrition or industrial segments need measured purchases and unit economics.","Confirm product demand, accessible HS line, counterparties, delivered spread, cash conversion and legal clearance.",Threshold-only case,,"Product, sanctions, licensing and counterparty review required. No legal clearance asserted.",Country water-stress observation where available. Crop/basin/asset hazards unquantified. No fitted crop damage claim.,Country/category competitor shares and costs unavailable. Local diligence required.,,"Conditional research priority only, capital economics unvalidated","Country/category lead with Finance, Treasury, Supply Chain and Legal",Evidence before capital commitment,"Reconciled customer orders and delivered unit economics, seasonal NWC, plant/route constraints, basin hazards and applicable taxes",,
DZA,DZ,012,Algeria,Africa,Northern Africa,Member state,0.2487546621958614,11,"Not verified, absence not inferred",,False,"Staple trade, product selection pending",Potential customer market,Buyer/supplier segment requires local validation,trade,Watch product/corridor opportunity,"Unselected, route evidence required",Customer interviews and delivered-cost comparison before a commercial launch.,Watch product/corridor opportunity,"Macro scale warrants a product screen, but no validated category demand, capture or Olam incremental cash supports asset entry yet.","Confirm product demand, accessible HS line, counterparties, delivered spread, cash conversion and legal clearance.",Threshold-only case,,"Product, sanctions, licensing and counterparty review required. No legal clearance asserted.",Country water-stress observation where available. Crop/basin/asset hazards unquantified. No fitted crop damage claim.,Country/category competitor shares and costs unavailable. Local diligence required.,,"Conditional research priority only, capital economics unvalidated","Country/category lead with Finance, Treasury, Supply Chain and Legal",Evidence before capital commitment,"Reconciled customer orders and delivered unit economics, seasonal NWC, plant/route constraints, basin hazards and applicable taxes",,
AND,AD,020,Andorra,Europe,Southern Europe,Member state,-0.02489463064009645,7,"Not verified, absence not inferred",,False,"Staple trade, product selection pending",Potential customer market,Buyer/supplier segment requires local validation,trade,Watch regional trade,"Unselected, route evidence required",Customer interviews and delivered-cost comparison before a commercial launch.,Watch regional trade,Small domestic population suggests a route-based customer screen before standalone capacity. Population alone cannot exclude B2B demand.,"Confirm product demand, accessible HS line, counterparties, delivered spread, cash conversion and legal clearance.",Threshold-only case,,"Product, sanctions, licensing and counterparty review required. No legal clearance asserted.",Country water-stress observation where available. Crop/basin/asset hazards unquantified. No fitted crop damage claim.,Country/category competitor shares and costs unavailable. Local diligence required.,,"Conditional research priority only, capital economics unvalidated","Country/category lead with Finance, Treasury, Supply Chain and Legal",Evidence before capital commitment,"Reconciled customer orders and delivered unit economics, seasonal NWC, plant/route constraints, basin hazards and applicable taxes",,
AGO,AO,024,Angola,Africa,Sub-Saharan Africa,Member state,0.887168673301193,11,"Not verified, absence not inferred",,False,"Staple trade, product selection pending",Potential customer market,Buyer/supplier segment requires local validation,trade,Watch product/corridor opportunity,"Unselected, route evidence required",Customer interviews and delivered-cost comparison before a commercial launch.,Watch product/corridor opportunity,"Macro scale warrants a product screen, but no validated category demand, capture or Olam incremental cash supports asset entry yet.","Confirm product demand, accessible HS line, counterparties, delivered spread, cash conversion and legal clearance.",Threshold-only case,,"Product, sanctions, licensing and counterparty review required. No legal clearance asserted.",Country water-stress observation where available. Crop/basin/asset hazards unquantified. No fitted crop damage claim.,Country/category competitor shares and costs unavailable. Local diligence required.,,"Conditional research priority only, capital economics unvalidated","Country/category lead with Finance, Treasury, Supply Chain and Legal",Evidence before capital commitment,"Reconciled customer orders and delivered unit economics, seasonal NWC, plant/route constraints, basin hazards and applicable taxes",,
ATG,AG,028,Antigua and Barbuda,Americas,Latin America and the Caribbean,Member state,0.0008877052818463405,11,"Not verified, absence not inferred",,False,"Staple trade, product selection pending",Potential customer market,Buyer/supplier segment requires local validation,trade,Watch regional trade,"Unselected, route evidence required",Customer interviews and delivered-cost comparison before a commercial launch.,Watch regional trade,Small domestic population suggests a route-based customer screen before standalone capacity. Population alone cannot exclude B2B demand.,"Confirm product demand, accessible HS line, counterparties, delivered spread, cash conversion and legal clearance.",Threshold-only case,,"Product, sanctions, licensing and counterparty review required. No legal clearance asserted.",Country water-stress observation where available. Crop/basin/asset hazards unquantified. No fitted crop damage claim.,Country/category competitor shares and costs unavailable. Local diligence required.,,"Conditional research priority only, capital economics unvalidated","Country/category lead with Finance, Treasury, Supply Chain and Legal",Evidence before capital commitment,"Reconciled customer orders and delivered unit economics, seasonal NWC, plant/route constraints, basin hazards and applicable taxes",,
ARG,AR,032,Argentina,Americas,Latin America and the Caribbean,Member state,0.049851692473484865,11,"Not verified, absence not inferred",,False,"Staple trade, product selection pending",Potential customer market,Buyer/supplier segment requires local validation,trade,Watch product/corridor opportunity,"Unselected, route evidence required",Customer interviews and delivered-cost comparison before a commercial launch.,Watch product/corridor opportunity,"Macro scale warrants a product screen, but no validated category demand, capture or Olam incremental cash supports asset entry yet.","Confirm product demand, accessible HS line, counterparties, delivered spread, cash conversion and legal clearance.",Threshold-only case,,"Product, sanctions, licensing and counterparty review required. No legal clearance asserted.",Country water-stress observation where available. Crop/basin/asset hazards unquantified. No fitted crop damage claim.,Country/category competitor shares and costs unavailable. Local diligence required.,,"Conditional research priority only, capital economics unvalidated","Country/category lead with Finance, Treasury, Supply Chain and Legal",Evidence before capital commitment,"Reconciled customer orders and delivered unit economics, seasonal NWC, plant/route constraints, basin hazards and applicable taxes",,
ARM,AM,051,Armenia,Asia,Western Asia,Member state,-0.15441014154282873,11,"Not verified, absence not inferred",,False,"Staple trade, product selection pending",Potential customer market,Buyer/supplier segment requires local validation,trade,Watch customer specialization,"Unselected, route evidence required",Customer interviews and delivered-cost comparison before a commercial launch.,Watch customer specialization,"UN medium projection shows population decline. Specific convenience, nutrition or industrial segments need measured purchases and unit economics.","Confirm product demand, accessible HS line, counterparties, delivered spread, cash conversion and legal clearance.",Threshold-only case,,"Product, sanctions, licensing and counterparty review required. No legal clearance asserted.",Country water-stress observation where available. Crop/basin/asset hazards unquantified. No fitted crop damage claim.,Country/category competitor shares and costs unavailable. Local diligence required.,,"Conditional research priority only, capital economics unvalidated","Country/category lead with Finance, Treasury, Supply Chain and Legal",Evidence before capital commitment,"Reconciled customer orders and delivered unit economics, seasonal NWC, plant/route constraints, basin hazards and applicable taxes",,
AUS,AU,036,Australia,Oceania,Australia and New Zealand,Member state,0.2016003102203776,11,Disclosed location in June-2026 factsheet,CO_FACT,False,"Staple trade, product selection pending",Potential customer market,Buyer/supplier segment requires local validation,trade,Review existing operation,"Unselected, route evidence required",Customer interviews and delivered-cost comparison before a commercial launch.,Review existing operation,Disclosed operating location. Diagnose customer economics and cash before considering additional capital.,"Confirm product demand, accessible HS line, counterparties, delivered spread, cash conversion and legal clearance.",Threshold-only case,,"Product, sanctions, licensing and counterparty review required. No legal clearance asserted.",Country water-stress observation where available. Crop/basin/asset hazards unquantified. No fitted crop damage claim.,Country/category competitor shares and costs unavailable. Local diligence required.,,"Conditional research priority only, capital economics unvalidated","Country/category lead with Finance, Treasury, Supply Chain and Legal",Evidence before capital commitment,"Reconciled customer orders and delivered unit economics, seasonal NWC, plant/route constraints, basin hazards and applicable taxes",,
AUT,AT,040,Austria,Europe,Western Europe,Member state,-0.04508279433147111,11,"Not verified, absence not inferred",,False,"Staple trade, product selection pending",Potential customer market,Buyer/supplier segment requires local validation,trade,Watch product/corridor opportunity,"Unselected, route evidence required",Customer interviews and delivered-cost comparison before a commercial launch.,Watch product/corridor opportunity,"Macro scale warrants a product screen, but no validated category demand, capture or Olam incremental cash supports asset entry yet.","Confirm product demand, accessible HS line, counterparties, delivered spread, cash conversion and legal clearance.",Threshold-only case,,"Product, sanctions, licensing and counterparty review required. No legal clearance asserted.",Country water-stress observation where available. Crop/basin/asset hazards unquantified. No fitted crop damage claim.,Country/category competitor shares and costs unavailable. Local diligence required.,,"Conditional research priority only, capital economics unvalidated","Country/category lead with Finance, Treasury, Supply Chain and Legal",Evidence before capital commitment,"Reconciled customer orders and delivered unit economics, seasonal NWC, plant/route constraints, basin hazards and applicable taxes",,
AZE,AZ,031,Azerbaijan,Asia,Western Asia,Member state,0.07361221174277399,11,"Not verified, absence not inferred",,False,"Staple trade, product selection pending",Potential customer market,Buyer/supplier segment requires local validation,trade,Watch product/corridor opportunity,"Unselected, route evidence required",Customer interviews and delivered-cost comparison before a commercial launch.,Watch product/corridor opportunity,"Macro scale warrants a product screen, but no validated category demand, capture or Olam incremental cash supports asset entry yet.","Confirm product demand, accessible HS line, counterparties, delivered spread, cash conversion and legal clearance.",Threshold-only case,,"Product, sanctions, licensing and counterparty review required. No legal clearance asserted.",Country water-stress observation where available. Crop/basin/asset hazards unquantified. No fitted crop damage claim.,Country/category competitor shares and costs unavailable. Local diligence required.,,"Conditional research priority only, capital economics unvalidated","Country/category lead with Finance, Treasury, Supply Chain and Legal",Evidence before capital commitment,"Reconciled customer orders and delivered unit economics, seasonal NWC, plant/route constraints, basin hazards and applicable taxes",,
BHS,BS,044,Bahamas,Americas,Latin America and the Caribbean,Member state,0.04839754045691347,10,"Not verified, absence not inferred",,False,"Staple trade, product selection pending",Potential customer market,Buyer/supplier segment requires local validation,trade,Watch regional trade,"Unselected, route evidence required",Customer interviews and delivered-cost comparison before a commercial launch.,Watch regional trade,Small domestic population suggests a route-based customer screen before standalone capacity. Population alone cannot exclude B2B demand.,"Confirm product demand, accessible HS line, counterparties, delivered spread, cash conversion and legal clearance.",Threshold-only case,,"Product, sanctions, licensing and counterparty review required. No legal clearance asserted.",Country water-stress observation where available. Crop/basin/asset hazards unquantified. No fitted crop damage claim.,Country/category competitor shares and costs unavailable. Local diligence required.,,"Conditional research priority only, capital economics unvalidated","Country/category lead with Finance, Treasury, Supply Chain and Legal",Evidence before capital commitment,"Reconciled customer orders and delivered unit economics, seasonal NWC, plant/route constraints, basin hazards and applicable taxes",,
BHR,BH,048,Bahrain,Asia,Western Asia,Member state,0.28784379304500196,10,"Not verified, absence not inferred",,False,"Staple trade, product selection pending",Potential customer market,Buyer/supplier segment requires local validation,trade,Watch product/corridor opportunity,"Unselected, route evidence required",Customer interviews and delivered-cost comparison before a commercial launch.,Watch product/corridor opportunity,"Macro scale warrants a product screen, but no validated category demand, capture or Olam incremental cash supports asset entry yet.","Confirm product demand, accessible HS line, counterparties, delivered spread, cash conversion and legal clearance.",Threshold-only case,,"Product, sanctions, licensing and counterparty review required. No legal clearance asserted.",Country water-stress observation where available. Crop/basin/asset hazards unquantified. No fitted crop damage claim.,Country/category competitor shares and costs unavailable. Local diligence required.,,"Conditional research priority only, capital economics unvalidated","Country/category lead with Finance, Treasury, Supply Chain and Legal",Evidence before capital commitment,"Reconciled customer orders and delivered unit economics, seasonal NWC, plant/route constraints, basin hazards and applicable taxes",,
BGD,BD,050,Bangladesh,Asia,Southern Asia,Member state,0.21332205746228983,11,Disclosed location in June-2026 factsheet,CO_FACT,False,"Staple trade, product selection pending",Potential customer market,Buyer/supplier segment requires local validation,trade,Review existing operation,"Unselected, route evidence required",Customer interviews and delivered-cost comparison before a commercial launch.,Review existing operation,Disclosed operating location. Diagnose customer economics and cash before considering additional capital.,"Confirm product demand, accessible HS line, counterparties, delivered spread, cash conversion and legal clearance.",Threshold-only case,,"Product, sanctions, licensing and counterparty review required. No legal clearance asserted.",Country water-stress observation where available. Crop/basin/asset hazards unquantified. No fitted crop damage claim.,Country/category competitor shares and costs unavailable. Local diligence required.,,"Conditional research priority only, capital economics unvalidated","Country/category lead with Finance, Treasury, Supply Chain and Legal",Evidence before capital commitment,"Reconciled customer orders and delivered unit economics, seasonal NWC, plant/route constraints, basin hazards and applicable taxes",,
BRB,BB,052,Barbados,Americas,Latin America and the Caribbean,Member state,-0.07023457506260522,11,"Not verified, absence not inferred",,False,"Staple trade, product selection pending",Potential customer market,Buyer/supplier segment requires local validation,trade,Watch regional trade,"Unselected, route evidence required",Customer interviews and delivered-cost comparison before a commercial launch.,Watch regional trade,Small domestic population suggests a route-based customer screen before standalone capacity. Population alone cannot exclude B2B demand.,"Confirm product demand, accessible HS line, counterparties, delivered spread, cash conversion and legal clearance.",Threshold-only case,,"Product, sanctions, licensing and counterparty review required. No legal clearance asserted.",Country water-stress observation where available. Crop/basin/asset hazards unquantified. No fitted crop damage claim.,Country/category competitor shares and costs unavailable. Local diligence required.,,"Conditional research priority only, capital economics unvalidated","Country/category lead with Finance, Treasury, Supply Chain and Legal",Evidence before capital commitment,"Reconciled customer orders and delivered unit economics, seasonal NWC, plant/route constraints, basin hazards and applicable taxes",,
BLR,BY,112,Belarus,Europe,Eastern Europe,Member state,-0.1732617076523736,11,"Not verified, absence not inferred",,False,"Staple trade, product selection pending",Potential customer market,Buyer/supplier segment requires local validation,trade,Watch customer specialization,"Unselected, route evidence required",Customer interviews and delivered-cost comparison before a commercial launch.,Watch customer specialization,"UN medium projection shows population decline. Specific convenience, nutrition or industrial segments need measured purchases and unit economics.","Confirm product demand, accessible HS line, counterparties, delivered spread, cash conversion and legal clearance.",Threshold-only case,,"Product, sanctions, licensing and counterparty review required. No legal clearance asserted.",Country water-stress observation where available. Crop/basin/asset hazards unquantified. No fitted crop damage claim.,Country/category competitor shares and costs unavailable. Local diligence required.,,"Conditional research priority only, capital economics unvalidated","Country/category lead with Finance, Treasury, Supply Chain and Legal",Evidence before capital commitment,"Reconciled customer orders and delivered unit economics, seasonal NWC, plant/route constraints, basin hazards and applicable taxes",,
BEL,BE,056,Belgium,Europe,Western Europe,Member state,0.007164633965092149,11,"Not verified, absence not inferred",,False,"Staple trade, product selection pending",Potential customer market,Buyer/supplier segment requires local validation,trade,Watch product/corridor opportunity,"Unselected, route evidence required",Customer interviews and delivered-cost comparison before a commercial launch.,Watch product/corridor opportunity,"Macro scale warrants a product screen, but no validated category demand, capture or Olam incremental cash supports asset entry yet.","Confirm product demand, accessible HS line, counterparties, delivered spread, cash conversion and legal clearance.",Threshold-only case,,"Product, sanctions, licensing and counterparty review required. No legal clearance asserted.",Country water-stress observation where available. Crop/basin/asset hazards unquantified. No fitted crop damage claim.,Country/category competitor shares and costs unavailable. Local diligence required.,,"Conditional research priority only, capital economics unvalidated","Country/category lead with Finance, Treasury, Supply Chain and Legal",Evidence before capital commitment,"Reconciled customer orders and delivered unit economics, seasonal NWC, plant/route constraints, basin hazards and applicable taxes",,
BLZ,BZ,084,Belize,Americas,Latin America and the Caribbean,Member state,0.2093625479418817,11,"Not verified, absence not inferred",,False,"Staple trade, product selection pending",Potential customer market,Buyer/supplier segment requires local validation,trade,Watch regional trade,"Unselected, route evidence required",Customer interviews and delivered-cost comparison before a commercial launch.,Watch regional trade,Small domestic population suggests a route-based customer screen before standalone capacity. Population alone cannot exclude B2B demand.,"Confirm product demand, accessible HS line, counterparties, delivered spread, cash conversion and legal clearance.",Threshold-only case,,"Product, sanctions, licensing and counterparty review required. No legal clearance asserted.",Country water-stress observation where available. Crop/basin/asset hazards unquantified. No fitted crop damage claim.,Country/category competitor shares and costs unavailable. Local diligence required.,,"Conditional research priority only, capital economics unvalidated","Country/category lead with Finance, Treasury, Supply Chain and Legal",Evidence before capital commitment,"Reconciled customer orders and delivered unit economics, seasonal NWC, plant/route constraints, basin hazards and applicable taxes",,
BEN,BJ,204,Benin,Africa,Sub-Saharan Africa,Member state,0.6365957987053621,11,"Not verified, absence not inferred",,False,"Staple trade, product selection pending",Potential customer market,Buyer/supplier segment requires local validation,trade,Watch product/corridor opportunity,"Unselected, route evidence required",Customer interviews and delivered-cost comparison before a commercial launch.,Watch product/corridor opportunity,"Macro scale warrants a product screen, but no validated category demand, capture or Olam incremental cash supports asset entry yet.","Confirm product demand, accessible HS line, counterparties, delivered spread, cash conversion and legal clearance.",Threshold-only case,,"Product, sanctions, licensing and counterparty review required. No legal clearance asserted.",Country water-stress observation where available. Crop/basin/asset hazards unquantified. No fitted crop damage claim.,Country/category competitor shares and costs unavailable. Local diligence required.,,"Conditional research priority only, capital economics unvalidated","Country/category lead with Finance, Treasury, Supply Chain and Legal",Evidence before capital commitment,"Reconciled customer orders and delivered unit economics, seasonal NWC, plant/route constraints, basin hazards and applicable taxes",,
BTN,BT,064,Bhutan,Asia,Southern Asia,Member state,0.10118871024439868,11,"Not verified, absence not inferred",,False,"Staple trade, product selection pending",Potential customer market,Buyer/supplier segment requires local validation,trade,Watch regional trade,"Unselected, route evidence required",Customer interviews and delivered-cost comparison before a commercial launch.,Watch regional trade,Small domestic population suggests a route-based customer screen before standalone capacity. Population alone cannot exclude B2B demand.,"Confirm product demand, accessible HS line, counterparties, delivered spread, cash conversion and legal clearance.",Threshold-only case,,"Product, sanctions, licensing and counterparty review required. No legal clearance asserted.",Country water-stress observation where available. Crop/basin/asset hazards unquantified. No fitted crop damage claim.,Country/category competitor shares and costs unavailable. Local diligence required.,,"Conditional research priority only, capital economics unvalidated","Country/category lead with Finance, Treasury, Supply Chain and Legal",Evidence before capital commitment,"Reconciled customer orders and delivered unit economics, seasonal NWC, plant/route constraints, basin hazards and applicable taxes",,
BOL,BO,068,Bolivia (Plurinational State of),Americas,Latin America and the Caribbean,Member state,0.27177997584336255,11,"Not verified, absence not inferred",,False,"Staple trade, product selection pending",Potential customer market,Buyer/supplier segment requires local validation,trade,Watch product/corridor opportunity,"Unselected, route evidence required",Customer interviews and delivered-cost comparison before a commercial launch.,Watch product/corridor opportunity,"Macro scale warrants a product screen, but no validated category demand, capture or Olam incremental cash supports asset entry yet.","Confirm product demand, accessible HS line, counterparties, delivered spread, cash conversion and legal clearance.",Threshold-only case,,"Product, sanctions, licensing and counterparty review required. No legal clearance asserted.",Country water-stress observation where available. Crop/basin/asset hazards unquantified. No fitted crop damage claim.,Country/category competitor shares and costs unavailable. Local diligence required.,,"Conditional research priority only, capital economics unvalidated","Country/category lead with Finance, Treasury, Supply Chain and Legal",Evidence before capital commitment,"Reconciled customer orders and delivered unit economics, seasonal NWC, plant/route constraints, basin hazards and applicable taxes",,
BIH,BA,070,Bosnia and Herzegovina,Europe,Southern Europe,Member state,-0.22090768797029903,11,"Not verified, absence not inferred",,False,"Staple trade, product selection pending",Potential customer market,Buyer/supplier segment requires local validation,trade,Watch customer specialization,"Unselected, route evidence required",Customer interviews and delivered-cost comparison before a commercial launch.,Watch customer specialization,"UN medium projection shows population decline. Specific convenience, nutrition or industrial segments need measured purchases and unit economics.","Confirm product demand, accessible HS line, counterparties, delivered spread, cash conversion and legal clearance.",Threshold-only case,,"Product, sanctions, licensing and counterparty review required. No legal clearance asserted.",Country water-stress observation where available. Crop/basin/asset hazards unquantified. No fitted crop damage claim.,Country/category competitor shares and costs unavailable. Local diligence required.,,"Conditional research priority only, capital economics unvalidated","Country/category lead with Finance, Treasury, Supply Chain and Legal",Evidence before capital commitment,"Reconciled customer orders and delivered unit economics, seasonal NWC, plant/route constraints, basin hazards and applicable taxes",,
BWA,BW,072,Botswana,Africa,Sub-Saharan Africa,Member state,0.33111507005486707,11,"Not verified, absence not inferred",,False,"Staple trade, product selection pending",Potential customer market,Buyer/supplier segment requires local validation,trade,Watch product/corridor opportunity,"Unselected, route evidence required",Customer interviews and delivered-cost comparison before a commercial launch.,Watch product/corridor opportunity,"Macro scale warrants a product screen, but no validated category demand, capture or Olam incremental cash supports asset entry yet.","Confirm product demand, accessible HS line, counterparties, delivered spread, cash conversion and legal clearance.",Threshold-only case,,"Product, sanctions, licensing and counterparty review required. No legal clearance asserted.",Country water-stress observation where available. Crop/basin/asset hazards unquantified. No fitted crop damage claim.,Country/category competitor shares and costs unavailable. Local diligence required.,,"Conditional research priority only, capital economics unvalidated","Country/category lead with Finance, Treasury, Supply Chain and Legal",Evidence before capital commitment,"Reconciled customer orders and delivered unit economics, seasonal NWC, plant/route constraints, basin hazards and applicable taxes",,
BRA,BR,076,Brazil,Americas,Latin America and the Caribbean,Member state,0.016284016608034024,11,Disclosed location in June-2026 factsheet,CO_FACT,True,Grains and oilseeds,Sourcing origin,"Farmers, cooperatives and B2B importers",trade,Origination and corridor trial,Brazil grain/oilseed origins to Asia/Africa,Offer documented specification and delivery economics to contracted buyers.,Diligence priority,"Country page identifies soybean, corn and wheat origination/export. The constraint is route cash, not consumer branding.","Map common weather, port and financing exposure before claiming diversification.",Threshold-only case,,"Product, sanctions, licensing and counterparty review required. No legal clearance asserted.",Country water-stress observation where available. Crop/basin/asset hazards unquantified. No fitted crop damage claim.,Country/category competitor shares and costs unavailable. Local diligence required.,,"Conditional research priority only, capital economics unvalidated","Country/category lead with Finance, Treasury, Supply Chain and Legal",Evidence before capital commitment,"Reconciled customer orders and delivered unit economics, seasonal NWC, plant/route constraints, basin hazards and applicable taxes",,
BRN,BN,096,Brunei Darussalam,Asia,South-eastern Asia,Member state,0.10747911234101415,11,"Not verified, absence not inferred",,False,"Staple trade, product selection pending",Potential customer market,Buyer/supplier segment requires local validation,trade,Watch regional trade,"Unselected, route evidence required",Customer interviews and delivered-cost comparison before a commercial launch.,Watch regional trade,Small domestic population suggests a route-based customer screen before standalone capacity. Population alone cannot exclude B2B demand.,"Confirm product demand, accessible HS line, counterparties, delivered spread, cash conversion and legal clearance.",Threshold-only case,,"Product, sanctions, licensing and counterparty review required. No legal clearance asserted.",Country water-stress observation where available. Crop/basin/asset hazards unquantified. No fitted crop damage claim.,Country/category competitor shares and costs unavailable. Local diligence required.,,"Conditional research priority only, capital economics unvalidated","Country/category lead with Finance, Treasury, Supply Chain and Legal",Evidence before capital commitment,"Reconciled customer orders and delivered unit economics, seasonal NWC, plant/route constraints, basin hazards and applicable taxes",,
BGR,BG,100,Bulgaria,Europe,Eastern Europe,Member state,-0.19699867674696625,11,"Not verified, absence not inferred",,False,"Staple trade, product selection pending",Potential customer market,Buyer/supplier segment requires local validation,trade,Watch customer specialization,"Unselected, route evidence required",Customer interviews and delivered-cost comparison before a commercial launch.,Watch customer specialization,"UN medium projection shows population decline. Specific convenience, nutrition or industrial segments need measured purchases and unit economics.","Confirm product demand, accessible HS line, counterparties, delivered spread, cash conversion and legal clearance.",Threshold-only case,,"Product, sanctions, licensing and counterparty review required. No legal clearance asserted.",Country water-stress observation where available. Crop/basin/asset hazards unquantified. No fitted crop damage claim.,Country/category competitor shares and costs unavailable. Local diligence required.,,"Conditional research priority only, capital economics unvalidated","Country/category lead with Finance, Treasury, Supply Chain and Legal",Evidence before capital commitment,"Reconciled customer orders and delivered unit economics, seasonal NWC, plant/route constraints, basin hazards and applicable taxes",,
BFA,BF,854,Burkina Faso,Africa,Sub-Saharan Africa,Member state,0.5355534373640847,11,"Not verified, absence not inferred",,False,"Staple trade, product selection pending",Potential customer market,Buyer/supplier segment requires local validation,trade,Watch product/corridor opportunity,"Unselected, route evidence required",Customer interviews and delivered-cost comparison before a commercial launch.,Watch product/corridor opportunity,"Macro scale warrants a product screen, but no validated category demand, capture or Olam incremental cash supports asset entry yet.","Confirm product demand, accessible HS line, counterparties, delivered spread, cash conversion and legal clearance.",Threshold-only case,,"Product, sanctions, licensing and counterparty review required. No legal clearance asserted.",Country water-stress observation where available. Crop/basin/asset hazards unquantified. No fitted crop damage claim.,Country/category competitor shares and costs unavailable. Local diligence required.,,"Conditional research priority only, capital economics unvalidated","Country/category lead with Finance, Treasury, Supply Chain and Legal",Evidence before capital commitment,"Reconciled customer orders and delivered unit economics, seasonal NWC, plant/route constraints, basin hazards and applicable taxes",,
BDI,BI,108,Burundi,Africa,Sub-Saharan Africa,Member state,0.6632671509985262,11,"Not verified, absence not inferred",,False,"Staple trade, product selection pending",Potential customer market,Buyer/supplier segment requires local validation,trade,Watch product/corridor opportunity,"Unselected, route evidence required",Customer interviews and delivered-cost comparison before a commercial launch.,Watch product/corridor opportunity,"Macro scale warrants a product screen, but no validated category demand, capture or Olam incremental cash supports asset entry yet.","Confirm product demand, accessible HS line, counterparties, delivered spread, cash conversion and legal clearance.",Threshold-only case,,"Product, sanctions, licensing and counterparty review required. No legal clearance asserted.",Country water-stress observation where available. Crop/basin/asset hazards unquantified. No fitted crop damage claim.,Country/category competitor shares and costs unavailable. Local diligence required.,,"Conditional research priority only, capital economics unvalidated","Country/category lead with Finance, Treasury, Supply Chain and Legal",Evidence before capital commitment,"Reconciled customer orders and delivered unit economics, seasonal NWC, plant/route constraints, basin hazards and applicable taxes",,
CPV,CV,132,Cabo Verde,Africa,Sub-Saharan Africa,Member state,0.0690500915733625,11,"Not verified, absence not inferred",,False,"Staple trade, product selection pending",Potential customer market,Buyer/supplier segment requires local validation,trade,Watch regional trade,"Unselected, route evidence required",Customer interviews and delivered-cost comparison before a commercial launch.,Watch regional trade,Small domestic population suggests a route-based customer screen before standalone capacity. Population alone cannot exclude B2B demand.,"Confirm product demand, accessible HS line, counterparties, delivered spread, cash conversion and legal clearance.",Threshold-only case,,"Product, sanctions, licensing and counterparty review required. No legal clearance asserted.",Country water-stress observation where available. Crop/basin/asset hazards unquantified. No fitted crop damage claim.,Country/category competitor shares and costs unavailable. Local diligence required.,,"Conditional research priority only, capital economics unvalidated","Country/category lead with Finance, Treasury, Supply Chain and Legal",Evidence before capital commitment,"Reconciled customer orders and delivered unit economics, seasonal NWC, plant/route constraints, basin hazards and applicable taxes",,
KHM,KH,116,Cambodia,Asia,South-eastern Asia,Member state,0.22129319909087575,11,"Not verified, absence not inferred",,False,"Staple trade, product selection pending",Potential customer market,Buyer/supplier segment requires local validation,trade,Watch product/corridor opportunity,"Unselected, route evidence required",Customer interviews and delivered-cost comparison before a commercial launch.,Watch product/corridor opportunity,"Macro scale warrants a product screen, but no validated category demand, capture or Olam incremental cash supports asset entry yet.","Confirm product demand, accessible HS line, counterparties, delivered spread, cash conversion and legal clearance.",Threshold-only case,,"Product, sanctions, licensing and counterparty review required. No legal clearance asserted.",Country water-stress observation where available. Crop/basin/asset hazards unquantified. No fitted crop damage claim.,Country/category competitor shares and costs unavailable. Local diligence required.,,"Conditional research priority only, capital economics unvalidated","Country/category lead with Finance, Treasury, Supply Chain and Legal",Evidence before capital commitment,"Reconciled customer orders and delivered unit economics, seasonal NWC, plant/route constraints, basin hazards and applicable taxes",,
CMR,CM,120,Cameroon,Africa,Sub-Saharan Africa,Member state,0.6967242094099515,11,Disclosed location in June-2026 factsheet,CO_FACT,True,Flour and rice,Customer and processing market,Bakers and distribution customers,partner,Distribution and credit pilot,Import corridor to Cameroon distribution,Improve stock availability only where the delivered contribution clears route cost.,Diligence priority,Current flour/rice operations support diagnosis of route and credit constraints.,"Measure late payments, delivery reliability and product-specific duties.",Threshold-only case,,"Product, sanctions, licensing and counterparty review required. No legal clearance asserted.",Country water-stress observation where available. Crop/basin/asset hazards unquantified. No fitted crop damage claim.,Country/category competitor shares and costs unavailable. Local diligence required.,,"Conditional research priority only, capital economics unvalidated","Country/category lead with Finance, Treasury, Supply Chain and Legal",Evidence before capital commitment,"Reconciled customer orders and delivered unit economics, seasonal NWC, plant/route constraints, basin hazards and applicable taxes",,
CAN,CA,124,Canada,Americas,Northern America,Member state,0.13106085421944114,11,"Not verified, absence not inferred",,False,"Staple trade, product selection pending",Potential customer market,Buyer/supplier segment requires local validation,trade,Watch product/corridor opportunity,"Unselected, route evidence required",Customer interviews and delivered-cost comparison before a commercial launch.,Watch product/corridor opportunity,"Macro scale warrants a product screen, but no validated category demand, capture or Olam incremental cash supports asset entry yet.","Confirm product demand, accessible HS line, counterparties, delivered spread, cash conversion and legal clearance.",Threshold-only case,,"Product, sanctions, licensing and counterparty review required. No legal clearance asserted.",Country water-stress observation where available. Crop/basin/asset hazards unquantified. No fitted crop damage claim.,Country/category competitor shares and costs unavailable. Local diligence required.,,"Conditional research priority only, capital economics unvalidated","Country/category lead with Finance, Treasury, Supply Chain and Legal",Evidence before capital commitment,"Reconciled customer orders and delivered unit economics, seasonal NWC, plant/route constraints, basin hazards and applicable taxes",,
CAF,CF,140,Central African Republic,Africa,Sub-Saharan Africa,Member state,0.9011039511604173,11,"Not verified, absence not inferred",,False,"Staple trade, product selection pending",Potential customer market,Buyer/supplier segment requires local validation,trade,Watch product/corridor opportunity,"Unselected, route evidence required",Customer interviews and delivered-cost comparison before a commercial launch.,Watch product/corridor opportunity,"Macro scale warrants a product screen, but no validated category demand, capture or Olam incremental cash supports asset entry yet.","Confirm product demand, accessible HS line, counterparties, delivered spread, cash conversion and legal clearance.",Threshold-only case,,"Product, sanctions, licensing and counterparty review required. No legal clearance asserted.",Country water-stress observation where available. Crop/basin/asset hazards unquantified. No fitted crop damage claim.,Country/category competitor shares and costs unavailable. Local diligence required.,,"Conditional research priority only, capital economics unvalidated","Country/category lead with Finance, Treasury, Supply Chain and Legal",Evidence before capital commitment,"Reconciled customer orders and delivered unit economics, seasonal NWC, plant/route constraints, basin hazards and applicable taxes",,
TCD,TD,148,Chad,Africa,Sub-Saharan Africa,Member state,0.8383735815416982,9,Disclosed location in June-2026 factsheet,CO_FACT,False,"Staple trade, product selection pending",Potential customer market,Buyer/supplier segment requires local validation,trade,Review existing operation,"Unselected, route evidence required",Customer interviews and delivered-cost comparison before a commercial launch.,Review existing operation,Disclosed operating location. Diagnose customer economics and cash before considering additional capital.,"Confirm product demand, accessible HS line, counterparties, delivered spread, cash conversion and legal clearance.",Threshold-only case,,"Product, sanctions, licensing and counterparty review required. No legal clearance asserted.",Country water-stress observation where available. Crop/basin/asset hazards unquantified. No fitted crop damage claim.,Country/category competitor shares and costs unavailable. Local diligence required.,,"Conditional research priority only, capital economics unvalidated","Country/category lead with Finance, Treasury, Supply Chain and Legal",Evidence before capital commitment,"Reconciled customer orders and delivered unit economics, seasonal NWC, plant/route constraints, basin hazards and applicable taxes",,
CHL,CL,152,Chile,Americas,Latin America and the Caribbean,Member state,0.016211492616258427,11,"Not verified, absence not inferred",,False,"Staple trade, product selection pending",Potential customer market,Buyer/supplier segment requires local validation,trade,Watch product/corridor opportunity,"Unselected, route evidence required",Customer interviews and delivered-cost comparison before a commercial launch.,Watch product/corridor opportunity,"Macro scale warrants a product screen, but no validated category demand, capture or Olam incremental cash supports asset entry yet.","Confirm product demand, accessible HS line, counterparties, delivered spread, cash conversion and legal clearance.",Threshold-only case,,"Product, sanctions, licensing and counterparty review required. No legal clearance asserted.",Country water-stress observation where available. Crop/basin/asset hazards unquantified. No fitted crop damage claim.,Country/category competitor shares and costs unavailable. Local diligence required.,,"Conditional research priority only, capital economics unvalidated","Country/category lead with Finance, Treasury, Supply Chain and Legal",Evidence before capital commitment,"Reconciled customer orders and delivered unit economics, seasonal NWC, plant/route constraints, basin hazards and applicable taxes",,
CHN,CN,156,China,Asia,Eastern Asia,Member state,-0.11552121411396021,11,Disclosed location in June-2026 factsheet,CO_FACT,False,"Staple trade, product selection pending",Potential customer market,Buyer/supplier segment requires local validation,trade,Review existing operation,"Unselected, route evidence required",Customer interviews and delivered-cost comparison before a commercial launch.,Review existing operation,Disclosed operating location. Diagnose customer economics and cash before considering additional capital.,"Confirm product demand, accessible HS line, counterparties, delivered spread, cash conversion and legal clearance.",Threshold-only case,,"Product, sanctions, licensing and counterparty review required. No legal clearance asserted.",Country water-stress observation where available. Crop/basin/asset hazards unquantified. No fitted crop damage claim.,Country/category competitor shares and costs unavailable. Local diligence required.,,"Conditional research priority only, capital economics unvalidated","Country/category lead with Finance, Treasury, Supply Chain and Legal",Evidence before capital commitment,"Reconciled customer orders and delivered unit economics, seasonal NWC, plant/route constraints, basin hazards and applicable taxes",,
COL,CO,170,Colombia,Americas,Latin America and the Caribbean,Member state,0.10098470738386478,11,"Not verified, absence not inferred",,False,"Staple trade, product selection pending",Potential customer market,Buyer/supplier segment requires local validation,trade,Watch product/corridor opportunity,"Unselected, route evidence required",Customer interviews and delivered-cost comparison before a commercial launch.,Watch product/corridor opportunity,"Macro scale warrants a product screen, but no validated category demand, capture or Olam incremental cash supports asset entry yet.","Confirm product demand, accessible HS line, counterparties, delivered spread, cash conversion and legal clearance.",Threshold-only case,,"Product, sanctions, licensing and counterparty review required. No legal clearance asserted.",Country water-stress observation where available. Crop/basin/asset hazards unquantified. No fitted crop damage claim.,Country/category competitor shares and costs unavailable. Local diligence required.,,"Conditional research priority only, capital economics unvalidated","Country/category lead with Finance, Treasury, Supply Chain and Legal",Evidence before capital commitment,"Reconciled customer orders and delivered unit economics, seasonal NWC, plant/route constraints, basin hazards and applicable taxes",,
COM,KM,174,Comoros,Africa,Sub-Saharan Africa,Member state,0.47349417692795415,11,"Not verified, absence not inferred",,False,"Staple trade, product selection pending",Potential customer market,Buyer/supplier segment requires local validation,trade,Watch regional trade,"Unselected, route evidence required",Customer interviews and delivered-cost comparison before a commercial launch.,Watch regional trade,Small domestic population suggests a route-based customer screen before standalone capacity. Population alone cannot exclude B2B demand.,"Confirm product demand, accessible HS line, counterparties, delivered spread, cash conversion and legal clearance.",Threshold-only case,,"Product, sanctions, licensing and counterparty review required. No legal clearance asserted.",Country water-stress observation where available. Crop/basin/asset hazards unquantified. No fitted crop damage claim.,Country/category competitor shares and costs unavailable. Local diligence required.,,"Conditional research priority only, capital economics unvalidated","Country/category lead with Finance, Treasury, Supply Chain and Legal",Evidence before capital commitment,"Reconciled customer orders and delivered unit economics, seasonal NWC, plant/route constraints, basin hazards and applicable taxes",,
COG,CG,178,Congo,Africa,Sub-Saharan Africa,Member state,0.6873774911359738,11,Disclosed location in June-2026 factsheet,CO_FACT,False,"Staple trade, product selection pending",Potential customer market,Buyer/supplier segment requires local validation,trade,Review existing operation,"Unselected, route evidence required",Customer interviews and delivered-cost comparison before a commercial launch.,Review existing operation,Disclosed operating location. Diagnose customer economics and cash before considering additional capital.,"Confirm product demand, accessible HS line, counterparties, delivered spread, cash conversion and legal clearance.",Threshold-only case,,"Product, sanctions, licensing and counterparty review required. No legal clearance asserted.",Country water-stress observation where available. Crop/basin/asset hazards unquantified. No fitted crop damage claim.,Country/category competitor shares and costs unavailable. Local diligence required.,,"Conditional research priority only, capital economics unvalidated","Country/category lead with Finance, Treasury, Supply Chain and Legal",Evidence before capital commitment,"Reconciled customer orders and delivered unit economics, seasonal NWC, plant/route constraints, basin hazards and applicable taxes",,
CRI,CR,188,Costa Rica,Americas,Latin America and the Caribbean,Member state,0.03271109218172952,11,"Not verified, absence not inferred",,False,"Staple trade, product selection pending",Potential customer market,Buyer/supplier segment requires local validation,trade,Watch product/corridor opportunity,"Unselected, route evidence required",Customer interviews and delivered-cost comparison before a commercial launch.,Watch product/corridor opportunity,"Macro scale warrants a product screen, but no validated category demand, capture or Olam incremental cash supports asset entry yet.","Confirm product demand, accessible HS line, counterparties, delivered spread, cash conversion and legal clearance.",Threshold-only case,,"Product, sanctions, licensing and counterparty review required. No legal clearance asserted.",Country water-stress observation where available. Crop/basin/asset hazards unquantified. No fitted crop damage claim.,Country/category competitor shares and costs unavailable. Local diligence required.,,"Conditional research priority only, capital economics unvalidated","Country/category lead with Finance, Treasury, Supply Chain and Legal",Evidence before capital commitment,"Reconciled customer orders and delivered unit economics, seasonal NWC, plant/route constraints, basin hazards and applicable taxes",,
HRV,HR,191,Croatia,Europe,Southern Europe,Member state,-0.16066472283375777,11,"Not verified, absence not inferred",,False,"Staple trade, product selection pending",Potential customer market,Buyer/supplier segment requires local validation,trade,Watch customer specialization,"Unselected, route evidence required",Customer interviews and delivered-cost comparison before a commercial launch.,Watch customer specialization,"UN medium projection shows population decline. Specific convenience, nutrition or industrial segments need measured purchases and unit economics.","Confirm product demand, accessible HS line, counterparties, delivered spread, cash conversion and legal clearance.",Threshold-only case,,"Product, sanctions, licensing and counterparty review required. No legal clearance asserted.",Country water-stress observation where available. Crop/basin/asset hazards unquantified. No fitted crop damage claim.,Country/category competitor shares and costs unavailable. Local diligence required.,,"Conditional research priority only, capital economics unvalidated","Country/category lead with Finance, Treasury, Supply Chain and Legal",Evidence before capital commitment,"Reconciled customer orders and delivered unit economics, seasonal NWC, plant/route constraints, basin hazards and applicable taxes",,
CUB,CU,192,Cuba,Americas,Latin America and the Caribbean,Member state,-0.14634737027937805,9,"Not verified, absence not inferred",,False,"Staple trade, product selection pending",Potential customer market,Buyer/supplier segment requires local validation,trade,Watch customer specialization,"Unselected, route evidence required",Customer interviews and delivered-cost comparison before a commercial launch.,Watch customer specialization,"UN medium projection shows population decline. Specific convenience, nutrition or industrial segments need measured purchases and unit economics.","Confirm product demand, accessible HS line, counterparties, delivered spread, cash conversion and legal clearance.",Threshold-only case,,"Product, sanctions, licensing and counterparty review required. No legal clearance asserted.",Country water-stress observation where available. Crop/basin/asset hazards unquantified. No fitted crop damage claim.,Country/category competitor shares and costs unavailable. Local diligence required.,,"Conditional research priority only, capital economics unvalidated","Country/category lead with Finance, Treasury, Supply Chain and Legal",Evidence before capital commitment,"Reconciled customer orders and delivered unit economics, seasonal NWC, plant/route constraints, basin hazards and applicable taxes",,
CYP,CY,196,Cyprus,Asia,Western Asia,Member state,0.09198355824279814,11,"Not verified, absence not inferred",,False,"Staple trade, product selection pending",Potential customer market,Buyer/supplier segment requires local validation,trade,Watch product/corridor opportunity,"Unselected, route evidence required",Customer interviews and delivered-cost comparison before a commercial launch.,Watch product/corridor opportunity,"Macro scale warrants a product screen, but no validated category demand, capture or Olam incremental cash supports asset entry yet.","Confirm product demand, accessible HS line, counterparties, delivered spread, cash conversion and legal clearance.",Threshold-only case,,"Product, sanctions, licensing and counterparty review required. No legal clearance asserted.",Country water-stress observation where available. Crop/basin/asset hazards unquantified. No fitted crop damage claim.,Country/category competitor shares and costs unavailable. Local diligence required.,,"Conditional research priority only, capital economics unvalidated","Country/category lead with Finance, Treasury, Supply Chain and Legal",Evidence before capital commitment,"Reconciled customer orders and delivered unit economics, seasonal NWC, plant/route constraints, basin hazards and applicable taxes",,
CZE,CZ,203,Czechia,Europe,Eastern Europe,Member state,-0.06957582039368027,11,"Not verified, absence not inferred",,False,"Staple trade, product selection pending",Potential customer market,Buyer/supplier segment requires local validation,trade,Watch customer specialization,"Unselected, route evidence required",Customer interviews and delivered-cost comparison before a commercial launch.,Watch customer specialization,"UN medium projection shows population decline. Specific convenience, nutrition or industrial segments need measured purchases and unit economics.","Confirm product demand, accessible HS line, counterparties, delivered spread, cash conversion and legal clearance.",Threshold-only case,,"Product, sanctions, licensing and counterparty review required. No legal clearance asserted.",Country water-stress observation where available. Crop/basin/asset hazards unquantified. No fitted crop damage claim.,Country/category competitor shares and costs unavailable. Local diligence required.,,"Conditional research priority only, capital economics unvalidated","Country/category lead with Finance, Treasury, Supply Chain and Legal",Evidence before capital commitment,"Reconciled customer orders and delivered unit economics, seasonal NWC, plant/route constraints, basin hazards and applicable taxes",,
CIV,CI,384,Côte d’Ivoire,Africa,Sub-Saharan Africa,Member state,0.6946012619562718,11,Disclosed location in June-2026 factsheet,CO_FACT,False,"Staple trade, product selection pending",Potential customer market,Buyer/supplier segment requires local validation,trade,Review existing operation,"Unselected, route evidence required",Customer interviews and delivered-cost comparison before a commercial launch.,Review existing operation,Disclosed operating location. Diagnose customer economics and cash before considering additional capital.,"Confirm product demand, accessible HS line, counterparties, delivered spread, cash conversion and legal clearance.",Threshold-only case,,"Product, sanctions, licensing and counterparty review required. No legal clearance asserted.",Country water-stress observation where available. Crop/basin/asset hazards unquantified. No fitted crop damage claim.,Country/category competitor shares and costs unavailable. Local diligence required.,,"Conditional research priority only, capital economics unvalidated","Country/category lead with Finance, Treasury, Supply Chain and Legal",Evidence before capital commitment,"Reconciled customer orders and delivered unit economics, seasonal NWC, plant/route constraints, basin hazards and applicable taxes",,
PRK,KP,408,Democratic People's Republic of Korea,Asia,Eastern Asia,Member state,-0.035379249537737745,7,"Not verified, absence not inferred",,False,"Staple trade, product selection pending",Potential customer market,Buyer/supplier segment requires local validation,trade,Watch product/corridor opportunity,"Unselected, route evidence required",Customer interviews and delivered-cost comparison before a commercial launch.,Watch product/corridor opportunity,"Macro scale warrants a product screen, but no validated category demand, capture or Olam incremental cash supports asset entry yet.","Confirm product demand, accessible HS line, counterparties, delivered spread, cash conversion and legal clearance.",Threshold-only case,,"Product, sanctions, licensing and counterparty review required. No legal clearance asserted.",Country water-stress observation where available. Crop/basin/asset hazards unquantified. No fitted crop damage claim.,Country/category competitor shares and costs unavailable. Local diligence required.,,"Conditional research priority only, capital economics unvalidated","Country/category lead with Finance, Treasury, Supply Chain and Legal",Evidence before capital commitment,"Reconciled customer orders and delivered unit economics, seasonal NWC, plant/route constraints, basin hazards and applicable taxes",,
COD,CD,180,Democratic Republic of the Congo,Africa,Sub-Saharan Africa,Member state,0.915189492145281,11,"Not verified, absence not inferred",,False,"Staple trade, product selection pending",Potential customer market,Buyer/supplier segment requires local validation,trade,Watch product/corridor opportunity,"Unselected, route evidence required",Customer interviews and delivered-cost comparison before a commercial launch.,Watch product/corridor opportunity,"Macro scale warrants a product screen, but no validated category demand, capture or Olam incremental cash supports asset entry yet.","Confirm product demand, accessible HS line, counterparties, delivered spread, cash conversion and legal clearance.",Threshold-only case,,"Product, sanctions, licensing and counterparty review required. No legal clearance asserted.",Country water-stress observation where available. Crop/basin/asset hazards unquantified. No fitted crop damage claim.,Country/category competitor shares and costs unavailable. Local diligence required.,,"Conditional research priority only, capital economics unvalidated","Country/category lead with Finance, Treasury, Supply Chain and Legal",Evidence before capital commitment,"Reconciled customer orders and delivered unit economics, seasonal NWC, plant/route constraints, basin hazards and applicable taxes",,
DNK,DK,208,Denmark,Europe,Northern Europe,Member state,0.01624482030440677,11,"Not verified, absence not inferred",,False,"Staple trade, product selection pending",Potential customer market,Buyer/supplier segment requires local validation,trade,Watch product/corridor opportunity,"Unselected, route evidence required",Customer interviews and delivered-cost comparison before a commercial launch.,Watch product/corridor opportunity,"Macro scale warrants a product screen, but no validated category demand, capture or Olam incremental cash supports asset entry yet.","Confirm product demand, accessible HS line, counterparties, delivered spread, cash conversion and legal clearance.",Threshold-only case,,"Product, sanctions, licensing and counterparty review required. No legal clearance asserted.",Country water-stress observation where available. Crop/basin/asset hazards unquantified. No fitted crop damage claim.,Country/category competitor shares and costs unavailable. Local diligence required.,,"Conditional research priority only, capital economics unvalidated","Country/category lead with Finance, Treasury, Supply Chain and Legal",Evidence before capital commitment,"Reconciled customer orders and delivered unit economics, seasonal NWC, plant/route constraints, basin hazards and applicable taxes",,
DJI,DJ,262,Djibouti,Africa,Sub-Saharan Africa,Member state,0.28447741856953845,11,"Not verified, absence not inferred",,False,"Staple trade, product selection pending",Potential customer market,Buyer/supplier segment requires local validation,trade,Watch product/corridor opportunity,"Unselected, route evidence required",Customer interviews and delivered-cost comparison before a commercial launch.,Watch product/corridor opportunity,"Macro scale warrants a product screen, but no validated category demand, capture or Olam incremental cash supports asset entry yet.","Confirm product demand, accessible HS line, counterparties, delivered spread, cash conversion and legal clearance.",Threshold-only case,,"Product, sanctions, licensing and counterparty review required. No legal clearance asserted.",Country water-stress observation where available. Crop/basin/asset hazards unquantified. No fitted crop damage claim.,Country/category competitor shares and costs unavailable. Local diligence required.,,"Conditional research priority only, capital economics unvalidated","Country/category lead with Finance, Treasury, Supply Chain and Legal",Evidence before capital commitment,"Reconciled customer orders and delivered unit economics, seasonal NWC, plant/route constraints, basin hazards and applicable taxes",,
DMA,DM,212,Dominica,Americas,Latin America and the Caribbean,Member state,-0.0373830349101677,11,"Not verified, absence not inferred",,False,"Staple trade, product selection pending",Potential customer market,Buyer/supplier segment requires local validation,trade,Watch regional trade,"Unselected, route evidence required",Customer interviews and delivered-cost comparison before a commercial launch.,Watch regional trade,Small domestic population suggests a route-based customer screen before standalone capacity. Population alone cannot exclude B2B demand.,"Confirm product demand, accessible HS line, counterparties, delivered spread, cash conversion and legal clearance.",Threshold-only case,,"Product, sanctions, licensing and counterparty review required. No legal clearance asserted.",Country water-stress observation where available. Crop/basin/asset hazards unquantified. No fitted crop damage claim.,Country/category competitor shares and costs unavailable. Local diligence required.,,"Conditional research priority only, capital economics unvalidated","Country/category lead with Finance, Treasury, Supply Chain and Legal",Evidence before capital commitment,"Reconciled customer orders and delivered unit economics, seasonal NWC, plant/route constraints, basin hazards and applicable taxes",,
DOM,DO,214,Dominican Republic,Americas,Latin America and the Caribbean,Member state,0.12193806796158313,11,"Not verified, absence not inferred",,False,"Staple trade, product selection pending",Potential customer market,Buyer/supplier segment requires local validation,trade,Watch product/corridor opportunity,"Unselected, route evidence required",Customer interviews and delivered-cost comparison before a commercial launch.,Watch product/corridor opportunity,"Macro scale warrants a product screen, but no validated category demand, capture or Olam incremental cash supports asset entry yet.","Confirm product demand, accessible HS line, counterparties, delivered spread, cash conversion and legal clearance.",Threshold-only case,,"Product, sanctions, licensing and counterparty review required. No legal clearance asserted.",Country water-stress observation where available. Crop/basin/asset hazards unquantified. No fitted crop damage claim.,Country/category competitor shares and costs unavailable. Local diligence required.,,"Conditional research priority only, capital economics unvalidated","Country/category lead with Finance, Treasury, Supply Chain and Legal",Evidence before capital commitment,"Reconciled customer orders and delivered unit economics, seasonal NWC, plant/route constraints, basin hazards and applicable taxes",,
ECU,EC,218,Ecuador,Americas,Latin America and the Caribbean,Member state,0.160149043839938,11,"Not verified, absence not inferred",,False,"Staple trade, product selection pending",Potential customer market,Buyer/supplier segment requires local validation,trade,Watch product/corridor opportunity,"Unselected, route evidence required",Customer interviews and delivered-cost comparison before a commercial launch.,Watch product/corridor opportunity,"Macro scale warrants a product screen, but no validated category demand, capture or Olam incremental cash supports asset entry yet.","Confirm product demand, accessible HS line, counterparties, delivered spread, cash conversion and legal clearance.",Threshold-only case,,"Product, sanctions, licensing and counterparty review required. No legal clearance asserted.",Country water-stress observation where available. Crop/basin/asset hazards unquantified. No fitted crop damage claim.,Country/category competitor shares and costs unavailable. Local diligence required.,,"Conditional research priority only, capital economics unvalidated","Country/category lead with Finance, Treasury, Supply Chain and Legal",Evidence before capital commitment,"Reconciled customer orders and delivered unit economics, seasonal NWC, plant/route constraints, basin hazards and applicable taxes",,
EGY,EG,818,Egypt,Africa,Northern Africa,Member state,0.35771809892784145,11,"Not verified, absence not inferred",,False,"Staple trade, product selection pending",Potential customer market,Buyer/supplier segment requires local validation,trade,Watch product/corridor opportunity,"Unselected, route evidence required",Customer interviews and delivered-cost comparison before a commercial launch.,Watch product/corridor opportunity,"Macro scale warrants a product screen, but no validated category demand, capture or Olam incremental cash supports asset entry yet.","Confirm product demand, accessible HS line, counterparties, delivered spread, cash conversion and legal clearance.",Threshold-only case,,"Product, sanctions, licensing and counterparty review required. No legal clearance asserted.",Country water-stress observation where available. Crop/basin/asset hazards unquantified. No fitted crop damage claim.,Country/category competitor shares and costs unavailable. Local diligence required.,,"Conditional research priority only, capital economics unvalidated","Country/category lead with Finance, Treasury, Supply Chain and Legal",Evidence before capital commitment,"Reconciled customer orders and delivered unit economics, seasonal NWC, plant/route constraints, basin hazards and applicable taxes",,
SLV,SV,222,El Salvador,Americas,Latin America and the Caribbean,Member state,0.04182763536351941,11,"Not verified, absence not inferred",,False,"Staple trade, product selection pending",Potential customer market,Buyer/supplier segment requires local validation,trade,Watch product/corridor opportunity,"Unselected, route evidence required",Customer interviews and delivered-cost comparison before a commercial launch.,Watch product/corridor opportunity,"Macro scale warrants a product screen, but no validated category demand, capture or Olam incremental cash supports asset entry yet.","Confirm product demand, accessible HS line, counterparties, delivered spread, cash conversion and legal clearance.",Threshold-only case,,"Product, sanctions, licensing and counterparty review required. No legal clearance asserted.",Country water-stress observation where available. Crop/basin/asset hazards unquantified. No fitted crop damage claim.,Country/category competitor shares and costs unavailable. Local diligence required.,,"Conditional research priority only, capital economics unvalidated","Country/category lead with Finance, Treasury, Supply Chain and Legal",Evidence before capital commitment,"Reconciled customer orders and delivered unit economics, seasonal NWC, plant/route constraints, basin hazards and applicable taxes",,
GNQ,GQ,226,Equatorial Guinea,Africa,Sub-Saharan Africa,Member state,0.6075527546929453,8,"Not verified, absence not inferred",,False,"Staple trade, product selection pending",Potential customer market,Buyer/supplier segment requires local validation,trade,Watch product/corridor opportunity,"Unselected, route evidence required",Customer interviews and delivered-cost comparison before a commercial launch.,Watch product/corridor opportunity,"Macro scale warrants a product screen, but no validated category demand, capture or Olam incremental cash supports asset entry yet.","Confirm product demand, accessible HS line, counterparties, delivered spread, cash conversion and legal clearance.",Threshold-only case,,"Product, sanctions, licensing and counterparty review required. No legal clearance asserted.",Country water-stress observation where available. Crop/basin/asset hazards unquantified. No fitted crop damage claim.,Country/category competitor shares and costs unavailable. Local diligence required.,,"Conditional research priority only, capital economics unvalidated","Country/category lead with Finance, Treasury, Supply Chain and Legal",Evidence before capital commitment,"Reconciled customer orders and delivered unit economics, seasonal NWC, plant/route constraints, basin hazards and applicable taxes",,
ERI,ER,232,Eritrea,Africa,Sub-Saharan Africa,Member state,0.5683568086081046,9,"Not verified, absence not inferred",,False,"Staple trade, product selection pending",Potential customer market,Buyer/supplier segment requires local validation,trade,Watch product/corridor opportunity,"Unselected, route evidence required",Customer interviews and delivered-cost comparison before a commercial launch.,Watch product/corridor opportunity,"Macro scale warrants a product screen, but no validated category demand, capture or Olam incremental cash supports asset entry yet.","Confirm product demand, accessible HS line, counterparties, delivered spread, cash conversion and legal clearance.",Threshold-only case,,"Product, sanctions, licensing and counterparty review required. No legal clearance asserted.",Country water-stress observation where available. Crop/basin/asset hazards unquantified. No fitted crop damage claim.,Country/category competitor shares and costs unavailable. Local diligence required.,,"Conditional research priority only, capital economics unvalidated","Country/category lead with Finance, Treasury, Supply Chain and Legal",Evidence before capital commitment,"Reconciled customer orders and delivered unit economics, seasonal NWC, plant/route constraints, basin hazards and applicable taxes",,
EST,EE,233,Estonia,Europe,Northern Europe,Member state,-0.12290411716358818,11,"Not verified, absence not inferred",,False,"Staple trade, product selection pending",Potential customer market,Buyer/supplier segment requires local validation,trade,Watch customer specialization,"Unselected, route evidence required",Customer interviews and delivered-cost comparison before a commercial launch.,Watch customer specialization,"UN medium projection shows population decline. Specific convenience, nutrition or industrial segments need measured purchases and unit economics.","Confirm product demand, accessible HS line, counterparties, delivered spread, cash conversion and legal clearance.",Threshold-only case,,"Product, sanctions, licensing and counterparty review required. No legal clearance asserted.",Country water-stress observation where available. Crop/basin/asset hazards unquantified. No fitted crop damage claim.,Country/category competitor shares and costs unavailable. Local diligence required.,,"Conditional research priority only, capital economics unvalidated","Country/category lead with Finance, Treasury, Supply Chain and Legal",Evidence before capital commitment,"Reconciled customer orders and delivered unit economics, seasonal NWC, plant/route constraints, basin hazards and applicable taxes",,
SWZ,SZ,748,Eswatini,Africa,Sub-Saharan Africa,Member state,0.18972421347566937,11,"Not verified, absence not inferred",,False,"Staple trade, product selection pending",Potential customer market,Buyer/supplier segment requires local validation,trade,Watch product/corridor opportunity,"Unselected, route evidence required",Customer interviews and delivered-cost comparison before a commercial launch.,Watch product/corridor opportunity,"Macro scale warrants a product screen, but no validated category demand, capture or Olam incremental cash supports asset entry yet.","Confirm product demand, accessible HS line, counterparties, delivered spread, cash conversion and legal clearance.",Threshold-only case,,"Product, sanctions, licensing and counterparty review required. No legal clearance asserted.",Country water-stress observation where available. Crop/basin/asset hazards unquantified. No fitted crop damage claim.,Country/category competitor shares and costs unavailable. Local diligence required.,,"Conditional research priority only, capital economics unvalidated","Country/category lead with Finance, Treasury, Supply Chain and Legal",Evidence before capital commitment,"Reconciled customer orders and delivered unit economics, seasonal NWC, plant/route constraints, basin hazards and applicable taxes",,
ETH,ET,231,Ethiopia,Africa,Sub-Saharan Africa,Member state,0.6463902349700259,11,"Not verified, absence not inferred",,False,"Staple trade, product selection pending",Potential customer market,Buyer/supplier segment requires local validation,trade,Watch product/corridor opportunity,"Unselected, route evidence required",Customer interviews and delivered-cost comparison before a commercial launch.,Watch product/corridor opportunity,"Macro scale warrants a product screen, but no validated category demand, capture or Olam incremental cash supports asset entry yet.","Confirm product demand, accessible HS line, counterparties, delivered spread, cash conversion and legal clearance.",Threshold-only case,,"Product, sanctions, licensing and counterparty review required. No legal clearance asserted.",Country water-stress observation where available. Crop/basin/asset hazards unquantified. No fitted crop damage claim.,Country/category competitor shares and costs unavailable. Local diligence required.,,"Conditional research priority only, capital economics unvalidated","Country/category lead with Finance, Treasury, Supply Chain and Legal",Evidence before capital commitment,"Reconciled customer orders and delivered unit economics, seasonal NWC, plant/route constraints, basin hazards and applicable taxes",,
FJI,FJ,242,Fiji,Oceania,Melanesia,Member state,0.0678163028842973,11,"Not verified, absence not inferred",,False,"Staple trade, product selection pending",Potential customer market,Buyer/supplier segment requires local validation,trade,Watch regional trade,"Unselected, route evidence required",Customer interviews and delivered-cost comparison before a commercial launch.,Watch regional trade,Small domestic population suggests a route-based customer screen before standalone capacity. Population alone cannot exclude B2B demand.,"Confirm product demand, accessible HS line, counterparties, delivered spread, cash conversion and legal clearance.",Threshold-only case,,"Product, sanctions, licensing and counterparty review required. No legal clearance asserted.",Country water-stress observation where available. Crop/basin/asset hazards unquantified. No fitted crop damage claim.,Country/category competitor shares and costs unavailable. Local diligence required.,,"Conditional research priority only, capital economics unvalidated","Country/category lead with Finance, Treasury, Supply Chain and Legal",Evidence before capital commitment,"Reconciled customer orders and delivered unit economics, seasonal NWC, plant/route constraints, basin hazards and applicable taxes",,
FIN,FI,246,Finland,Europe,Northern Europe,Member state,-0.050633620664353174,11,"Not verified, absence not inferred",,False,"Staple trade, product selection pending",Potential customer market,Buyer/supplier segment requires local validation,trade,Watch customer specialization,"Unselected, route evidence required",Customer interviews and delivered-cost comparison before a commercial launch.,Watch customer specialization,"UN medium projection shows population decline. Specific convenience, nutrition or industrial segments need measured purchases and unit economics.","Confirm product demand, accessible HS line, counterparties, delivered spread, cash conversion and legal clearance.",Threshold-only case,,"Product, sanctions, licensing and counterparty review required. No legal clearance asserted.",Country water-stress observation where available. Crop/basin/asset hazards unquantified. No fitted crop damage claim.,Country/category competitor shares and costs unavailable. Local diligence required.,,"Conditional research priority only, capital economics unvalidated","Country/category lead with Finance, Treasury, Supply Chain and Legal",Evidence before capital commitment,"Reconciled customer orders and delivered unit economics, seasonal NWC, plant/route constraints, basin hazards and applicable taxes",,
FRA,FR,250,France,Europe,Western Europe,Member state,0.021781743707799395,11,Disclosed location in June-2026 factsheet,CO_FACT,False,"Staple trade, product selection pending",Potential customer market,Buyer/supplier segment requires local validation,trade,Review existing operation,"Unselected, route evidence required",Customer interviews and delivered-cost comparison before a commercial launch.,Review existing operation,Disclosed operating location. Diagnose customer economics and cash before considering additional capital.,"Confirm product demand, accessible HS line, counterparties, delivered spread, cash conversion and legal clearance.",Threshold-only case,,"Product, sanctions, licensing and counterparty review required. No legal clearance asserted.",Country water-stress observation where available. Crop/basin/asset hazards unquantified. No fitted crop damage claim.,Country/category competitor shares and costs unavailable. Local diligence required.,,"Conditional research priority only, capital economics unvalidated","Country/category lead with Finance, Treasury, Supply Chain and Legal",Evidence before capital commitment,"Reconciled customer orders and delivered unit economics, seasonal NWC, plant/route constraints, basin hazards and applicable taxes",,
GAB,GA,266,Gabon,Africa,Sub-Saharan Africa,Member state,0.5666799753267264,11,"Not verified, absence not inferred",,False,"Staple trade, product selection pending",Potential customer market,Buyer/supplier segment requires local validation,trade,Watch product/corridor opportunity,"Unselected, route evidence required",Customer interviews and delivered-cost comparison before a commercial launch.,Watch product/corridor opportunity,"Macro scale warrants a product screen, but no validated category demand, capture or Olam incremental cash supports asset entry yet.","Confirm product demand, accessible HS line, counterparties, delivered spread, cash conversion and legal clearance.",Threshold-only case,,"Product, sanctions, licensing and counterparty review required. No legal clearance asserted.",Country water-stress observation where available. Crop/basin/asset hazards unquantified. No fitted crop damage claim.,Country/category competitor shares and costs unavailable. Local diligence required.,,"Conditional research priority only, capital economics unvalidated","Country/category lead with Finance, Treasury, Supply Chain and Legal",Evidence before capital commitment,"Reconciled customer orders and delivered unit economics, seasonal NWC, plant/route constraints, basin hazards and applicable taxes",,
GMB,GM,270,Gambia,Africa,Sub-Saharan Africa,Member state,0.510143099408858,11,"Not verified, absence not inferred",,False,"Staple trade, product selection pending",Potential customer market,Buyer/supplier segment requires local validation,trade,Watch product/corridor opportunity,"Unselected, route evidence required",Customer interviews and delivered-cost comparison before a commercial launch.,Watch product/corridor opportunity,"Macro scale warrants a product screen, but no validated category demand, capture or Olam incremental cash supports asset entry yet.","Confirm product demand, accessible HS line, counterparties, delivered spread, cash conversion and legal clearance.",Threshold-only case,,"Product, sanctions, licensing and counterparty review required. No legal clearance asserted.",Country water-stress observation where available. Crop/basin/asset hazards unquantified. No fitted crop damage claim.,Country/category competitor shares and costs unavailable. Local diligence required.,,"Conditional research priority only, capital economics unvalidated","Country/category lead with Finance, Treasury, Supply Chain and Legal",Evidence before capital commitment,"Reconciled customer orders and delivered unit economics, seasonal NWC, plant/route constraints, basin hazards and applicable taxes",,
GEO,GE,268,Georgia,Asia,Western Asia,Member state,-0.03935219134940948,11,"Not verified, absence not inferred",,False,"Staple trade, product selection pending",Potential customer market,Buyer/supplier segment requires local validation,trade,Watch product/corridor opportunity,"Unselected, route evidence required",Customer interviews and delivered-cost comparison before a commercial launch.,Watch product/corridor opportunity,"Macro scale warrants a product screen, but no validated category demand, capture or Olam incremental cash supports asset entry yet.","Confirm product demand, accessible HS line, counterparties, delivered spread, cash conversion and legal clearance.",Threshold-only case,,"Product, sanctions, licensing and counterparty review required. No legal clearance asserted.",Country water-stress observation where available. Crop/basin/asset hazards unquantified. No fitted crop damage claim.,Country/category competitor shares and costs unavailable. Local diligence required.,,"Conditional research priority only, capital economics unvalidated","Country/category lead with Finance, Treasury, Supply Chain and Legal",Evidence before capital commitment,"Reconciled customer orders and delivered unit economics, seasonal NWC, plant/route constraints, basin hazards and applicable taxes",,
DEU,DE,276,Germany,Europe,Western Europe,Member state,-0.06690022882383628,11,"Not verified, absence not inferred",,False,"Staple trade, product selection pending",Potential customer market,Buyer/supplier segment requires local validation,trade,Watch customer specialization,"Unselected, route evidence required",Customer interviews and delivered-cost comparison before a commercial launch.,Watch customer specialization,"UN medium projection shows population decline. Specific convenience, nutrition or industrial segments need measured purchases and unit economics.","Confirm product demand, accessible HS line, counterparties, delivered spread, cash conversion and legal clearance.",Threshold-only case,,"Product, sanctions, licensing and counterparty review required. No legal clearance asserted.",Country water-stress observation where available. Crop/basin/asset hazards unquantified. No fitted crop damage claim.,Country/category competitor shares and costs unavailable. Local diligence required.,,"Conditional research priority only, capital economics unvalidated","Country/category lead with Finance, Treasury, Supply Chain and Legal",Evidence before capital commitment,"Reconciled customer orders and delivered unit economics, seasonal NWC, plant/route constraints, basin hazards and applicable taxes",,
GHA,GH,288,Ghana,Africa,Sub-Saharan Africa,Member state,0.4318203903981441,11,Disclosed location in June-2026 factsheet,CO_FACT,True,Flour and pasta,Customer and processing market,Bakers and food distributors,partner,Technical-service and demand pilot,Wheat imports to Ghana milling and customers,Test usable output per flour bag and repeat after introductory support ends.,Diligence priority,Existing milling and pasta capability offers a specific customer-performance test.,"Verify utilization, gross-to-net margin and pasta adoption against substitute meals.",Threshold-only case,,"Product, sanctions, licensing and counterparty review required. No legal clearance asserted.",Country water-stress observation where available. Crop/basin/asset hazards unquantified. No fitted crop damage claim.,Country/category competitor shares and costs unavailable. Local diligence required.,,"Conditional research priority only, capital economics unvalidated","Country/category lead with Finance, Treasury, Supply Chain and Legal",Evidence before capital commitment,"Reconciled customer orders and delivered unit economics, seasonal NWC, plant/route constraints, basin hazards and applicable taxes",,
GRC,GR,300,Greece,Europe,Southern Europe,Member state,-0.11509151909420068,11,"Not verified, absence not inferred",,False,"Staple trade, product selection pending",Potential customer market,Buyer/supplier segment requires local validation,trade,Watch customer specialization,"Unselected, route evidence required",Customer interviews and delivered-cost comparison before a commercial launch.,Watch customer specialization,"UN medium projection shows population decline. Specific convenience, nutrition or industrial segments need measured purchases and unit economics.","Confirm product demand, accessible HS line, counterparties, delivered spread, cash conversion and legal clearance.",Threshold-only case,,"Product, sanctions, licensing and counterparty review required. No legal clearance asserted.",Country water-stress observation where available. Crop/basin/asset hazards unquantified. No fitted crop damage claim.,Country/category competitor shares and costs unavailable. Local diligence required.,,"Conditional research priority only, capital economics unvalidated","Country/category lead with Finance, Treasury, Supply Chain and Legal",Evidence before capital commitment,"Reconciled customer orders and delivered unit economics, seasonal NWC, plant/route constraints, basin hazards and applicable taxes",,
GRD,GD,308,Grenada,Americas,Latin America and the Caribbean,Member state,-0.03886266423544249,11,"Not verified, absence not inferred",,False,"Staple trade, product selection pending",Potential customer market,Buyer/supplier segment requires local validation,trade,Watch regional trade,"Unselected, route evidence required",Customer interviews and delivered-cost comparison before a commercial launch.,Watch regional trade,Small domestic population suggests a route-based customer screen before standalone capacity. Population alone cannot exclude B2B demand.,"Confirm product demand, accessible HS line, counterparties, delivered spread, cash conversion and legal clearance.",Threshold-only case,,"Product, sanctions, licensing and counterparty review required. No legal clearance asserted.",Country water-stress observation where available. Crop/basin/asset hazards unquantified. No fitted crop damage claim.,Country/category competitor shares and costs unavailable. Local diligence required.,,"Conditional research priority only, capital economics unvalidated","Country/category lead with Finance, Treasury, Supply Chain and Legal",Evidence before capital commitment,"Reconciled customer orders and delivered unit economics, seasonal NWC, plant/route constraints, basin hazards and applicable taxes",,
GTM,GT,320,Guatemala,Americas,Latin America and the Caribbean,Member state,0.3098566963753333,11,"Not verified, absence not inferred",,False,"Staple trade, product selection pending",Potential customer market,Buyer/supplier segment requires local validation,trade,Watch product/corridor opportunity,"Unselected, route evidence required",Customer interviews and delivered-cost comparison before a commercial launch.,Watch product/corridor opportunity,"Macro scale warrants a product screen, but no validated category demand, capture or Olam incremental cash supports asset entry yet.","Confirm product demand, accessible HS line, counterparties, delivered spread, cash conversion and legal clearance.",Threshold-only case,,"Product, sanctions, licensing and counterparty review required. No legal clearance asserted.",Country water-stress observation where available. Crop/basin/asset hazards unquantified. No fitted crop damage claim.,Country/category competitor shares and costs unavailable. Local diligence required.,,"Conditional research priority only, capital economics unvalidated","Country/category lead with Finance, Treasury, Supply Chain and Legal",Evidence before capital commitment,"Reconciled customer orders and delivered unit economics, seasonal NWC, plant/route constraints, basin hazards and applicable taxes",,
GIN,GN,324,Guinea,Africa,Sub-Saharan Africa,Member state,0.5358075217363458,11,"Not verified, absence not inferred",,False,"Staple trade, product selection pending",Potential customer market,Buyer/supplier segment requires local validation,trade,Watch product/corridor opportunity,"Unselected, route evidence required",Customer interviews and delivered-cost comparison before a commercial launch.,Watch product/corridor opportunity,"Macro scale warrants a product screen, but no validated category demand, capture or Olam incremental cash supports asset entry yet.","Confirm product demand, accessible HS line, counterparties, delivered spread, cash conversion and legal clearance.",Threshold-only case,,"Product, sanctions, licensing and counterparty review required. No legal clearance asserted.",Country water-stress observation where available. Crop/basin/asset hazards unquantified. No fitted crop damage claim.,Country/category competitor shares and costs unavailable. Local diligence required.,,"Conditional research priority only, capital economics unvalidated","Country/category lead with Finance, Treasury, Supply Chain and Legal",Evidence before capital commitment,"Reconciled customer orders and delivered unit economics, seasonal NWC, plant/route constraints, basin hazards and applicable taxes",,
GNB,GW,624,Guinea-Bissau,Africa,Sub-Saharan Africa,Member state,0.5159504188339497,11,"Not verified, absence not inferred",,False,"Staple trade, product selection pending",Potential customer market,Buyer/supplier segment requires local validation,trade,Watch product/corridor opportunity,"Unselected, route evidence required",Customer interviews and delivered-cost comparison before a commercial launch.,Watch product/corridor opportunity,"Macro scale warrants a product screen, but no validated category demand, capture or Olam incremental cash supports asset entry yet.","Confirm product demand, accessible HS line, counterparties, delivered spread, cash conversion and legal clearance.",Threshold-only case,,"Product, sanctions, licensing and counterparty review required. No legal clearance asserted.",Country water-stress observation where available. Crop/basin/asset hazards unquantified. No fitted crop damage claim.,Country/category competitor shares and costs unavailable. Local diligence required.,,"Conditional research priority only, capital economics unvalidated","Country/category lead with Finance, Treasury, Supply Chain and Legal",Evidence before capital commitment,"Reconciled customer orders and delivered unit economics, seasonal NWC, plant/route constraints, basin hazards and applicable taxes",,
GUY,GY,328,Guyana,Americas,Latin America and the Caribbean,Member state,0.12112761478909251,11,"Not verified, absence not inferred",,False,"Staple trade, product selection pending",Potential customer market,Buyer/supplier segment requires local validation,trade,Watch regional trade,"Unselected, route evidence required",Customer interviews and delivered-cost comparison before a commercial launch.,Watch regional trade,Small domestic population suggests a route-based customer screen before standalone capacity. Population alone cannot exclude B2B demand.,"Confirm product demand, accessible HS line, counterparties, delivered spread, cash conversion and legal clearance.",Threshold-only case,,"Product, sanctions, licensing and counterparty review required. No legal clearance asserted.",Country water-stress observation where available. Crop/basin/asset hazards unquantified. No fitted crop damage claim.,Country/category competitor shares and costs unavailable. Local diligence required.,,"Conditional research priority only, capital economics unvalidated","Country/category lead with Finance, Treasury, Supply Chain and Legal",Evidence before capital commitment,"Reconciled customer orders and delivered unit economics, seasonal NWC, plant/route constraints, basin hazards and applicable taxes",,
HTI,HT,332,Haiti,Americas,Latin America and the Caribbean,Member state,0.229016209836157,11,"Not verified, absence not inferred",,False,"Staple trade, product selection pending",Potential customer market,Buyer/supplier segment requires local validation,trade,Watch product/corridor opportunity,"Unselected, route evidence required",Customer interviews and delivered-cost comparison before a commercial launch.,Watch product/corridor opportunity,"Macro scale warrants a product screen, but no validated category demand, capture or Olam incremental cash supports asset entry yet.","Confirm product demand, accessible HS line, counterparties, delivered spread, cash conversion and legal clearance.",Threshold-only case,,"Product, sanctions, licensing and counterparty review required. No legal clearance asserted.",Country water-stress observation where available. Crop/basin/asset hazards unquantified. No fitted crop damage claim.,Country/category competitor shares and costs unavailable. Local diligence required.,,"Conditional research priority only, capital economics unvalidated","Country/category lead with Finance, Treasury, Supply Chain and Legal",Evidence before capital commitment,"Reconciled customer orders and delivered unit economics, seasonal NWC, plant/route constraints, basin hazards and applicable taxes",,
VAT,VA,336,Holy See,Europe,Southern Europe,Observer state,0.4347826086956521,0,"Not verified, absence not inferred",,False,"Staple trade, product selection pending",Very small consumption market,Buyer/supplier segment requires local validation,trade,No standalone asset proposal,"Unselected, route evidence required",Customer interviews and delivered-cost comparison before a commercial launch.,No standalone asset proposal,No material standalone product opportunity identified. Assess eligible institutional customers only within a regional trade route.,"Confirm product demand, accessible HS line, counterparties, delivered spread, cash conversion and legal clearance.",Threshold-only case,,"Product, sanctions, licensing and counterparty review required. No legal clearance asserted.",Country water-stress observation where available. Crop/basin/asset hazards unquantified. No fitted crop damage claim.,Country/category competitor shares and costs unavailable. Local diligence required.,,"Conditional research priority only, capital economics unvalidated","Country/category lead with Finance, Treasury, Supply Chain and Legal",Evidence before capital commitment,"Reconciled customer orders and delivered unit economics, seasonal NWC, plant/route constraints, basin hazards and applicable taxes",,
HND,HN,340,Honduras,Americas,Latin America and the Caribbean,Member state,0.33827082565920064,11,"Not verified, absence not inferred",,False,"Staple trade, product selection pending",Potential customer market,Buyer/supplier segment requires local validation,trade,Watch product/corridor opportunity,"Unselected, route evidence required",Customer interviews and delivered-cost comparison before a commercial launch.,Watch product/corridor opportunity,"Macro scale warrants a product screen, but no validated category demand, capture or Olam incremental cash supports asset entry yet.","Confirm product demand, accessible HS line, counterparties, delivered spread, cash conversion and legal clearance.",Threshold-only case,,"Product, sanctions, licensing and counterparty review required. No legal clearance asserted.",Country water-stress observation where available. Crop/basin/asset hazards unquantified. No fitted crop damage claim.,Country/category competitor shares and costs unavailable. Local diligence required.,,"Conditional research priority only, capital economics unvalidated","Country/category lead with Finance, Treasury, Supply Chain and Legal",Evidence before capital commitment,"Reconciled customer orders and delivered unit economics, seasonal NWC, plant/route constraints, basin hazards and applicable taxes",,
HUN,HU,348,Hungary,Europe,Eastern Europe,Member state,-0.09303796504377615,11,"Not verified, absence not inferred",,False,"Staple trade, product selection pending",Potential customer market,Buyer/supplier segment requires local validation,trade,Watch customer specialization,"Unselected, route evidence required",Customer interviews and delivered-cost comparison before a commercial launch.,Watch customer specialization,"UN medium projection shows population decline. Specific convenience, nutrition or industrial segments need measured purchases and unit economics.","Confirm product demand, accessible HS line, counterparties, delivered spread, cash conversion and legal clearance.",Threshold-only case,,"Product, sanctions, licensing and counterparty review required. No legal clearance asserted.",Country water-stress observation where available. Crop/basin/asset hazards unquantified. No fitted crop damage claim.,Country/category competitor shares and costs unavailable. Local diligence required.,,"Conditional research priority only, capital economics unvalidated","Country/category lead with Finance, Treasury, Supply Chain and Legal",Evidence before capital commitment,"Reconciled customer orders and delivered unit economics, seasonal NWC, plant/route constraints, basin hazards and applicable taxes",,
ISL,IS,352,Iceland,Europe,Northern Europe,Member state,0.07618640465887361,11,"Not verified, absence not inferred",,False,"Staple trade, product selection pending",Potential customer market,Buyer/supplier segment requires local validation,trade,Watch regional trade,"Unselected, route evidence required",Customer interviews and delivered-cost comparison before a commercial launch.,Watch regional trade,Small domestic population suggests a route-based customer screen before standalone capacity. Population alone cannot exclude B2B demand.,"Confirm product demand, accessible HS line, counterparties, delivered spread, cash conversion and legal clearance.",Threshold-only case,,"Product, sanctions, licensing and counterparty review required. No legal clearance asserted.",Country water-stress observation where available. Crop/basin/asset hazards unquantified. No fitted crop damage claim.,Country/category competitor shares and costs unavailable. Local diligence required.,,"Conditional research priority only, capital economics unvalidated","Country/category lead with Finance, Treasury, Supply Chain and Legal",Evidence before capital commitment,"Reconciled customer orders and delivered unit economics, seasonal NWC, plant/route constraints, basin hazards and applicable taxes",,
IND,IN,356,India,Asia,Southern Asia,Member state,0.1399104237105535,11,Disclosed location in June-2026 factsheet,CO_FACT,True,Rice sourcing,Sourcing origin,Export suppliers and destination buyers,trade,Supplier and offtake pilot,India rice to African destinations,"Test traceability, supplier continuity and delivered quality through a contracted lot.",Diligence priority,"Annual report identifies India-to-Africa rice financing. This supports corridor diligence, not assumed profit.","Check product-specific export rules, supplier rights, landed spread and destination credit.",Threshold-only case,,"Product, sanctions, licensing and counterparty review required. No legal clearance asserted.",Country water-stress observation where available. Crop/basin/asset hazards unquantified. No fitted crop damage claim.,Country/category competitor shares and costs unavailable. Local diligence required.,,"Conditional research priority only, capital economics unvalidated","Country/category lead with Finance, Treasury, Supply Chain and Legal",Evidence before capital commitment,"Reconciled customer orders and delivered unit economics, seasonal NWC, plant/route constraints, basin hazards and applicable taxes",,
IDN,ID,360,Indonesia,Asia,South-eastern Asia,Member state,0.1156299319084404,11,Disclosed location in June-2026 factsheet,CO_FACT,False,"Staple trade, product selection pending",Potential customer market,Buyer/supplier segment requires local validation,trade,Review existing operation,"Unselected, route evidence required",Customer interviews and delivered-cost comparison before a commercial launch.,Review existing operation,Disclosed operating location. Diagnose customer economics and cash before considering additional capital.,"Confirm product demand, accessible HS line, counterparties, delivered spread, cash conversion and legal clearance.",Threshold-only case,,"Product, sanctions, licensing and counterparty review required. No legal clearance asserted.",Country water-stress observation where available. Crop/basin/asset hazards unquantified. No fitted crop damage claim.,Country/category competitor shares and costs unavailable. Local diligence required.,,"Conditional research priority only, capital economics unvalidated","Country/category lead with Finance, Treasury, Supply Chain and Legal",Evidence before capital commitment,"Reconciled customer orders and delivered unit economics, seasonal NWC, plant/route constraints, basin hazards and applicable taxes",,
IRN,IR,364,Iran (Islamic Republic of),Asia,Southern Asia,Member state,0.09417158462908337,11,"Not verified, absence not inferred",,False,"Staple trade, product selection pending",Potential customer market,Buyer/supplier segment requires local validation,trade,Watch product/corridor opportunity,"Unselected, route evidence required",Customer interviews and delivered-cost comparison before a commercial launch.,Watch product/corridor opportunity,"Macro scale warrants a product screen, but no validated category demand, capture or Olam incremental cash supports asset entry yet.","Confirm product demand, accessible HS line, counterparties, delivered spread, cash conversion and legal clearance.",Threshold-only case,,"Product, sanctions, licensing and counterparty review required. No legal clearance asserted.",Country water-stress observation where available. Crop/basin/asset hazards unquantified. No fitted crop damage claim.,Country/category competitor shares and costs unavailable. Local diligence required.,,"Conditional research priority only, capital economics unvalidated","Country/category lead with Finance, Treasury, Supply Chain and Legal",Evidence before capital commitment,"Reconciled customer orders and delivered unit economics, seasonal NWC, plant/route constraints, basin hazards and applicable taxes",,
IRQ,IQ,368,Iraq,Asia,Western Asia,Member state,0.5172110729427193,11,"Not verified, absence not inferred",,False,"Staple trade, product selection pending",Potential customer market,Buyer/supplier segment requires local validation,trade,Watch product/corridor opportunity,"Unselected, route evidence required",Customer interviews and delivered-cost comparison before a commercial launch.,Watch product/corridor opportunity,"Macro scale warrants a product screen, but no validated category demand, capture or Olam incremental cash supports asset entry yet.","Confirm product demand, accessible HS line, counterparties, delivered spread, cash conversion and legal clearance.",Threshold-only case,,"Product, sanctions, licensing and counterparty review required. No legal clearance asserted.",Country water-stress observation where available. Crop/basin/asset hazards unquantified. No fitted crop damage claim.,Country/category competitor shares and costs unavailable. Local diligence required.,,"Conditional research priority only, capital economics unvalidated","Country/category lead with Finance, Treasury, Supply Chain and Legal",Evidence before capital commitment,"Reconciled customer orders and delivered unit economics, seasonal NWC, plant/route constraints, basin hazards and applicable taxes",,
IRL,IE,372,Ireland,Europe,Northern Europe,Member state,0.11515638562988273,11,"Not verified, absence not inferred",,False,"Staple trade, product selection pending",Potential customer market,Buyer/supplier segment requires local validation,trade,Watch product/corridor opportunity,"Unselected, route evidence required",Customer interviews and delivered-cost comparison before a commercial launch.,Watch product/corridor opportunity,"Macro scale warrants a product screen, but no validated category demand, capture or Olam incremental cash supports asset entry yet.","Confirm product demand, accessible HS line, counterparties, delivered spread, cash conversion and legal clearance.",Threshold-only case,,"Product, sanctions, licensing and counterparty review required. No legal clearance asserted.",Country water-stress observation where available. Crop/basin/asset hazards unquantified. No fitted crop damage claim.,Country/category competitor shares and costs unavailable. Local diligence required.,,"Conditional research priority only, capital economics unvalidated","Country/category lead with Finance, Treasury, Supply Chain and Legal",Evidence before capital commitment,"Reconciled customer orders and delivered unit economics, seasonal NWC, plant/route constraints, basin hazards and applicable taxes",,
ISR,IL,376,Israel,Asia,Western Asia,Member state,0.3728070007231783,11,"Not verified, absence not inferred",,False,"Staple trade, product selection pending",Potential customer market,Buyer/supplier segment requires local validation,trade,Watch product/corridor opportunity,"Unselected, route evidence required",Customer interviews and delivered-cost comparison before a commercial launch.,Watch product/corridor opportunity,"Macro scale warrants a product screen, but no validated category demand, capture or Olam incremental cash supports asset entry yet.","Confirm product demand, accessible HS line, counterparties, delivered spread, cash conversion and legal clearance.",Threshold-only case,,"Product, sanctions, licensing and counterparty review required. No legal clearance asserted.",Country water-stress observation where available. Crop/basin/asset hazards unquantified. No fitted crop damage claim.,Country/category competitor shares and costs unavailable. Local diligence required.,,"Conditional research priority only, capital economics unvalidated","Country/category lead with Finance, Treasury, Supply Chain and Legal",Evidence before capital commitment,"Reconciled customer orders and delivered unit economics, seasonal NWC, plant/route constraints, basin hazards and applicable taxes",,
ITA,IT,380,Italy,Europe,Southern Europe,Member state,-0.12603326338930654,11,"Not verified, absence not inferred",,False,"Staple trade, product selection pending",Potential customer market,Buyer/supplier segment requires local validation,trade,Watch customer specialization,"Unselected, route evidence required",Customer interviews and delivered-cost comparison before a commercial launch.,Watch customer specialization,"UN medium projection shows population decline. Specific convenience, nutrition or industrial segments need measured purchases and unit economics.","Confirm product demand, accessible HS line, counterparties, delivered spread, cash conversion and legal clearance.",Threshold-only case,,"Product, sanctions, licensing and counterparty review required. No legal clearance asserted.",Country water-stress observation where available. Crop/basin/asset hazards unquantified. No fitted crop damage claim.,Country/category competitor shares and costs unavailable. Local diligence required.,,"Conditional research priority only, capital economics unvalidated","Country/category lead with Finance, Treasury, Supply Chain and Legal",Evidence before capital commitment,"Reconciled customer orders and delivered unit economics, seasonal NWC, plant/route constraints, basin hazards and applicable taxes",,
JAM,JM,388,Jamaica,Americas,Latin America and the Caribbean,Member state,-0.14240261621802475,11,"Not verified, absence not inferred",,False,"Staple trade, product selection pending",Potential customer market,Buyer/supplier segment requires local validation,trade,Watch customer specialization,"Unselected, route evidence required",Customer interviews and delivered-cost comparison before a commercial launch.,Watch customer specialization,"UN medium projection shows population decline. Specific convenience, nutrition or industrial segments need measured purchases and unit economics.","Confirm product demand, accessible HS line, counterparties, delivered spread, cash conversion and legal clearance.",Threshold-only case,,"Product, sanctions, licensing and counterparty review required. No legal clearance asserted.",Country water-stress observation where available. Crop/basin/asset hazards unquantified. No fitted crop damage claim.,Country/category competitor shares and costs unavailable. Local diligence required.,,"Conditional research priority only, capital economics unvalidated","Country/category lead with Finance, Treasury, Supply Chain and Legal",Evidence before capital commitment,"Reconciled customer orders and delivered unit economics, seasonal NWC, plant/route constraints, basin hazards and applicable taxes",,
JPN,JP,392,Japan,Asia,Eastern Asia,Member state,-0.1468235411468991,11,"Not verified, absence not inferred",,False,"Staple trade, product selection pending",Potential customer market,Buyer/supplier segment requires local validation,trade,Watch customer specialization,"Unselected, route evidence required",Customer interviews and delivered-cost comparison before a commercial launch.,Watch customer specialization,"UN medium projection shows population decline. Specific convenience, nutrition or industrial segments need measured purchases and unit economics.","Confirm product demand, accessible HS line, counterparties, delivered spread, cash conversion and legal clearance.",Threshold-only case,,"Product, sanctions, licensing and counterparty review required. No legal clearance asserted.",Country water-stress observation where available. Crop/basin/asset hazards unquantified. No fitted crop damage claim.,Country/category competitor shares and costs unavailable. Local diligence required.,,"Conditional research priority only, capital economics unvalidated","Country/category lead with Finance, Treasury, Supply Chain and Legal",Evidence before capital commitment,"Reconciled customer orders and delivered unit economics, seasonal NWC, plant/route constraints, basin hazards and applicable taxes",,
JOR,JO,400,Jordan,Asia,Western Asia,Member state,0.42587008690256023,11,"Not verified, absence not inferred",,False,"Staple trade, product selection pending",Potential customer market,Buyer/supplier segment requires local validation,trade,Watch product/corridor opportunity,"Unselected, route evidence required",Customer interviews and delivered-cost comparison before a commercial launch.,Watch product/corridor opportunity,"Macro scale warrants a product screen, but no validated category demand, capture or Olam incremental cash supports asset entry yet.","Confirm product demand, accessible HS line, counterparties, delivered spread, cash conversion and legal clearance.",Threshold-only case,,"Product, sanctions, licensing and counterparty review required. No legal clearance asserted.",Country water-stress observation where available. Crop/basin/asset hazards unquantified. No fitted crop damage claim.,Country/category competitor shares and costs unavailable. Local diligence required.,,"Conditional research priority only, capital economics unvalidated","Country/category lead with Finance, Treasury, Supply Chain and Legal",Evidence before capital commitment,"Reconciled customer orders and delivered unit economics, seasonal NWC, plant/route constraints, basin hazards and applicable taxes",,
KAZ,KZ,398,Kazakhstan,Asia,Central Asia,Member state,0.2691138137244513,11,"Not verified, absence not inferred",,False,"Staple trade, product selection pending",Potential customer market,Buyer/supplier segment requires local validation,trade,Watch product/corridor opportunity,"Unselected, route evidence required",Customer interviews and delivered-cost comparison before a commercial launch.,Watch product/corridor opportunity,"Macro scale warrants a product screen, but no validated category demand, capture or Olam incremental cash supports asset entry yet.","Confirm product demand, accessible HS line, counterparties, delivered spread, cash conversion and legal clearance.",Threshold-only case,,"Product, sanctions, licensing and counterparty review required. No legal clearance asserted.",Country water-stress observation where available. Crop/basin/asset hazards unquantified. No fitted crop damage claim.,Country/category competitor shares and costs unavailable. Local diligence required.,,"Conditional research priority only, capital economics unvalidated","Country/category lead with Finance, Treasury, Supply Chain and Legal",Evidence before capital commitment,"Reconciled customer orders and delivered unit economics, seasonal NWC, plant/route constraints, basin hazards and applicable taxes",,
KEN,KE,404,Kenya,Africa,Sub-Saharan Africa,Member state,0.44025990198718157,11,"Not verified, absence not inferred",,False,"Staple trade, product selection pending",Potential customer market,Buyer/supplier segment requires local validation,trade,Watch product/corridor opportunity,"Unselected, route evidence required",Customer interviews and delivered-cost comparison before a commercial launch.,Watch product/corridor opportunity,"Macro scale warrants a product screen, but no validated category demand, capture or Olam incremental cash supports asset entry yet.","Confirm product demand, accessible HS line, counterparties, delivered spread, cash conversion and legal clearance.",Threshold-only case,,"Product, sanctions, licensing and counterparty review required. No legal clearance asserted.",Country water-stress observation where available. Crop/basin/asset hazards unquantified. No fitted crop damage claim.,Country/category competitor shares and costs unavailable. Local diligence required.,,"Conditional research priority only, capital economics unvalidated","Country/category lead with Finance, Treasury, Supply Chain and Legal",Evidence before capital commitment,"Reconciled customer orders and delivered unit economics, seasonal NWC, plant/route constraints, basin hazards and applicable taxes",,
KIR,KI,296,Kiribati,Oceania,Micronesia,Member state,0.3309256383401351,9,"Not verified, absence not inferred",,False,"Staple trade, product selection pending",Potential customer market,Buyer/supplier segment requires local validation,trade,Watch regional trade,"Unselected, route evidence required",Customer interviews and delivered-cost comparison before a commercial launch.,Watch regional trade,Small domestic population suggests a route-based customer screen before standalone capacity. Population alone cannot exclude B2B demand.,"Confirm product demand, accessible HS line, counterparties, delivered spread, cash conversion and legal clearance.",Threshold-only case,,"Product, sanctions, licensing and counterparty review required. No legal clearance asserted.",Country water-stress observation where available. Crop/basin/asset hazards unquantified. No fitted crop damage claim.,Country/category competitor shares and costs unavailable. Local diligence required.,,"Conditional research priority only, capital economics unvalidated","Country/category lead with Finance, Treasury, Supply Chain and Legal",Evidence before capital commitment,"Reconciled customer orders and delivered unit economics, seasonal NWC, plant/route constraints, basin hazards and applicable taxes",,
KWT,KW,414,Kuwait,Asia,Western Asia,Member state,0.2583822560791946,11,"Not verified, absence not inferred",,False,"Staple trade, product selection pending",Potential customer market,Buyer/supplier segment requires local validation,trade,Watch product/corridor opportunity,"Unselected, route evidence required",Customer interviews and delivered-cost comparison before a commercial launch.,Watch product/corridor opportunity,"Macro scale warrants a product screen, but no validated category demand, capture or Olam incremental cash supports asset entry yet.","Confirm product demand, accessible HS line, counterparties, delivered spread, cash conversion and legal clearance.",Threshold-only case,,"Product, sanctions, licensing and counterparty review required. No legal clearance asserted.",Country water-stress observation where available. Crop/basin/asset hazards unquantified. No fitted crop damage claim.,Country/category competitor shares and costs unavailable. Local diligence required.,,"Conditional research priority only, capital economics unvalidated","Country/category lead with Finance, Treasury, Supply Chain and Legal",Evidence before capital commitment,"Reconciled customer orders and delivered unit economics, seasonal NWC, plant/route constraints, basin hazards and applicable taxes",,
KGZ,KG,417,Kyrgyzstan,Asia,Central Asia,Member state,0.3137232592816803,11,"Not verified, absence not inferred",,False,"Staple trade, product selection pending",Potential customer market,Buyer/supplier segment requires local validation,trade,Watch product/corridor opportunity,"Unselected, route evidence required",Customer interviews and delivered-cost comparison before a commercial launch.,Watch product/corridor opportunity,"Macro scale warrants a product screen, but no validated category demand, capture or Olam incremental cash supports asset entry yet.","Confirm product demand, accessible HS line, counterparties, delivered spread, cash conversion and legal clearance.",Threshold-only case,,"Product, sanctions, licensing and counterparty review required. No legal clearance asserted.",Country water-stress observation where available. Crop/basin/asset hazards unquantified. No fitted crop damage claim.,Country/category competitor shares and costs unavailable. Local diligence required.,,"Conditional research priority only, capital economics unvalidated","Country/category lead with Finance, Treasury, Supply Chain and Legal",Evidence before capital commitment,"Reconciled customer orders and delivered unit economics, seasonal NWC, plant/route constraints, basin hazards and applicable taxes",,
LAO,LA,418,Lao People's Democratic Republic,Asia,South-eastern Asia,Member state,0.2293411212943237,11,"Not verified, absence not inferred",,False,"Staple trade, product selection pending",Potential customer market,Buyer/supplier segment requires local validation,trade,Watch product/corridor opportunity,"Unselected, route evidence required",Customer interviews and delivered-cost comparison before a commercial launch.,Watch product/corridor opportunity,"Macro scale warrants a product screen, but no validated category demand, capture or Olam incremental cash supports asset entry yet.","Confirm product demand, accessible HS line, counterparties, delivered spread, cash conversion and legal clearance.",Threshold-only case,,"Product, sanctions, licensing and counterparty review required. No legal clearance asserted.",Country water-stress observation where available. Crop/basin/asset hazards unquantified. No fitted crop damage claim.,Country/category competitor shares and costs unavailable. Local diligence required.,,"Conditional research priority only, capital economics unvalidated","Country/category lead with Finance, Treasury, Supply Chain and Legal",Evidence before capital commitment,"Reconciled customer orders and delivered unit economics, seasonal NWC, plant/route constraints, basin hazards and applicable taxes",,
LVA,LV,428,Latvia,Europe,Northern Europe,Member state,-0.18242475904648037,11,"Not verified, absence not inferred",,False,"Staple trade, product selection pending",Potential customer market,Buyer/supplier segment requires local validation,trade,Watch customer specialization,"Unselected, route evidence required",Customer interviews and delivered-cost comparison before a commercial launch.,Watch customer specialization,"UN medium projection shows population decline. Specific convenience, nutrition or industrial segments need measured purchases and unit economics.","Confirm product demand, accessible HS line, counterparties, delivered spread, cash conversion and legal clearance.",Threshold-only case,,"Product, sanctions, licensing and counterparty review required. No legal clearance asserted.",Country water-stress observation where available. Crop/basin/asset hazards unquantified. No fitted crop damage claim.,Country/category competitor shares and costs unavailable. Local diligence required.,,"Conditional research priority only, capital economics unvalidated","Country/category lead with Finance, Treasury, Supply Chain and Legal",Evidence before capital commitment,"Reconciled customer orders and delivered unit economics, seasonal NWC, plant/route constraints, basin hazards and applicable taxes",,
LBN,LB,422,Lebanon,Asia,Western Asia,Member state,0.1912714390771495,11,"Not verified, absence not inferred",,False,"Staple trade, product selection pending",Potential customer market,Buyer/supplier segment requires local validation,trade,Watch product/corridor opportunity,"Unselected, route evidence required",Customer interviews and delivered-cost comparison before a commercial launch.,Watch product/corridor opportunity,"Macro scale warrants a product screen, but no validated category demand, capture or Olam incremental cash supports asset entry yet.","Confirm product demand, accessible HS line, counterparties, delivered spread, cash conversion and legal clearance.",Threshold-only case,,"Product, sanctions, licensing and counterparty review required. No legal clearance asserted.",Country water-stress observation where available. Crop/basin/asset hazards unquantified. No fitted crop damage claim.,Country/category competitor shares and costs unavailable. Local diligence required.,,"Conditional research priority only, capital economics unvalidated","Country/category lead with Finance, Treasury, Supply Chain and Legal",Evidence before capital commitment,"Reconciled customer orders and delivered unit economics, seasonal NWC, plant/route constraints, basin hazards and applicable taxes",,
LSO,LS,426,Lesotho,Africa,Sub-Saharan Africa,Member state,0.2612533356547593,11,"Not verified, absence not inferred",,False,"Staple trade, product selection pending",Potential customer market,Buyer/supplier segment requires local validation,trade,Watch product/corridor opportunity,"Unselected, route evidence required",Customer interviews and delivered-cost comparison before a commercial launch.,Watch product/corridor opportunity,"Macro scale warrants a product screen, but no validated category demand, capture or Olam incremental cash supports asset entry yet.","Confirm product demand, accessible HS line, counterparties, delivered spread, cash conversion and legal clearance.",Threshold-only case,,"Product, sanctions, licensing and counterparty review required. No legal clearance asserted.",Country water-stress observation where available. Crop/basin/asset hazards unquantified. No fitted crop damage claim.,Country/category competitor shares and costs unavailable. Local diligence required.,,"Conditional research priority only, capital economics unvalidated","Country/category lead with Finance, Treasury, Supply Chain and Legal",Evidence before capital commitment,"Reconciled customer orders and delivered unit economics, seasonal NWC, plant/route constraints, basin hazards and applicable taxes",,
LBR,LR,430,Liberia,Africa,Sub-Saharan Africa,Member state,0.5408651493205698,11,"Not verified, absence not inferred",,False,"Staple trade, product selection pending",Potential customer market,Buyer/supplier segment requires local validation,trade,Watch product/corridor opportunity,"Unselected, route evidence required",Customer interviews and delivered-cost comparison before a commercial launch.,Watch product/corridor opportunity,"Macro scale warrants a product screen, but no validated category demand, capture or Olam incremental cash supports asset entry yet.","Confirm product demand, accessible HS line, counterparties, delivered spread, cash conversion and legal clearance.",Threshold-only case,,"Product, sanctions, licensing and counterparty review required. No legal clearance asserted.",Country water-stress observation where available. Crop/basin/asset hazards unquantified. No fitted crop damage claim.,Country/category competitor shares and costs unavailable. Local diligence required.,,"Conditional research priority only, capital economics unvalidated","Country/category lead with Finance, Treasury, Supply Chain and Legal",Evidence before capital commitment,"Reconciled customer orders and delivered unit economics, seasonal NWC, plant/route constraints, basin hazards and applicable taxes",,
LBY,LY,434,Libya,Africa,Northern Africa,Member state,0.23484907062487048,11,"Not verified, absence not inferred",,False,"Staple trade, product selection pending",Potential customer market,Buyer/supplier segment requires local validation,trade,Watch product/corridor opportunity,"Unselected, route evidence required",Customer interviews and delivered-cost comparison before a commercial launch.,Watch product/corridor opportunity,"Macro scale warrants a product screen, but no validated category demand, capture or Olam incremental cash supports asset entry yet.","Confirm product demand, accessible HS line, counterparties, delivered spread, cash conversion and legal clearance.",Threshold-only case,,"Product, sanctions, licensing and counterparty review required. No legal clearance asserted.",Country water-stress observation where available. Crop/basin/asset hazards unquantified. No fitted crop damage claim.,Country/category competitor shares and costs unavailable. Local diligence required.,,"Conditional research priority only, capital economics unvalidated","Country/category lead with Finance, Treasury, Supply Chain and Legal",Evidence before capital commitment,"Reconciled customer orders and delivered unit economics, seasonal NWC, plant/route constraints, basin hazards and applicable taxes",,
LIE,LI,438,Liechtenstein,Europe,Western Europe,Member state,0.06596809353943711,2,"Not verified, absence not inferred",,False,"Staple trade, product selection pending",Potential customer market,Buyer/supplier segment requires local validation,trade,Watch regional trade,"Unselected, route evidence required",Customer interviews and delivered-cost comparison before a commercial launch.,Watch regional trade,Small domestic population suggests a route-based customer screen before standalone capacity. Population alone cannot exclude B2B demand.,"Confirm product demand, accessible HS line, counterparties, delivered spread, cash conversion and legal clearance.",Threshold-only case,,"Product, sanctions, licensing and counterparty review required. No legal clearance asserted.",Country water-stress observation where available. Crop/basin/asset hazards unquantified. No fitted crop damage claim.,Country/category competitor shares and costs unavailable. Local diligence required.,,"Conditional research priority only, capital economics unvalidated","Country/category lead with Finance, Treasury, Supply Chain and Legal",Evidence before capital commitment,"Reconciled customer orders and delivered unit economics, seasonal NWC, plant/route constraints, basin hazards and applicable taxes",,
LTU,LT,440,Lithuania,Europe,Northern Europe,Member state,-0.20092209093073488,11,"Not verified, absence not inferred",,False,"Staple trade, product selection pending",Potential customer market,Buyer/supplier segment requires local validation,trade,Watch customer specialization,"Unselected, route evidence required",Customer interviews and delivered-cost comparison before a commercial launch.,Watch customer specialization,"UN medium projection shows population decline. Specific convenience, nutrition or industrial segments need measured purchases and unit economics.","Confirm product demand, accessible HS line, counterparties, delivered spread, cash conversion and legal clearance.",Threshold-only case,,"Product, sanctions, licensing and counterparty review required. No legal clearance asserted.",Country water-stress observation where available. Crop/basin/asset hazards unquantified. No fitted crop damage claim.,Country/category competitor shares and costs unavailable. Local diligence required.,,"Conditional research priority only, capital economics unvalidated","Country/category lead with Finance, Treasury, Supply Chain and Legal",Evidence before capital commitment,"Reconciled customer orders and delivered unit economics, seasonal NWC, plant/route constraints, basin hazards and applicable taxes",,
LUX,LU,442,Luxembourg,Europe,Western Europe,Member state,0.15395346266190324,11,"Not verified, absence not inferred",,False,"Staple trade, product selection pending",Potential customer market,Buyer/supplier segment requires local validation,trade,Watch regional trade,"Unselected, route evidence required",Customer interviews and delivered-cost comparison before a commercial launch.,Watch regional trade,Small domestic population suggests a route-based customer screen before standalone capacity. Population alone cannot exclude B2B demand.,"Confirm product demand, accessible HS line, counterparties, delivered spread, cash conversion and legal clearance.",Threshold-only case,,"Product, sanctions, licensing and counterparty review required. No legal clearance asserted.",Country water-stress observation where available. Crop/basin/asset hazards unquantified. No fitted crop damage claim.,Country/category competitor shares and costs unavailable. Local diligence required.,,"Conditional research priority only, capital economics unvalidated","Country/category lead with Finance, Treasury, Supply Chain and Legal",Evidence before capital commitment,"Reconciled customer orders and delivered unit economics, seasonal NWC, plant/route constraints, basin hazards and applicable taxes",,
MDG,MG,450,Madagascar,Africa,Sub-Saharan Africa,Member state,0.6113800253039401,11,"Not verified, absence not inferred",,False,"Staple trade, product selection pending",Potential customer market,Buyer/supplier segment requires local validation,trade,Watch product/corridor opportunity,"Unselected, route evidence required",Customer interviews and delivered-cost comparison before a commercial launch.,Watch product/corridor opportunity,"Macro scale warrants a product screen, but no validated category demand, capture or Olam incremental cash supports asset entry yet.","Confirm product demand, accessible HS line, counterparties, delivered spread, cash conversion and legal clearance.",Threshold-only case,,"Product, sanctions, licensing and counterparty review required. No legal clearance asserted.",Country water-stress observation where available. Crop/basin/asset hazards unquantified. No fitted crop damage claim.,Country/category competitor shares and costs unavailable. Local diligence required.,,"Conditional research priority only, capital economics unvalidated","Country/category lead with Finance, Treasury, Supply Chain and Legal",Evidence before capital commitment,"Reconciled customer orders and delivered unit economics, seasonal NWC, plant/route constraints, basin hazards and applicable taxes",,
MWI,MW,454,Malawi,Africa,Sub-Saharan Africa,Member state,0.6661590346682664,11,"Not verified, absence not inferred",,False,"Staple trade, product selection pending",Potential customer market,Buyer/supplier segment requires local validation,trade,Watch product/corridor opportunity,"Unselected, route evidence required",Customer interviews and delivered-cost comparison before a commercial launch.,Watch product/corridor opportunity,"Macro scale warrants a product screen, but no validated category demand, capture or Olam incremental cash supports asset entry yet.","Confirm product demand, accessible HS line, counterparties, delivered spread, cash conversion and legal clearance.",Threshold-only case,,"Product, sanctions, licensing and counterparty review required. No legal clearance asserted.",Country water-stress observation where available. Crop/basin/asset hazards unquantified. No fitted crop damage claim.,Country/category competitor shares and costs unavailable. Local diligence required.,,"Conditional research priority only, capital economics unvalidated","Country/category lead with Finance, Treasury, Supply Chain and Legal",Evidence before capital commitment,"Reconciled customer orders and delivered unit economics, seasonal NWC, plant/route constraints, basin hazards and applicable taxes",,
MYS,MY,458,Malaysia,Asia,South-eastern Asia,Member state,0.22309941853969684,11,Disclosed location in June-2026 factsheet,CO_FACT,False,"Staple trade, product selection pending",Potential customer market,Buyer/supplier segment requires local validation,trade,Review existing operation,"Unselected, route evidence required",Customer interviews and delivered-cost comparison before a commercial launch.,Review existing operation,Disclosed operating location. Diagnose customer economics and cash before considering additional capital.,"Confirm product demand, accessible HS line, counterparties, delivered spread, cash conversion and legal clearance.",Threshold-only case,,"Product, sanctions, licensing and counterparty review required. No legal clearance asserted.",Country water-stress observation where available. Crop/basin/asset hazards unquantified. No fitted crop damage claim.,Country/category competitor shares and costs unavailable. Local diligence required.,,"Conditional research priority only, capital economics unvalidated","Country/category lead with Finance, Treasury, Supply Chain and Legal",Evidence before capital commitment,"Reconciled customer orders and delivered unit economics, seasonal NWC, plant/route constraints, basin hazards and applicable taxes",,
MDV,MV,462,Maldives,Asia,Southern Asia,Member state,0.11309327829589644,11,"Not verified, absence not inferred",,False,"Staple trade, product selection pending",Potential customer market,Buyer/supplier segment requires local validation,trade,Watch regional trade,"Unselected, route evidence required",Customer interviews and delivered-cost comparison before a commercial launch.,Watch regional trade,Small domestic population suggests a route-based customer screen before standalone capacity. Population alone cannot exclude B2B demand.,"Confirm product demand, accessible HS line, counterparties, delivered spread, cash conversion and legal clearance.",Threshold-only case,,"Product, sanctions, licensing and counterparty review required. No legal clearance asserted.",Country water-stress observation where available. Crop/basin/asset hazards unquantified. No fitted crop damage claim.,Country/category competitor shares and costs unavailable. Local diligence required.,,"Conditional research priority only, capital economics unvalidated","Country/category lead with Finance, Treasury, Supply Chain and Legal",Evidence before capital commitment,"Reconciled customer orders and delivered unit economics, seasonal NWC, plant/route constraints, basin hazards and applicable taxes",,
MLI,ML,466,Mali,Africa,Sub-Saharan Africa,Member state,0.8135410024766434,11,"Not verified, absence not inferred",,False,"Staple trade, product selection pending",Potential customer market,Buyer/supplier segment requires local validation,trade,Watch product/corridor opportunity,"Unselected, route evidence required",Customer interviews and delivered-cost comparison before a commercial launch.,Watch product/corridor opportunity,"Macro scale warrants a product screen, but no validated category demand, capture or Olam incremental cash supports asset entry yet.","Confirm product demand, accessible HS line, counterparties, delivered spread, cash conversion and legal clearance.",Threshold-only case,,"Product, sanctions, licensing and counterparty review required. No legal clearance asserted.",Country water-stress observation where available. Crop/basin/asset hazards unquantified. No fitted crop damage claim.,Country/category competitor shares and costs unavailable. Local diligence required.,,"Conditional research priority only, capital economics unvalidated","Country/category lead with Finance, Treasury, Supply Chain and Legal",Evidence before capital commitment,"Reconciled customer orders and delivered unit economics, seasonal NWC, plant/route constraints, basin hazards and applicable taxes",,
MLT,MT,470,Malta,Europe,Southern Europe,Member state,-0.027999438991204162,11,"Not verified, absence not inferred",,False,"Staple trade, product selection pending",Potential customer market,Buyer/supplier segment requires local validation,trade,Watch regional trade,"Unselected, route evidence required",Customer interviews and delivered-cost comparison before a commercial launch.,Watch regional trade,Small domestic population suggests a route-based customer screen before standalone capacity. Population alone cannot exclude B2B demand.,"Confirm product demand, accessible HS line, counterparties, delivered spread, cash conversion and legal clearance.",Threshold-only case,,"Product, sanctions, licensing and counterparty review required. No legal clearance asserted.",Country water-stress observation where available. Crop/basin/asset hazards unquantified. No fitted crop damage claim.,Country/category competitor shares and costs unavailable. Local diligence required.,,"Conditional research priority only, capital economics unvalidated","Country/category lead with Finance, Treasury, Supply Chain and Legal",Evidence before capital commitment,"Reconciled customer orders and delivered unit economics, seasonal NWC, plant/route constraints, basin hazards and applicable taxes",,
MHL,MH,584,Marshall Islands,Oceania,Micronesia,Member state,-0.2847327156094084,6,"Not verified, absence not inferred",,False,"Staple trade, product selection pending",Potential customer market,Buyer/supplier segment requires local validation,trade,Watch regional trade,"Unselected, route evidence required",Customer interviews and delivered-cost comparison before a commercial launch.,Watch regional trade,Small domestic population suggests a route-based customer screen before standalone capacity. Population alone cannot exclude B2B demand.,"Confirm product demand, accessible HS line, counterparties, delivered spread, cash conversion and legal clearance.",Threshold-only case,,"Product, sanctions, licensing and counterparty review required. No legal clearance asserted.",Country water-stress observation where available. Crop/basin/asset hazards unquantified. No fitted crop damage claim.,Country/category competitor shares and costs unavailable. Local diligence required.,,"Conditional research priority only, capital economics unvalidated","Country/category lead with Finance, Treasury, Supply Chain and Legal",Evidence before capital commitment,"Reconciled customer orders and delivered unit economics, seasonal NWC, plant/route constraints, basin hazards and applicable taxes",,
MRT,MR,478,Mauritania,Africa,Sub-Saharan Africa,Member state,0.7563524489230533,11,"Not verified, absence not inferred",,False,"Staple trade, product selection pending",Potential customer market,Buyer/supplier segment requires local validation,trade,Watch product/corridor opportunity,"Unselected, route evidence required",Customer interviews and delivered-cost comparison before a commercial launch.,Watch product/corridor opportunity,"Macro scale warrants a product screen, but no validated category demand, capture or Olam incremental cash supports asset entry yet.","Confirm product demand, accessible HS line, counterparties, delivered spread, cash conversion and legal clearance.",Threshold-only case,,"Product, sanctions, licensing and counterparty review required. No legal clearance asserted.",Country water-stress observation where available. Crop/basin/asset hazards unquantified. No fitted crop damage claim.,Country/category competitor shares and costs unavailable. Local diligence required.,,"Conditional research priority only, capital economics unvalidated","Country/category lead with Finance, Treasury, Supply Chain and Legal",Evidence before capital commitment,"Reconciled customer orders and delivered unit economics, seasonal NWC, plant/route constraints, basin hazards and applicable taxes",,
MUS,MU,480,Mauritius,Africa,Sub-Saharan Africa,Member state,-0.13265863489370855,11,"Not verified, absence not inferred",,False,"Staple trade, product selection pending",Potential customer market,Buyer/supplier segment requires local validation,trade,Watch customer specialization,"Unselected, route evidence required",Customer interviews and delivered-cost comparison before a commercial launch.,Watch customer specialization,"UN medium projection shows population decline. Specific convenience, nutrition or industrial segments need measured purchases and unit economics.","Confirm product demand, accessible HS line, counterparties, delivered spread, cash conversion and legal clearance.",Threshold-only case,,"Product, sanctions, licensing and counterparty review required. No legal clearance asserted.",Country water-stress observation where available. Crop/basin/asset hazards unquantified. No fitted crop damage claim.,Country/category competitor shares and costs unavailable. Local diligence required.,,"Conditional research priority only, capital economics unvalidated","Country/category lead with Finance, Treasury, Supply Chain and Legal",Evidence before capital commitment,"Reconciled customer orders and delivered unit economics, seasonal NWC, plant/route constraints, basin hazards and applicable taxes",,
MEX,MX,484,Mexico,Americas,Latin America and the Caribbean,Member state,0.1216877743817113,11,Disclosed location in June-2026 factsheet,CO_FACT,False,"Staple trade, product selection pending",Potential customer market,Buyer/supplier segment requires local validation,trade,Review existing operation,"Unselected, route evidence required",Customer interviews and delivered-cost comparison before a commercial launch.,Review existing operation,Disclosed operating location. Diagnose customer economics and cash before considering additional capital.,"Confirm product demand, accessible HS line, counterparties, delivered spread, cash conversion and legal clearance.",Threshold-only case,,"Product, sanctions, licensing and counterparty review required. No legal clearance asserted.",Country water-stress observation where available. Crop/basin/asset hazards unquantified. No fitted crop damage claim.,Country/category competitor shares and costs unavailable. Local diligence required.,,"Conditional research priority only, capital economics unvalidated","Country/category lead with Finance, Treasury, Supply Chain and Legal",Evidence before capital commitment,"Reconciled customer orders and delivered unit economics, seasonal NWC, plant/route constraints, basin hazards and applicable taxes",,
FSM,FM,583,Micronesia (Federated States of),Oceania,Micronesia,Member state,0.1109622273017874,10,"Not verified, absence not inferred",,False,"Staple trade, product selection pending",Potential customer market,Buyer/supplier segment requires local validation,trade,Watch regional trade,"Unselected, route evidence required",Customer interviews and delivered-cost comparison before a commercial launch.,Watch regional trade,Small domestic population suggests a route-based customer screen before standalone capacity. Population alone cannot exclude B2B demand.,"Confirm product demand, accessible HS line, counterparties, delivered spread, cash conversion and legal clearance.",Threshold-only case,,"Product, sanctions, licensing and counterparty review required. No legal clearance asserted.",Country water-stress observation where available. Crop/basin/asset hazards unquantified. No fitted crop damage claim.,Country/category competitor shares and costs unavailable. Local diligence required.,,"Conditional research priority only, capital economics unvalidated","Country/category lead with Finance, Treasury, Supply Chain and Legal",Evidence before capital commitment,"Reconciled customer orders and delivered unit economics, seasonal NWC, plant/route constraints, basin hazards and applicable taxes",,
MCO,MC,492,Monaco,Europe,Western Europe,Member state,-0.03274083020453178,2,"Not verified, absence not inferred",,False,"Staple trade, product selection pending",Potential customer market,Buyer/supplier segment requires local validation,trade,Watch regional trade,"Unselected, route evidence required",Customer interviews and delivered-cost comparison before a commercial launch.,Watch regional trade,Small domestic population suggests a route-based customer screen before standalone capacity. Population alone cannot exclude B2B demand.,"Confirm product demand, accessible HS line, counterparties, delivered spread, cash conversion and legal clearance.",Threshold-only case,,"Product, sanctions, licensing and counterparty review required. No legal clearance asserted.",Country water-stress observation where available. Crop/basin/asset hazards unquantified. No fitted crop damage claim.,Country/category competitor shares and costs unavailable. Local diligence required.,,"Conditional research priority only, capital economics unvalidated","Country/category lead with Finance, Treasury, Supply Chain and Legal",Evidence before capital commitment,"Reconciled customer orders and delivered unit economics, seasonal NWC, plant/route constraints, basin hazards and applicable taxes",,
MNG,MN,496,Mongolia,Asia,Eastern Asia,Member state,0.2752382901699788,11,"Not verified, absence not inferred",,False,"Staple trade, product selection pending",Potential customer market,Buyer/supplier segment requires local validation,trade,Watch product/corridor opportunity,"Unselected, route evidence required",Customer interviews and delivered-cost comparison before a commercial launch.,Watch product/corridor opportunity,"Macro scale warrants a product screen, but no validated category demand, capture or Olam incremental cash supports asset entry yet.","Confirm product demand, accessible HS line, counterparties, delivered spread, cash conversion and legal clearance.",Threshold-only case,,"Product, sanctions, licensing and counterparty review required. No legal clearance asserted.",Country water-stress observation where available. Crop/basin/asset hazards unquantified. No fitted crop damage claim.,Country/category competitor shares and costs unavailable. Local diligence required.,,"Conditional research priority only, capital economics unvalidated","Country/category lead with Finance, Treasury, Supply Chain and Legal",Evidence before capital commitment,"Reconciled customer orders and delivered unit economics, seasonal NWC, plant/route constraints, basin hazards and applicable taxes",,
MNE,ME,499,Montenegro,Europe,Southern Europe,Member state,-0.1552153910764843,10,"Not verified, absence not inferred",,False,"Staple trade, product selection pending",Potential customer market,Buyer/supplier segment requires local validation,trade,Watch regional trade,"Unselected, route evidence required",Customer interviews and delivered-cost comparison before a commercial launch.,Watch regional trade,Small domestic population suggests a route-based customer screen before standalone capacity. Population alone cannot exclude B2B demand.,"Confirm product demand, accessible HS line, counterparties, delivered spread, cash conversion and legal clearance.",Threshold-only case,,"Product, sanctions, licensing and counterparty review required. No legal clearance asserted.",Country water-stress observation where available. Crop/basin/asset hazards unquantified. No fitted crop damage claim.,Country/category competitor shares and costs unavailable. Local diligence required.,,"Conditional research priority only, capital economics unvalidated","Country/category lead with Finance, Treasury, Supply Chain and Legal",Evidence before capital commitment,"Reconciled customer orders and delivered unit economics, seasonal NWC, plant/route constraints, basin hazards and applicable taxes",,
MAR,MA,504,Morocco,Africa,Northern Africa,Member state,0.1226627600671486,11,"Not verified, absence not inferred",,False,"Staple trade, product selection pending",Potential customer market,Buyer/supplier segment requires local validation,trade,Watch product/corridor opportunity,"Unselected, route evidence required",Customer interviews and delivered-cost comparison before a commercial launch.,Watch product/corridor opportunity,"Macro scale warrants a product screen, but no validated category demand, capture or Olam incremental cash supports asset entry yet.","Confirm product demand, accessible HS line, counterparties, delivered spread, cash conversion and legal clearance.",Threshold-only case,,"Product, sanctions, licensing and counterparty review required. No legal clearance asserted.",Country water-stress observation where available. Crop/basin/asset hazards unquantified. No fitted crop damage claim.,Country/category competitor shares and costs unavailable. Local diligence required.,,"Conditional research priority only, capital economics unvalidated","Country/category lead with Finance, Treasury, Supply Chain and Legal",Evidence before capital commitment,"Reconciled customer orders and delivered unit economics, seasonal NWC, plant/route constraints, basin hazards and applicable taxes",,
MOZ,MZ,508,Mozambique,Africa,Sub-Saharan Africa,Member state,0.7643926554177307,11,Disclosed location in June-2026 factsheet,CO_FACT,True,Rice and edible oils,Customer and processing market,Households and trade customers,partner,Distribution resilience pilot,Rice/oil origins to Mozambique routes,Compare cash access and unit value by actual local customer cohorts.,Diligence priority,Existing rice/oils network enables local tests. Weather resilience requires asset-level evidence.,Test disruption exposure at named port/route and cash tied in seasonal stocks.,Threshold-only case,,"Product, sanctions, licensing and counterparty review required. No legal clearance asserted.",Country water-stress observation where available. Crop/basin/asset hazards unquantified. No fitted crop damage claim.,Country/category competitor shares and costs unavailable. Local diligence required.,,"Conditional research priority only, capital economics unvalidated","Country/category lead with Finance, Treasury, Supply Chain and Legal",Evidence before capital commitment,"Reconciled customer orders and delivered unit economics, seasonal NWC, plant/route constraints, basin hazards and applicable taxes",,
MMR,MM,104,Myanmar,Asia,South-eastern Asia,Member state,0.061935855946179785,11,"Not verified, absence not inferred",,False,"Staple trade, product selection pending",Potential customer market,Buyer/supplier segment requires local validation,trade,Watch product/corridor opportunity,"Unselected, route evidence required",Customer interviews and delivered-cost comparison before a commercial launch.,Watch product/corridor opportunity,"Macro scale warrants a product screen, but no validated category demand, capture or Olam incremental cash supports asset entry yet.","Confirm product demand, accessible HS line, counterparties, delivered spread, cash conversion and legal clearance.",Threshold-only case,,"Product, sanctions, licensing and counterparty review required. No legal clearance asserted.",Country water-stress observation where available. Crop/basin/asset hazards unquantified. No fitted crop damage claim.,Country/category competitor shares and costs unavailable. Local diligence required.,,"Conditional research priority only, capital economics unvalidated","Country/category lead with Finance, Treasury, Supply Chain and Legal",Evidence before capital commitment,"Reconciled customer orders and delivered unit economics, seasonal NWC, plant/route constraints, basin hazards and applicable taxes",,
NAM,,516,Namibia,Africa,Sub-Saharan Africa,Member state,0.4476847033184217,11,"Not verified, absence not inferred",,False,"Staple trade, product selection pending",Potential customer market,Buyer/supplier segment requires local validation,trade,Watch product/corridor opportunity,"Unselected, route evidence required",Customer interviews and delivered-cost comparison before a commercial launch.,Watch product/corridor opportunity,"Macro scale warrants a product screen, but no validated category demand, capture or Olam incremental cash supports asset entry yet.","Confirm product demand, accessible HS line, counterparties, delivered spread, cash conversion and legal clearance.",Threshold-only case,,"Product, sanctions, licensing and counterparty review required. No legal clearance asserted.",Country water-stress observation where available. Crop/basin/asset hazards unquantified. No fitted crop damage claim.,Country/category competitor shares and costs unavailable. Local diligence required.,,"Conditional research priority only, capital economics unvalidated","Country/category lead with Finance, Treasury, Supply Chain and Legal",Evidence before capital commitment,"Reconciled customer orders and delivered unit economics, seasonal NWC, plant/route constraints, basin hazards and applicable taxes",,
NRU,NR,520,Naoero,Oceania,Micronesia,Member state,0.31501528799272793,7,"Not verified, absence not inferred",,False,"Staple trade, product selection pending",Potential customer market,Buyer/supplier segment requires local validation,trade,Watch regional trade,"Unselected, route evidence required",Customer interviews and delivered-cost comparison before a commercial launch.,Watch regional trade,Small domestic population suggests a route-based customer screen before standalone capacity. Population alone cannot exclude B2B demand.,"Confirm product demand, accessible HS line, counterparties, delivered spread, cash conversion and legal clearance.",Threshold-only case,,"Product, sanctions, licensing and counterparty review required. No legal clearance asserted.",Country water-stress observation where available. Crop/basin/asset hazards unquantified. No fitted crop damage claim.,Country/category competitor shares and costs unavailable. Local diligence required.,,"Conditional research priority only, capital economics unvalidated","Country/category lead with Finance, Treasury, Supply Chain and Legal",Evidence before capital commitment,"Reconciled customer orders and delivered unit economics, seasonal NWC, plant/route constraints, basin hazards and applicable taxes",,
NPL,NP,524,Nepal,Asia,Southern Asia,Member state,0.1737325515425383,11,"Not verified, absence not inferred",,False,"Staple trade, product selection pending",Potential customer market,Buyer/supplier segment requires local validation,trade,Watch product/corridor opportunity,"Unselected, route evidence required",Customer interviews and delivered-cost comparison before a commercial launch.,Watch product/corridor opportunity,"Macro scale warrants a product screen, but no validated category demand, capture or Olam incremental cash supports asset entry yet.","Confirm product demand, accessible HS line, counterparties, delivered spread, cash conversion and legal clearance.",Threshold-only case,,"Product, sanctions, licensing and counterparty review required. No legal clearance asserted.",Country water-stress observation where available. Crop/basin/asset hazards unquantified. No fitted crop damage claim.,Country/category competitor shares and costs unavailable. Local diligence required.,,"Conditional research priority only, capital economics unvalidated","Country/category lead with Finance, Treasury, Supply Chain and Legal",Evidence before capital commitment,"Reconciled customer orders and delivered unit economics, seasonal NWC, plant/route constraints, basin hazards and applicable taxes",,
NLD,NL,528,Netherlands (Kingdom of the),Europe,Western Europe,Member state,0.026321585037488937,11,Disclosed location in June-2026 factsheet,CO_FACT,False,"Staple trade, product selection pending",Potential customer market,Buyer/supplier segment requires local validation,trade,Review existing operation,"Unselected, route evidence required",Customer interviews and delivered-cost comparison before a commercial launch.,Review existing operation,Disclosed operating location. Diagnose customer economics and cash before considering additional capital.,"Confirm product demand, accessible HS line, counterparties, delivered spread, cash conversion and legal clearance.",Threshold-only case,,"Product, sanctions, licensing and counterparty review required. No legal clearance asserted.",Country water-stress observation where available. Crop/basin/asset hazards unquantified. No fitted crop damage claim.,Country/category competitor shares and costs unavailable. Local diligence required.,,"Conditional research priority only, capital economics unvalidated","Country/category lead with Finance, Treasury, Supply Chain and Legal",Evidence before capital commitment,"Reconciled customer orders and delivered unit economics, seasonal NWC, plant/route constraints, basin hazards and applicable taxes",,
NZL,NZ,554,New Zealand,Oceania,Australia and New Zealand,Member state,0.0906361992170559,11,"Not verified, absence not inferred",,False,"Staple trade, product selection pending",Potential customer market,Buyer/supplier segment requires local validation,trade,Watch product/corridor opportunity,"Unselected, route evidence required",Customer interviews and delivered-cost comparison before a commercial launch.,Watch product/corridor opportunity,"Macro scale warrants a product screen, but no validated category demand, capture or Olam incremental cash supports asset entry yet.","Confirm product demand, accessible HS line, counterparties, delivered spread, cash conversion and legal clearance.",Threshold-only case,,"Product, sanctions, licensing and counterparty review required. No legal clearance asserted.",Country water-stress observation where available. Crop/basin/asset hazards unquantified. No fitted crop damage claim.,Country/category competitor shares and costs unavailable. Local diligence required.,,"Conditional research priority only, capital economics unvalidated","Country/category lead with Finance, Treasury, Supply Chain and Legal",Evidence before capital commitment,"Reconciled customer orders and delivered unit economics, seasonal NWC, plant/route constraints, basin hazards and applicable taxes",,
NIC,NI,558,Nicaragua,Americas,Latin America and the Caribbean,Member state,0.24017950978459646,11,"Not verified, absence not inferred",,False,"Staple trade, product selection pending",Potential customer market,Buyer/supplier segment requires local validation,trade,Watch product/corridor opportunity,"Unselected, route evidence required",Customer interviews and delivered-cost comparison before a commercial launch.,Watch product/corridor opportunity,"Macro scale warrants a product screen, but no validated category demand, capture or Olam incremental cash supports asset entry yet.","Confirm product demand, accessible HS line, counterparties, delivered spread, cash conversion and legal clearance.",Threshold-only case,,"Product, sanctions, licensing and counterparty review required. No legal clearance asserted.",Country water-stress observation where available. Crop/basin/asset hazards unquantified. No fitted crop damage claim.,Country/category competitor shares and costs unavailable. Local diligence required.,,"Conditional research priority only, capital economics unvalidated","Country/category lead with Finance, Treasury, Supply Chain and Legal",Evidence before capital commitment,"Reconciled customer orders and delivered unit economics, seasonal NWC, plant/route constraints, basin hazards and applicable taxes",,
NER,NE,562,Niger,Africa,Sub-Saharan Africa,Member state,0.8583084058173003,11,"Not verified, absence not inferred",,False,"Staple trade, product selection pending",Potential customer market,Buyer/supplier segment requires local validation,trade,Watch product/corridor opportunity,"Unselected, route evidence required",Customer interviews and delivered-cost comparison before a commercial launch.,Watch product/corridor opportunity,"Macro scale warrants a product screen, but no validated category demand, capture or Olam incremental cash supports asset entry yet.","Confirm product demand, accessible HS line, counterparties, delivered spread, cash conversion and legal clearance.",Threshold-only case,,"Product, sanctions, licensing and counterparty review required. No legal clearance asserted.",Country water-stress observation where available. Crop/basin/asset hazards unquantified. No fitted crop damage claim.,Country/category competitor shares and costs unavailable. Local diligence required.,,"Conditional research priority only, capital economics unvalidated","Country/category lead with Finance, Treasury, Supply Chain and Legal",Evidence before capital commitment,"Reconciled customer orders and delivered unit economics, seasonal NWC, plant/route constraints, basin hazards and applicable taxes",,
NGA,NG,566,Nigeria,Africa,Sub-Saharan Africa,Member state,0.49948795090572107,11,Disclosed location in June-2026 factsheet,CO_FACT,True,Semolina and edible oils,Customer and processing market,Households and distributors,partner,Controlled brownfield commercial pilot,Imported wheat/crude oil to Nigerian routes,"Measure cash ticket, meal economics, repeat and route availability. Keep the categories separate.",Diligence priority,"Nigeria already offers milling, oil refining and national logistics. Learning cost can precede further assets.",Finance-approved eligible sell-through and route P&L. Legal rechecks crude/refined HS access.,Threshold-only case,,"Product, sanctions, licensing and counterparty review required. No legal clearance asserted.",Country water-stress observation where available. Crop/basin/asset hazards unquantified. No fitted crop damage claim.,Country/category competitor shares and costs unavailable. Local diligence required.,,"Conditional research priority only, capital economics unvalidated","Country/category lead with Finance, Treasury, Supply Chain and Legal",Evidence before capital commitment,"Reconciled customer orders and delivered unit economics, seasonal NWC, plant/route constraints, basin hazards and applicable taxes",,
MKD,MK,807,North Macedonia,Europe,Southern Europe,Member state,-0.16892979901477945,11,"Not verified, absence not inferred",,False,"Staple trade, product selection pending",Potential customer market,Buyer/supplier segment requires local validation,trade,Watch customer specialization,"Unselected, route evidence required",Customer interviews and delivered-cost comparison before a commercial launch.,Watch customer specialization,"UN medium projection shows population decline. Specific convenience, nutrition or industrial segments need measured purchases and unit economics.","Confirm product demand, accessible HS line, counterparties, delivered spread, cash conversion and legal clearance.",Threshold-only case,,"Product, sanctions, licensing and counterparty review required. No legal clearance asserted.",Country water-stress observation where available. Crop/basin/asset hazards unquantified. No fitted crop damage claim.,Country/category competitor shares and costs unavailable. Local diligence required.,,"Conditional research priority only, capital economics unvalidated","Country/category lead with Finance, Treasury, Supply Chain and Legal",Evidence before capital commitment,"Reconciled customer orders and delivered unit economics, seasonal NWC, plant/route constraints, basin hazards and applicable taxes",,
NOR,NO,578,Norway,Europe,Northern Europe,Member state,0.043658850211808264,11,"Not verified, absence not inferred",,False,"Staple trade, product selection pending",Potential customer market,Buyer/supplier segment requires local validation,trade,Watch product/corridor opportunity,"Unselected, route evidence required",Customer interviews and delivered-cost comparison before a commercial launch.,Watch product/corridor opportunity,"Macro scale warrants a product screen, but no validated category demand, capture or Olam incremental cash supports asset entry yet.","Confirm product demand, accessible HS line, counterparties, delivered spread, cash conversion and legal clearance.",Threshold-only case,,"Product, sanctions, licensing and counterparty review required. No legal clearance asserted.",Country water-stress observation where available. Crop/basin/asset hazards unquantified. No fitted crop damage claim.,Country/category competitor shares and costs unavailable. Local diligence required.,,"Conditional research priority only, capital economics unvalidated","Country/category lead with Finance, Treasury, Supply Chain and Legal",Evidence before capital commitment,"Reconciled customer orders and delivered unit economics, seasonal NWC, plant/route constraints, basin hazards and applicable taxes",,
OMN,OM,512,Oman,Asia,Western Asia,Member state,0.3964989249677948,11,"Not verified, absence not inferred",,False,"Staple trade, product selection pending",Potential customer market,Buyer/supplier segment requires local validation,trade,Watch product/corridor opportunity,"Unselected, route evidence required",Customer interviews and delivered-cost comparison before a commercial launch.,Watch product/corridor opportunity,"Macro scale warrants a product screen, but no validated category demand, capture or Olam incremental cash supports asset entry yet.","Confirm product demand, accessible HS line, counterparties, delivered spread, cash conversion and legal clearance.",Threshold-only case,,"Product, sanctions, licensing and counterparty review required. No legal clearance asserted.",Country water-stress observation where available. Crop/basin/asset hazards unquantified. No fitted crop damage claim.,Country/category competitor shares and costs unavailable. Local diligence required.,,"Conditional research priority only, capital economics unvalidated","Country/category lead with Finance, Treasury, Supply Chain and Legal",Evidence before capital commitment,"Reconciled customer orders and delivered unit economics, seasonal NWC, plant/route constraints, basin hazards and applicable taxes",,
PAK,PK,586,Pakistan,Asia,Southern Asia,Member state,0.451351054116353,11,"Not verified, absence not inferred",,False,"Staple trade, product selection pending",Potential customer market,Buyer/supplier segment requires local validation,trade,Watch product/corridor opportunity,"Unselected, route evidence required",Customer interviews and delivered-cost comparison before a commercial launch.,Watch product/corridor opportunity,"Macro scale warrants a product screen, but no validated category demand, capture or Olam incremental cash supports asset entry yet.","Confirm product demand, accessible HS line, counterparties, delivered spread, cash conversion and legal clearance.",Threshold-only case,,"Product, sanctions, licensing and counterparty review required. No legal clearance asserted.",Country water-stress observation where available. Crop/basin/asset hazards unquantified. No fitted crop damage claim.,Country/category competitor shares and costs unavailable. Local diligence required.,,"Conditional research priority only, capital economics unvalidated","Country/category lead with Finance, Treasury, Supply Chain and Legal",Evidence before capital commitment,"Reconciled customer orders and delivered unit economics, seasonal NWC, plant/route constraints, basin hazards and applicable taxes",,
PLW,PW,585,Palau,Oceania,Micronesia,Member state,-0.12552515044850687,8,"Not verified, absence not inferred",,False,"Staple trade, product selection pending",Potential customer market,Buyer/supplier segment requires local validation,trade,Watch regional trade,"Unselected, route evidence required",Customer interviews and delivered-cost comparison before a commercial launch.,Watch regional trade,Small domestic population suggests a route-based customer screen before standalone capacity. Population alone cannot exclude B2B demand.,"Confirm product demand, accessible HS line, counterparties, delivered spread, cash conversion and legal clearance.",Threshold-only case,,"Product, sanctions, licensing and counterparty review required. No legal clearance asserted.",Country water-stress observation where available. Crop/basin/asset hazards unquantified. No fitted crop damage claim.,Country/category competitor shares and costs unavailable. Local diligence required.,,"Conditional research priority only, capital economics unvalidated","Country/category lead with Finance, Treasury, Supply Chain and Legal",Evidence before capital commitment,"Reconciled customer orders and delivered unit economics, seasonal NWC, plant/route constraints, basin hazards and applicable taxes",,
PAN,PA,591,Panama,Americas,Latin America and the Caribbean,Member state,0.22326501529059928,11,"Not verified, absence not inferred",,False,"Staple trade, product selection pending",Potential customer market,Buyer/supplier segment requires local validation,trade,Watch product/corridor opportunity,"Unselected, route evidence required",Customer interviews and delivered-cost comparison before a commercial launch.,Watch product/corridor opportunity,"Macro scale warrants a product screen, but no validated category demand, capture or Olam incremental cash supports asset entry yet.","Confirm product demand, accessible HS line, counterparties, delivered spread, cash conversion and legal clearance.",Threshold-only case,,"Product, sanctions, licensing and counterparty review required. No legal clearance asserted.",Country water-stress observation where available. Crop/basin/asset hazards unquantified. No fitted crop damage claim.,Country/category competitor shares and costs unavailable. Local diligence required.,,"Conditional research priority only, capital economics unvalidated","Country/category lead with Finance, Treasury, Supply Chain and Legal",Evidence before capital commitment,"Reconciled customer orders and delivered unit economics, seasonal NWC, plant/route constraints, basin hazards and applicable taxes",,
PNG,PG,598,Papua New Guinea,Oceania,Melanesia,Member state,0.37437384954559105,11,"Not verified, absence not inferred",,False,"Staple trade, product selection pending",Potential customer market,Buyer/supplier segment requires local validation,trade,Watch product/corridor opportunity,"Unselected, route evidence required",Customer interviews and delivered-cost comparison before a commercial launch.,Watch product/corridor opportunity,"Macro scale warrants a product screen, but no validated category demand, capture or Olam incremental cash supports asset entry yet.","Confirm product demand, accessible HS line, counterparties, delivered spread, cash conversion and legal clearance.",Threshold-only case,,"Product, sanctions, licensing and counterparty review required. No legal clearance asserted.",Country water-stress observation where available. Crop/basin/asset hazards unquantified. No fitted crop damage claim.,Country/category competitor shares and costs unavailable. Local diligence required.,,"Conditional research priority only, capital economics unvalidated","Country/category lead with Finance, Treasury, Supply Chain and Legal",Evidence before capital commitment,"Reconciled customer orders and delivered unit economics, seasonal NWC, plant/route constraints, basin hazards and applicable taxes",,
PRY,PY,600,Paraguay,Americas,Latin America and the Caribbean,Member state,0.22445304828745982,11,"Not verified, absence not inferred",,False,"Staple trade, product selection pending",Potential customer market,Buyer/supplier segment requires local validation,trade,Watch product/corridor opportunity,"Unselected, route evidence required",Customer interviews and delivered-cost comparison before a commercial launch.,Watch product/corridor opportunity,"Macro scale warrants a product screen, but no validated category demand, capture or Olam incremental cash supports asset entry yet.","Confirm product demand, accessible HS line, counterparties, delivered spread, cash conversion and legal clearance.",Threshold-only case,,"Product, sanctions, licensing and counterparty review required. No legal clearance asserted.",Country water-stress observation where available. Crop/basin/asset hazards unquantified. No fitted crop damage claim.,Country/category competitor shares and costs unavailable. Local diligence required.,,"Conditional research priority only, capital economics unvalidated","Country/category lead with Finance, Treasury, Supply Chain and Legal",Evidence before capital commitment,"Reconciled customer orders and delivered unit economics, seasonal NWC, plant/route constraints, basin hazards and applicable taxes",,
PER,PE,604,Peru,Americas,Latin America and the Caribbean,Member state,0.1659180013783803,11,"Not verified, absence not inferred",,False,"Staple trade, product selection pending",Potential customer market,Buyer/supplier segment requires local validation,trade,Watch product/corridor opportunity,"Unselected, route evidence required",Customer interviews and delivered-cost comparison before a commercial launch.,Watch product/corridor opportunity,"Macro scale warrants a product screen, but no validated category demand, capture or Olam incremental cash supports asset entry yet.","Confirm product demand, accessible HS line, counterparties, delivered spread, cash conversion and legal clearance.",Threshold-only case,,"Product, sanctions, licensing and counterparty review required. No legal clearance asserted.",Country water-stress observation where available. Crop/basin/asset hazards unquantified. No fitted crop damage claim.,Country/category competitor shares and costs unavailable. Local diligence required.,,"Conditional research priority only, capital economics unvalidated","Country/category lead with Finance, Treasury, Supply Chain and Legal",Evidence before capital commitment,"Reconciled customer orders and delivered unit economics, seasonal NWC, plant/route constraints, basin hazards and applicable taxes",,
PHL,PH,608,Philippines,Asia,South-eastern Asia,Member state,0.143454796241981,11,"Not verified, absence not inferred",,False,"Staple trade, product selection pending",Potential customer market,Buyer/supplier segment requires local validation,trade,Watch product/corridor opportunity,"Unselected, route evidence required",Customer interviews and delivered-cost comparison before a commercial launch.,Watch product/corridor opportunity,"Macro scale warrants a product screen, but no validated category demand, capture or Olam incremental cash supports asset entry yet.","Confirm product demand, accessible HS line, counterparties, delivered spread, cash conversion and legal clearance.",Threshold-only case,,"Product, sanctions, licensing and counterparty review required. No legal clearance asserted.",Country water-stress observation where available. Crop/basin/asset hazards unquantified. No fitted crop damage claim.,Country/category competitor shares and costs unavailable. Local diligence required.,,"Conditional research priority only, capital economics unvalidated","Country/category lead with Finance, Treasury, Supply Chain and Legal",Evidence before capital commitment,"Reconciled customer orders and delivered unit economics, seasonal NWC, plant/route constraints, basin hazards and applicable taxes",,
POL,PL,616,Poland,Europe,Eastern Europe,Member state,-0.1395681304651183,11,"Not verified, absence not inferred",,False,"Staple trade, product selection pending",Potential customer market,Buyer/supplier segment requires local validation,trade,Watch customer specialization,"Unselected, route evidence required",Customer interviews and delivered-cost comparison before a commercial launch.,Watch customer specialization,"UN medium projection shows population decline. Specific convenience, nutrition or industrial segments need measured purchases and unit economics.","Confirm product demand, accessible HS line, counterparties, delivered spread, cash conversion and legal clearance.",Threshold-only case,,"Product, sanctions, licensing and counterparty review required. No legal clearance asserted.",Country water-stress observation where available. Crop/basin/asset hazards unquantified. No fitted crop damage claim.,Country/category competitor shares and costs unavailable. Local diligence required.,,"Conditional research priority only, capital economics unvalidated","Country/category lead with Finance, Treasury, Supply Chain and Legal",Evidence before capital commitment,"Reconciled customer orders and delivered unit economics, seasonal NWC, plant/route constraints, basin hazards and applicable taxes",,
PRT,PT,620,Portugal,Europe,Southern Europe,Member state,-0.06354247211400621,11,"Not verified, absence not inferred",,False,"Staple trade, product selection pending",Potential customer market,Buyer/supplier segment requires local validation,trade,Watch customer specialization,"Unselected, route evidence required",Customer interviews and delivered-cost comparison before a commercial launch.,Watch customer specialization,"UN medium projection shows population decline. Specific convenience, nutrition or industrial segments need measured purchases and unit economics.","Confirm product demand, accessible HS line, counterparties, delivered spread, cash conversion and legal clearance.",Threshold-only case,,"Product, sanctions, licensing and counterparty review required. No legal clearance asserted.",Country water-stress observation where available. Crop/basin/asset hazards unquantified. No fitted crop damage claim.,Country/category competitor shares and costs unavailable. Local diligence required.,,"Conditional research priority only, capital economics unvalidated","Country/category lead with Finance, Treasury, Supply Chain and Legal",Evidence before capital commitment,"Reconciled customer orders and delivered unit economics, seasonal NWC, plant/route constraints, basin hazards and applicable taxes",,
QAT,QA,634,Qatar,Asia,Western Asia,Member state,0.32742324941808243,11,"Not verified, absence not inferred",,False,"Staple trade, product selection pending",Potential customer market,Buyer/supplier segment requires local validation,trade,Watch product/corridor opportunity,"Unselected, route evidence required",Customer interviews and delivered-cost comparison before a commercial launch.,Watch product/corridor opportunity,"Macro scale warrants a product screen, but no validated category demand, capture or Olam incremental cash supports asset entry yet.","Confirm product demand, accessible HS line, counterparties, delivered spread, cash conversion and legal clearance.",Threshold-only case,,"Product, sanctions, licensing and counterparty review required. No legal clearance asserted.",Country water-stress observation where available. Crop/basin/asset hazards unquantified. No fitted crop damage claim.,Country/category competitor shares and costs unavailable. Local diligence required.,,"Conditional research priority only, capital economics unvalidated","Country/category lead with Finance, Treasury, Supply Chain and Legal",Evidence before capital commitment,"Reconciled customer orders and delivered unit economics, seasonal NWC, plant/route constraints, basin hazards and applicable taxes",,
KOR,KR,410,Republic of Korea,Asia,Eastern Asia,Member state,-0.13428656776766867,11,"Not verified, absence not inferred",,False,"Staple trade, product selection pending",Potential customer market,Buyer/supplier segment requires local validation,trade,Watch customer specialization,"Unselected, route evidence required",Customer interviews and delivered-cost comparison before a commercial launch.,Watch customer specialization,"UN medium projection shows population decline. Specific convenience, nutrition or industrial segments need measured purchases and unit economics.","Confirm product demand, accessible HS line, counterparties, delivered spread, cash conversion and legal clearance.",Threshold-only case,,"Product, sanctions, licensing and counterparty review required. No legal clearance asserted.",Country water-stress observation where available. Crop/basin/asset hazards unquantified. No fitted crop damage claim.,Country/category competitor shares and costs unavailable. Local diligence required.,,"Conditional research priority only, capital economics unvalidated","Country/category lead with Finance, Treasury, Supply Chain and Legal",Evidence before capital commitment,"Reconciled customer orders and delivered unit economics, seasonal NWC, plant/route constraints, basin hazards and applicable taxes",,
MDA,MD,498,Republic of Moldova,Europe,Eastern Europe,Member state,-0.21277040496033262,11,"Not verified, absence not inferred",,False,"Staple trade, product selection pending",Potential customer market,Buyer/supplier segment requires local validation,trade,Watch customer specialization,"Unselected, route evidence required",Customer interviews and delivered-cost comparison before a commercial launch.,Watch customer specialization,"UN medium projection shows population decline. Specific convenience, nutrition or industrial segments need measured purchases and unit economics.","Confirm product demand, accessible HS line, counterparties, delivered spread, cash conversion and legal clearance.",Threshold-only case,,"Product, sanctions, licensing and counterparty review required. No legal clearance asserted.",Country water-stress observation where available. Crop/basin/asset hazards unquantified. No fitted crop damage claim.,Country/category competitor shares and costs unavailable. Local diligence required.,,"Conditional research priority only, capital economics unvalidated","Country/category lead with Finance, Treasury, Supply Chain and Legal",Evidence before capital commitment,"Reconciled customer orders and delivered unit economics, seasonal NWC, plant/route constraints, basin hazards and applicable taxes",,
ROU,RO,642,Romania,Europe,Eastern Europe,Member state,-0.15386669737489833,11,"Not verified, absence not inferred",,False,"Staple trade, product selection pending",Potential customer market,Buyer/supplier segment requires local validation,trade,Watch customer specialization,"Unselected, route evidence required",Customer interviews and delivered-cost comparison before a commercial launch.,Watch customer specialization,"UN medium projection shows population decline. Specific convenience, nutrition or industrial segments need measured purchases and unit economics.","Confirm product demand, accessible HS line, counterparties, delivered spread, cash conversion and legal clearance.",Threshold-only case,,"Product, sanctions, licensing and counterparty review required. No legal clearance asserted.",Country water-stress observation where available. Crop/basin/asset hazards unquantified. No fitted crop damage claim.,Country/category competitor shares and costs unavailable. Local diligence required.,,"Conditional research priority only, capital economics unvalidated","Country/category lead with Finance, Treasury, Supply Chain and Legal",Evidence before capital commitment,"Reconciled customer orders and delivered unit economics, seasonal NWC, plant/route constraints, basin hazards and applicable taxes",,
RUS,RU,643,Russian Federation,Europe,Eastern Europe,Member state,-0.05243068041025689,11,Disclosed location in June-2026 factsheet,CO_FACT,False,"Staple trade, product selection pending",Potential customer market,Buyer/supplier segment requires local validation,trade,Review existing operation,"Unselected, route evidence required",Customer interviews and delivered-cost comparison before a commercial launch.,Review existing operation,Disclosed operating location. Diagnose customer economics and cash before considering additional capital.,"Confirm product demand, accessible HS line, counterparties, delivered spread, cash conversion and legal clearance.",Threshold-only case,,"Product, sanctions, licensing and counterparty review required. No legal clearance asserted.",Country water-stress observation where available. Crop/basin/asset hazards unquantified. No fitted crop damage claim.,Country/category competitor shares and costs unavailable. Local diligence required.,,"Conditional research priority only, capital economics unvalidated","Country/category lead with Finance, Treasury, Supply Chain and Legal",Evidence before capital commitment,"Reconciled customer orders and delivered unit economics, seasonal NWC, plant/route constraints, basin hazards and applicable taxes",,
RWA,RW,646,Rwanda,Africa,Sub-Saharan Africa,Member state,0.5452141961556898,11,"Not verified, absence not inferred",,False,"Staple trade, product selection pending",Potential customer market,Buyer/supplier segment requires local validation,trade,Watch product/corridor opportunity,"Unselected, route evidence required",Customer interviews and delivered-cost comparison before a commercial launch.,Watch product/corridor opportunity,"Macro scale warrants a product screen, but no validated category demand, capture or Olam incremental cash supports asset entry yet.","Confirm product demand, accessible HS line, counterparties, delivered spread, cash conversion and legal clearance.",Threshold-only case,,"Product, sanctions, licensing and counterparty review required. No legal clearance asserted.",Country water-stress observation where available. Crop/basin/asset hazards unquantified. No fitted crop damage claim.,Country/category competitor shares and costs unavailable. Local diligence required.,,"Conditional research priority only, capital economics unvalidated","Country/category lead with Finance, Treasury, Supply Chain and Legal",Evidence before capital commitment,"Reconciled customer orders and delivered unit economics, seasonal NWC, plant/route constraints, basin hazards and applicable taxes",,
KNA,KN,659,Saint Kitts and Nevis,Americas,Latin America and the Caribbean,Member state,-0.06371297242083762,10,"Not verified, absence not inferred",,False,"Staple trade, product selection pending",Potential customer market,Buyer/supplier segment requires local validation,trade,Watch regional trade,"Unselected, route evidence required",Customer interviews and delivered-cost comparison before a commercial launch.,Watch regional trade,Small domestic population suggests a route-based customer screen before standalone capacity. Population alone cannot exclude B2B demand.,"Confirm product demand, accessible HS line, counterparties, delivered spread, cash conversion and legal clearance.",Threshold-only case,,"Product, sanctions, licensing and counterparty review required. No legal clearance asserted.",Country water-stress observation where available. Crop/basin/asset hazards unquantified. No fitted crop damage claim.,Country/category competitor shares and costs unavailable. Local diligence required.,,"Conditional research priority only, capital economics unvalidated","Country/category lead with Finance, Treasury, Supply Chain and Legal",Evidence before capital commitment,"Reconciled customer orders and delivered unit economics, seasonal NWC, plant/route constraints, basin hazards and applicable taxes",,
LCA,LC,662,Saint Lucia,Americas,Latin America and the Caribbean,Member state,-0.05175413323877487,10,"Not verified, absence not inferred",,False,"Staple trade, product selection pending",Potential customer market,Buyer/supplier segment requires local validation,trade,Watch regional trade,"Unselected, route evidence required",Customer interviews and delivered-cost comparison before a commercial launch.,Watch regional trade,Small domestic population suggests a route-based customer screen before standalone capacity. Population alone cannot exclude B2B demand.,"Confirm product demand, accessible HS line, counterparties, delivered spread, cash conversion and legal clearance.",Threshold-only case,,"Product, sanctions, licensing and counterparty review required. No legal clearance asserted.",Country water-stress observation where available. Crop/basin/asset hazards unquantified. No fitted crop damage claim.,Country/category competitor shares and costs unavailable. Local diligence required.,,"Conditional research priority only, capital economics unvalidated","Country/category lead with Finance, Treasury, Supply Chain and Legal",Evidence before capital commitment,"Reconciled customer orders and delivered unit economics, seasonal NWC, plant/route constraints, basin hazards and applicable taxes",,
VCT,VC,670,Saint Vincent and the Grenadines,Americas,Latin America and the Caribbean,Member state,-0.10831779938535946,11,"Not verified, absence not inferred",,False,"Staple trade, product selection pending",Potential customer market,Buyer/supplier segment requires local validation,trade,Watch regional trade,"Unselected, route evidence required",Customer interviews and delivered-cost comparison before a commercial launch.,Watch regional trade,Small domestic population suggests a route-based customer screen before standalone capacity. Population alone cannot exclude B2B demand.,"Confirm product demand, accessible HS line, counterparties, delivered spread, cash conversion and legal clearance.",Threshold-only case,,"Product, sanctions, licensing and counterparty review required. No legal clearance asserted.",Country water-stress observation where available. Crop/basin/asset hazards unquantified. No fitted crop damage claim.,Country/category competitor shares and costs unavailable. Local diligence required.,,"Conditional research priority only, capital economics unvalidated","Country/category lead with Finance, Treasury, Supply Chain and Legal",Evidence before capital commitment,"Reconciled customer orders and delivered unit economics, seasonal NWC, plant/route constraints, basin hazards and applicable taxes",,
WSM,WS,882,Samoa,Oceania,Polynesia,Member state,0.24756946963650872,9,"Not verified, absence not inferred",,False,"Staple trade, product selection pending",Potential customer market,Buyer/supplier segment requires local validation,trade,Watch regional trade,"Unselected, route evidence required",Customer interviews and delivered-cost comparison before a commercial launch.,Watch regional trade,Small domestic population suggests a route-based customer screen before standalone capacity. Population alone cannot exclude B2B demand.,"Confirm product demand, accessible HS line, counterparties, delivered spread, cash conversion and legal clearance.",Threshold-only case,,"Product, sanctions, licensing and counterparty review required. No legal clearance asserted.",Country water-stress observation where available. Crop/basin/asset hazards unquantified. No fitted crop damage claim.,Country/category competitor shares and costs unavailable. Local diligence required.,,"Conditional research priority only, capital economics unvalidated","Country/category lead with Finance, Treasury, Supply Chain and Legal",Evidence before capital commitment,"Reconciled customer orders and delivered unit economics, seasonal NWC, plant/route constraints, basin hazards and applicable taxes",,
SMR,SM,674,San Marino,Europe,Southern Europe,Member state,0.001130784109507621,4,"Not verified, absence not inferred",,False,"Staple trade, product selection pending",Potential customer market,Buyer/supplier segment requires local validation,trade,Watch regional trade,"Unselected, route evidence required",Customer interviews and delivered-cost comparison before a commercial launch.,Watch regional trade,Small domestic population suggests a route-based customer screen before standalone capacity. Population alone cannot exclude B2B demand.,"Confirm product demand, accessible HS line, counterparties, delivered spread, cash conversion and legal clearance.",Threshold-only case,,"Product, sanctions, licensing and counterparty review required. No legal clearance asserted.",Country water-stress observation where available. Crop/basin/asset hazards unquantified. No fitted crop damage claim.,Country/category competitor shares and costs unavailable. Local diligence required.,,"Conditional research priority only, capital economics unvalidated","Country/category lead with Finance, Treasury, Supply Chain and Legal",Evidence before capital commitment,"Reconciled customer orders and delivered unit economics, seasonal NWC, plant/route constraints, basin hazards and applicable taxes",,
STP,ST,678,Sao Tome and Principe,Africa,Sub-Saharan Africa,Member state,0.5097308505514422,11,"Not verified, absence not inferred",,False,"Staple trade, product selection pending",Potential customer market,Buyer/supplier segment requires local validation,trade,Watch regional trade,"Unselected, route evidence required",Customer interviews and delivered-cost comparison before a commercial launch.,Watch regional trade,Small domestic population suggests a route-based customer screen before standalone capacity. Population alone cannot exclude B2B demand.,"Confirm product demand, accessible HS line, counterparties, delivered spread, cash conversion and legal clearance.",Threshold-only case,,"Product, sanctions, licensing and counterparty review required. No legal clearance asserted.",Country water-stress observation where available. Crop/basin/asset hazards unquantified. No fitted crop damage claim.,Country/category competitor shares and costs unavailable. Local diligence required.,,"Conditional research priority only, capital economics unvalidated","Country/category lead with Finance, Treasury, Supply Chain and Legal",Evidence before capital commitment,"Reconciled customer orders and delivered unit economics, seasonal NWC, plant/route constraints, basin hazards and applicable taxes",,
SAU,SA,682,Saudi Arabia,Asia,Western Asia,Member state,0.37059474881082566,11,Disclosed location in June-2026 factsheet,CO_FACT,True,Grain supply and food-security contracts,B2B customer market,Commercial and eligible institutional buyers,trade,"Offtake diligence, with capped trade pilot",Multiple eligible origins to Saudi import contracts,"Build a service offer around specification, continuity and verifiable delivered cost.",Diligence priority,Factsheet lists Saudi Arabia. SALIC alignment warrants discussion while transaction economics govern commitment.,Secure independently bankable offtake. Ownership creates no guaranteed government order or funding.,Threshold-only case,,"Product, sanctions, licensing and counterparty review required. No legal clearance asserted.",Country water-stress observation where available. Crop/basin/asset hazards unquantified. No fitted crop damage claim.,Country/category competitor shares and costs unavailable. Local diligence required.,,"Conditional research priority only, capital economics unvalidated","Country/category lead with Finance, Treasury, Supply Chain and Legal",Evidence before capital commitment,"Reconciled customer orders and delivered unit economics, seasonal NWC, plant/route constraints, basin hazards and applicable taxes",,
SEN,SN,686,Senegal,Africa,Sub-Saharan Africa,Member state,0.5912525040600938,11,Disclosed location in June-2026 factsheet,CO_FACT,True,Flour and feed,Customer and processing market,Bakers and livestock producers,partner,Existing-operation service pilot,Wheat/feed inputs to Senegal processing,Compare baker yield and feed conversion with the delivered service cost.,Diligence priority,Existing wheat/feed operations make service economics testable before new commitments.,"Validate capacity bottleneck, payment terms and customer-level contribution.",Threshold-only case,,"Product, sanctions, licensing and counterparty review required. No legal clearance asserted.",Country water-stress observation where available. Crop/basin/asset hazards unquantified. No fitted crop damage claim.,Country/category competitor shares and costs unavailable. Local diligence required.,,"Conditional research priority only, capital economics unvalidated","Country/category lead with Finance, Treasury, Supply Chain and Legal",Evidence before capital commitment,"Reconciled customer orders and delivered unit economics, seasonal NWC, plant/route constraints, basin hazards and applicable taxes",,
SRB,RS,688,Serbia,Europe,Southern Europe,Member state,-0.17343891053911165,11,"Not verified, absence not inferred",,False,"Staple trade, product selection pending",Potential customer market,Buyer/supplier segment requires local validation,trade,Watch customer specialization,"Unselected, route evidence required",Customer interviews and delivered-cost comparison before a commercial launch.,Watch customer specialization,"UN medium projection shows population decline. Specific convenience, nutrition or industrial segments need measured purchases and unit economics.","Confirm product demand, accessible HS line, counterparties, delivered spread, cash conversion and legal clearance.",Threshold-only case,,"Product, sanctions, licensing and counterparty review required. No legal clearance asserted.",Country water-stress observation where available. Crop/basin/asset hazards unquantified. No fitted crop damage claim.,Country/category competitor shares and costs unavailable. Local diligence required.,,"Conditional research priority only, capital economics unvalidated","Country/category lead with Finance, Treasury, Supply Chain and Legal",Evidence before capital commitment,"Reconciled customer orders and delivered unit economics, seasonal NWC, plant/route constraints, basin hazards and applicable taxes",,
SYC,SC,690,Seychelles,Africa,Sub-Saharan Africa,Member state,0.04859994516853261,9,"Not verified, absence not inferred",,False,"Staple trade, product selection pending",Potential customer market,Buyer/supplier segment requires local validation,trade,Watch regional trade,"Unselected, route evidence required",Customer interviews and delivered-cost comparison before a commercial launch.,Watch regional trade,Small domestic population suggests a route-based customer screen before standalone capacity. Population alone cannot exclude B2B demand.,"Confirm product demand, accessible HS line, counterparties, delivered spread, cash conversion and legal clearance.",Threshold-only case,,"Product, sanctions, licensing and counterparty review required. No legal clearance asserted.",Country water-stress observation where available. Crop/basin/asset hazards unquantified. No fitted crop damage claim.,Country/category competitor shares and costs unavailable. Local diligence required.,,"Conditional research priority only, capital economics unvalidated","Country/category lead with Finance, Treasury, Supply Chain and Legal",Evidence before capital commitment,"Reconciled customer orders and delivered unit economics, seasonal NWC, plant/route constraints, basin hazards and applicable taxes",,
SLE,SL,694,Sierra Leone,Africa,Sub-Saharan Africa,Member state,0.45535546467083376,11,"Not verified, absence not inferred",,False,"Staple trade, product selection pending",Potential customer market,Buyer/supplier segment requires local validation,trade,Watch product/corridor opportunity,"Unselected, route evidence required",Customer interviews and delivered-cost comparison before a commercial launch.,Watch product/corridor opportunity,"Macro scale warrants a product screen, but no validated category demand, capture or Olam incremental cash supports asset entry yet.","Confirm product demand, accessible HS line, counterparties, delivered spread, cash conversion and legal clearance.",Threshold-only case,,"Product, sanctions, licensing and counterparty review required. No legal clearance asserted.",Country water-stress observation where available. Crop/basin/asset hazards unquantified. No fitted crop damage claim.,Country/category competitor shares and costs unavailable. Local diligence required.,,"Conditional research priority only, capital economics unvalidated","Country/category lead with Finance, Treasury, Supply Chain and Legal",Evidence before capital commitment,"Reconciled customer orders and delivered unit economics, seasonal NWC, plant/route constraints, basin hazards and applicable taxes",,
SGP,SG,702,Singapore,Asia,South-eastern Asia,Member state,0.026885671383201526,10,Disclosed location in June-2026 factsheet,CO_FACT,False,"Staple trade, product selection pending",Potential customer market,Buyer/supplier segment requires local validation,trade,Review existing operation,"Unselected, route evidence required",Customer interviews and delivered-cost comparison before a commercial launch.,Review existing operation,Disclosed operating location. Diagnose customer economics and cash before considering additional capital.,"Confirm product demand, accessible HS line, counterparties, delivered spread, cash conversion and legal clearance.",Threshold-only case,,"Product, sanctions, licensing and counterparty review required. No legal clearance asserted.",Country water-stress observation where available. Crop/basin/asset hazards unquantified. No fitted crop damage claim.,Country/category competitor shares and costs unavailable. Local diligence required.,,"Conditional research priority only, capital economics unvalidated","Country/category lead with Finance, Treasury, Supply Chain and Legal",Evidence before capital commitment,"Reconciled customer orders and delivered unit economics, seasonal NWC, plant/route constraints, basin hazards and applicable taxes",,
SVK,SK,703,Slovakia,Europe,Eastern Europe,Member state,-0.0994276271787754,11,"Not verified, absence not inferred",,False,"Staple trade, product selection pending",Potential customer market,Buyer/supplier segment requires local validation,trade,Watch customer specialization,"Unselected, route evidence required",Customer interviews and delivered-cost comparison before a commercial launch.,Watch customer specialization,"UN medium projection shows population decline. Specific convenience, nutrition or industrial segments need measured purchases and unit economics.","Confirm product demand, accessible HS line, counterparties, delivered spread, cash conversion and legal clearance.",Threshold-only case,,"Product, sanctions, licensing and counterparty review required. No legal clearance asserted.",Country water-stress observation where available. Crop/basin/asset hazards unquantified. No fitted crop damage claim.,Country/category competitor shares and costs unavailable. Local diligence required.,,"Conditional research priority only, capital economics unvalidated","Country/category lead with Finance, Treasury, Supply Chain and Legal",Evidence before capital commitment,"Reconciled customer orders and delivered unit economics, seasonal NWC, plant/route constraints, basin hazards and applicable taxes",,
SVN,SI,705,Slovenia,Europe,Southern Europe,Member state,-0.06664891682623397,11,"Not verified, absence not inferred",,False,"Staple trade, product selection pending",Potential customer market,Buyer/supplier segment requires local validation,trade,Watch customer specialization,"Unselected, route evidence required",Customer interviews and delivered-cost comparison before a commercial launch.,Watch customer specialization,"UN medium projection shows population decline. Specific convenience, nutrition or industrial segments need measured purchases and unit economics.","Confirm product demand, accessible HS line, counterparties, delivered spread, cash conversion and legal clearance.",Threshold-only case,,"Product, sanctions, licensing and counterparty review required. No legal clearance asserted.",Country water-stress observation where available. Crop/basin/asset hazards unquantified. No fitted crop damage claim.,Country/category competitor shares and costs unavailable. Local diligence required.,,"Conditional research priority only, capital economics unvalidated","Country/category lead with Finance, Treasury, Supply Chain and Legal",Evidence before capital commitment,"Reconciled customer orders and delivered unit economics, seasonal NWC, plant/route constraints, basin hazards and applicable taxes",,
SLB,SB,090,Solomon Islands,Oceania,Melanesia,Member state,0.5444734168484238,10,"Not verified, absence not inferred",,False,"Staple trade, product selection pending",Potential customer market,Buyer/supplier segment requires local validation,trade,Watch regional trade,"Unselected, route evidence required",Customer interviews and delivered-cost comparison before a commercial launch.,Watch regional trade,Small domestic population suggests a route-based customer screen before standalone capacity. Population alone cannot exclude B2B demand.,"Confirm product demand, accessible HS line, counterparties, delivered spread, cash conversion and legal clearance.",Threshold-only case,,"Product, sanctions, licensing and counterparty review required. No legal clearance asserted.",Country water-stress observation where available. Crop/basin/asset hazards unquantified. No fitted crop damage claim.,Country/category competitor shares and costs unavailable. Local diligence required.,,"Conditional research priority only, capital economics unvalidated","Country/category lead with Finance, Treasury, Supply Chain and Legal",Evidence before capital commitment,"Reconciled customer orders and delivered unit economics, seasonal NWC, plant/route constraints, basin hazards and applicable taxes",,
SOM,SO,706,Somalia,Africa,Sub-Saharan Africa,Member state,0.869101537793904,8,"Not verified, absence not inferred",,False,"Staple trade, product selection pending",Potential customer market,Buyer/supplier segment requires local validation,trade,Watch product/corridor opportunity,"Unselected, route evidence required",Customer interviews and delivered-cost comparison before a commercial launch.,Watch product/corridor opportunity,"Macro scale warrants a product screen, but no validated category demand, capture or Olam incremental cash supports asset entry yet.","Confirm product demand, accessible HS line, counterparties, delivered spread, cash conversion and legal clearance.",Threshold-only case,,"Product, sanctions, licensing and counterparty review required. No legal clearance asserted.",Country water-stress observation where available. Crop/basin/asset hazards unquantified. No fitted crop damage claim.,Country/category competitor shares and costs unavailable. Local diligence required.,,"Conditional research priority only, capital economics unvalidated","Country/category lead with Finance, Treasury, Supply Chain and Legal",Evidence before capital commitment,"Reconciled customer orders and delivered unit economics, seasonal NWC, plant/route constraints, basin hazards and applicable taxes",,
ZAF,ZA,710,South Africa,Africa,Sub-Saharan Africa,Member state,0.2169359811983802,11,Disclosed location in June-2026 factsheet,CO_FACT,True,Grains and edible oils,B2B customer market,Industrial food and feed buyers,trade,Contract and service trial,Grains/oils to South African industrial customers,Sell delivered specification and reliable service through repeat contracts.,Diligence priority,Company country evidence identifies grain/oil trading. A new plant has no public justification here.,"Require quality-adjusted spread, counterparty limits and inventory stress.",Threshold-only case,,"Product, sanctions, licensing and counterparty review required. No legal clearance asserted.",Country water-stress observation where available. Crop/basin/asset hazards unquantified. No fitted crop damage claim.,Country/category competitor shares and costs unavailable. Local diligence required.,,"Conditional research priority only, capital economics unvalidated","Country/category lead with Finance, Treasury, Supply Chain and Legal",Evidence before capital commitment,"Reconciled customer orders and delivered unit economics, seasonal NWC, plant/route constraints, basin hazards and applicable taxes",,
SSD,SS,728,South Sudan,Africa,Sub-Saharan Africa,Member state,0.49106962290318057,8,"Not verified, absence not inferred",,False,"Staple trade, product selection pending",Potential customer market,Buyer/supplier segment requires local validation,trade,Watch product/corridor opportunity,"Unselected, route evidence required",Customer interviews and delivered-cost comparison before a commercial launch.,Watch product/corridor opportunity,"Macro scale warrants a product screen, but no validated category demand, capture or Olam incremental cash supports asset entry yet.","Confirm product demand, accessible HS line, counterparties, delivered spread, cash conversion and legal clearance.",Threshold-only case,,"Product, sanctions, licensing and counterparty review required. No legal clearance asserted.",Country water-stress observation where available. Crop/basin/asset hazards unquantified. No fitted crop damage claim.,Country/category competitor shares and costs unavailable. Local diligence required.,,"Conditional research priority only, capital economics unvalidated","Country/category lead with Finance, Treasury, Supply Chain and Legal",Evidence before capital commitment,"Reconciled customer orders and delivered unit economics, seasonal NWC, plant/route constraints, basin hazards and applicable taxes",,
ESP,ES,724,Spain,Europe,Southern Europe,Member state,-0.06558959221428162,11,Disclosed location in June-2026 factsheet,CO_FACT,False,"Staple trade, product selection pending",Potential customer market,Buyer/supplier segment requires local validation,trade,Review existing operation,"Unselected, route evidence required",Customer interviews and delivered-cost comparison before a commercial launch.,Review existing operation,Disclosed operating location. Diagnose customer economics and cash before considering additional capital.,"Confirm product demand, accessible HS line, counterparties, delivered spread, cash conversion and legal clearance.",Threshold-only case,,"Product, sanctions, licensing and counterparty review required. No legal clearance asserted.",Country water-stress observation where available. Crop/basin/asset hazards unquantified. No fitted crop damage claim.,Country/category competitor shares and costs unavailable. Local diligence required.,,"Conditional research priority only, capital economics unvalidated","Country/category lead with Finance, Treasury, Supply Chain and Legal",Evidence before capital commitment,"Reconciled customer orders and delivered unit economics, seasonal NWC, plant/route constraints, basin hazards and applicable taxes",,
LKA,LK,144,Sri Lanka,Asia,Southern Asia,Member state,0.0628071875850571,11,Disclosed location in June-2026 factsheet,CO_FACT,False,"Staple trade, product selection pending",Potential customer market,Buyer/supplier segment requires local validation,trade,Review existing operation,"Unselected, route evidence required",Customer interviews and delivered-cost comparison before a commercial launch.,Review existing operation,Disclosed operating location. Diagnose customer economics and cash before considering additional capital.,"Confirm product demand, accessible HS line, counterparties, delivered spread, cash conversion and legal clearance.",Threshold-only case,,"Product, sanctions, licensing and counterparty review required. No legal clearance asserted.",Country water-stress observation where available. Crop/basin/asset hazards unquantified. No fitted crop damage claim.,Country/category competitor shares and costs unavailable. Local diligence required.,,"Conditional research priority only, capital economics unvalidated","Country/category lead with Finance, Treasury, Supply Chain and Legal",Evidence before capital commitment,"Reconciled customer orders and delivered unit economics, seasonal NWC, plant/route constraints, basin hazards and applicable taxes",,
PSE,PS,275,State of Palestine,Asia,Western Asia,Observer state,0.5035223502008681,9,"Not verified, absence not inferred",,False,"Staple trade, product selection pending",Potential customer market,Buyer/supplier segment requires local validation,trade,Watch product/corridor opportunity,"Unselected, route evidence required",Customer interviews and delivered-cost comparison before a commercial launch.,Watch product/corridor opportunity,"Macro scale warrants a product screen, but no validated category demand, capture or Olam incremental cash supports asset entry yet.","Confirm product demand, accessible HS line, counterparties, delivered spread, cash conversion and legal clearance.",Threshold-only case,,"Product, sanctions, licensing and counterparty review required. No legal clearance asserted.",Country water-stress observation where available. Crop/basin/asset hazards unquantified. No fitted crop damage claim.,Country/category competitor shares and costs unavailable. Local diligence required.,,"Conditional research priority only, capital economics unvalidated","Country/category lead with Finance, Treasury, Supply Chain and Legal",Evidence before capital commitment,"Reconciled customer orders and delivered unit economics, seasonal NWC, plant/route constraints, basin hazards and applicable taxes",,
SDN,SD,729,Sudan,Africa,Northern Africa,Member state,0.6248995664053856,11,"Not verified, absence not inferred",,False,"Staple trade, product selection pending",Potential customer market,Buyer/supplier segment requires local validation,trade,Watch product/corridor opportunity,"Unselected, route evidence required",Customer interviews and delivered-cost comparison before a commercial launch.,Watch product/corridor opportunity,"Macro scale warrants a product screen, but no validated category demand, capture or Olam incremental cash supports asset entry yet.","Confirm product demand, accessible HS line, counterparties, delivered spread, cash conversion and legal clearance.",Threshold-only case,,"Product, sanctions, licensing and counterparty review required. No legal clearance asserted.",Country water-stress observation where available. Crop/basin/asset hazards unquantified. No fitted crop damage claim.,Country/category competitor shares and costs unavailable. Local diligence required.,,"Conditional research priority only, capital economics unvalidated","Country/category lead with Finance, Treasury, Supply Chain and Legal",Evidence before capital commitment,"Reconciled customer orders and delivered unit economics, seasonal NWC, plant/route constraints, basin hazards and applicable taxes",,
SUR,SR,740,Suriname,Americas,Latin America and the Caribbean,Member state,0.1401707229378728,11,"Not verified, absence not inferred",,False,"Staple trade, product selection pending",Potential customer market,Buyer/supplier segment requires local validation,trade,Watch regional trade,"Unselected, route evidence required",Customer interviews and delivered-cost comparison before a commercial launch.,Watch regional trade,Small domestic population suggests a route-based customer screen before standalone capacity. Population alone cannot exclude B2B demand.,"Confirm product demand, accessible HS line, counterparties, delivered spread, cash conversion and legal clearance.",Threshold-only case,,"Product, sanctions, licensing and counterparty review required. No legal clearance asserted.",Country water-stress observation where available. Crop/basin/asset hazards unquantified. No fitted crop damage claim.,Country/category competitor shares and costs unavailable. Local diligence required.,,"Conditional research priority only, capital economics unvalidated","Country/category lead with Finance, Treasury, Supply Chain and Legal",Evidence before capital commitment,"Reconciled customer orders and delivered unit economics, seasonal NWC, plant/route constraints, basin hazards and applicable taxes",,
SWE,SE,752,Sweden,Europe,Northern Europe,Member state,0.058503994982920915,11,"Not verified, absence not inferred",,False,"Staple trade, product selection pending",Potential customer market,Buyer/supplier segment requires local validation,trade,Watch product/corridor opportunity,"Unselected, route evidence required",Customer interviews and delivered-cost comparison before a commercial launch.,Watch product/corridor opportunity,"Macro scale warrants a product screen, but no validated category demand, capture or Olam incremental cash supports asset entry yet.","Confirm product demand, accessible HS line, counterparties, delivered spread, cash conversion and legal clearance.",Threshold-only case,,"Product, sanctions, licensing and counterparty review required. No legal clearance asserted.",Country water-stress observation where available. Crop/basin/asset hazards unquantified. No fitted crop damage claim.,Country/category competitor shares and costs unavailable. Local diligence required.,,"Conditional research priority only, capital economics unvalidated","Country/category lead with Finance, Treasury, Supply Chain and Legal",Evidence before capital commitment,"Reconciled customer orders and delivered unit economics, seasonal NWC, plant/route constraints, basin hazards and applicable taxes",,
CHE,CH,756,Switzerland,Europe,Western Europe,Member state,0.03726926380897977,11,Disclosed location in June-2026 factsheet,CO_FACT,False,"Staple trade, product selection pending",Potential customer market,Buyer/supplier segment requires local validation,trade,Review existing operation,"Unselected, route evidence required",Customer interviews and delivered-cost comparison before a commercial launch.,Review existing operation,Disclosed operating location. Diagnose customer economics and cash before considering additional capital.,"Confirm product demand, accessible HS line, counterparties, delivered spread, cash conversion and legal clearance.",Threshold-only case,,"Product, sanctions, licensing and counterparty review required. No legal clearance asserted.",Country water-stress observation where available. Crop/basin/asset hazards unquantified. No fitted crop damage claim.,Country/category competitor shares and costs unavailable. Local diligence required.,,"Conditional research priority only, capital economics unvalidated","Country/category lead with Finance, Treasury, Supply Chain and Legal",Evidence before capital commitment,"Reconciled customer orders and delivered unit economics, seasonal NWC, plant/route constraints, basin hazards and applicable taxes",,
SYR,SY,760,Syrian Arab Republic,Asia,Western Asia,Member state,0.439395195700655,11,"Not verified, absence not inferred",,False,"Staple trade, product selection pending",Potential customer market,Buyer/supplier segment requires local validation,trade,Watch product/corridor opportunity,"Unselected, route evidence required",Customer interviews and delivered-cost comparison before a commercial launch.,Watch product/corridor opportunity,"Macro scale warrants a product screen, but no validated category demand, capture or Olam incremental cash supports asset entry yet.","Confirm product demand, accessible HS line, counterparties, delivered spread, cash conversion and legal clearance.",Threshold-only case,,"Product, sanctions, licensing and counterparty review required. No legal clearance asserted.",Country water-stress observation where available. Crop/basin/asset hazards unquantified. No fitted crop damage claim.,Country/category competitor shares and costs unavailable. Local diligence required.,,"Conditional research priority only, capital economics unvalidated","Country/category lead with Finance, Treasury, Supply Chain and Legal",Evidence before capital commitment,"Reconciled customer orders and delivered unit economics, seasonal NWC, plant/route constraints, basin hazards and applicable taxes",,
TJK,TJ,762,Tajikistan,Asia,Central Asia,Member state,0.43348709612219194,11,"Not verified, absence not inferred",,False,"Staple trade, product selection pending",Potential customer market,Buyer/supplier segment requires local validation,trade,Watch product/corridor opportunity,"Unselected, route evidence required",Customer interviews and delivered-cost comparison before a commercial launch.,Watch product/corridor opportunity,"Macro scale warrants a product screen, but no validated category demand, capture or Olam incremental cash supports asset entry yet.","Confirm product demand, accessible HS line, counterparties, delivered spread, cash conversion and legal clearance.",Threshold-only case,,"Product, sanctions, licensing and counterparty review required. No legal clearance asserted.",Country water-stress observation where available. Crop/basin/asset hazards unquantified. No fitted crop damage claim.,Country/category competitor shares and costs unavailable. Local diligence required.,,"Conditional research priority only, capital economics unvalidated","Country/category lead with Finance, Treasury, Supply Chain and Legal",Evidence before capital commitment,"Reconciled customer orders and delivered unit economics, seasonal NWC, plant/route constraints, basin hazards and applicable taxes",,
THA,TH,764,Thailand,Asia,South-eastern Asia,Member state,-0.07789945596967585,11,Disclosed location in June-2026 factsheet,CO_FACT,False,"Staple trade, product selection pending",Potential customer market,Buyer/supplier segment requires local validation,trade,Review existing operation,"Unselected, route evidence required",Customer interviews and delivered-cost comparison before a commercial launch.,Review existing operation,Disclosed operating location. Diagnose customer economics and cash before considering additional capital.,"Confirm product demand, accessible HS line, counterparties, delivered spread, cash conversion and legal clearance.",Threshold-only case,,"Product, sanctions, licensing and counterparty review required. No legal clearance asserted.",Country water-stress observation where available. Crop/basin/asset hazards unquantified. No fitted crop damage claim.,Country/category competitor shares and costs unavailable. Local diligence required.,,"Conditional research priority only, capital economics unvalidated","Country/category lead with Finance, Treasury, Supply Chain and Legal",Evidence before capital commitment,"Reconciled customer orders and delivered unit economics, seasonal NWC, plant/route constraints, basin hazards and applicable taxes",,
TLS,TL,626,Timor-Leste,Asia,South-eastern Asia,Member state,0.32422544562234723,11,"Not verified, absence not inferred",,False,"Staple trade, product selection pending",Potential customer market,Buyer/supplier segment requires local validation,trade,Watch product/corridor opportunity,"Unselected, route evidence required",Customer interviews and delivered-cost comparison before a commercial launch.,Watch product/corridor opportunity,"Macro scale warrants a product screen, but no validated category demand, capture or Olam incremental cash supports asset entry yet.","Confirm product demand, accessible HS line, counterparties, delivered spread, cash conversion and legal clearance.",Threshold-only case,,"Product, sanctions, licensing and counterparty review required. No legal clearance asserted.",Country water-stress observation where available. Crop/basin/asset hazards unquantified. No fitted crop damage claim.,Country/category competitor shares and costs unavailable. Local diligence required.,,"Conditional research priority only, capital economics unvalidated","Country/category lead with Finance, Treasury, Supply Chain and Legal",Evidence before capital commitment,"Reconciled customer orders and delivered unit economics, seasonal NWC, plant/route constraints, basin hazards and applicable taxes",,
TGO,TG,768,Togo,Africa,Sub-Saharan Africa,Member state,0.5941494029051493,11,Disclosed location in June-2026 factsheet,CO_FACT,False,"Staple trade, product selection pending",Potential customer market,Buyer/supplier segment requires local validation,trade,Review existing operation,"Unselected, route evidence required",Customer interviews and delivered-cost comparison before a commercial launch.,Review existing operation,Disclosed operating location. Diagnose customer economics and cash before considering additional capital.,"Confirm product demand, accessible HS line, counterparties, delivered spread, cash conversion and legal clearance.",Threshold-only case,,"Product, sanctions, licensing and counterparty review required. No legal clearance asserted.",Country water-stress observation where available. Crop/basin/asset hazards unquantified. No fitted crop damage claim.,Country/category competitor shares and costs unavailable. Local diligence required.,,"Conditional research priority only, capital economics unvalidated","Country/category lead with Finance, Treasury, Supply Chain and Legal",Evidence before capital commitment,"Reconciled customer orders and delivered unit economics, seasonal NWC, plant/route constraints, basin hazards and applicable taxes",,
TON,TO,776,Tonga,Oceania,Polynesia,Member state,0.020572944399802395,9,"Not verified, absence not inferred",,False,"Staple trade, product selection pending",Potential customer market,Buyer/supplier segment requires local validation,trade,Watch regional trade,"Unselected, route evidence required",Customer interviews and delivered-cost comparison before a commercial launch.,Watch regional trade,Small domestic population suggests a route-based customer screen before standalone capacity. Population alone cannot exclude B2B demand.,"Confirm product demand, accessible HS line, counterparties, delivered spread, cash conversion and legal clearance.",Threshold-only case,,"Product, sanctions, licensing and counterparty review required. No legal clearance asserted.",Country water-stress observation where available. Crop/basin/asset hazards unquantified. No fitted crop damage claim.,Country/category competitor shares and costs unavailable. Local diligence required.,,"Conditional research priority only, capital economics unvalidated","Country/category lead with Finance, Treasury, Supply Chain and Legal",Evidence before capital commitment,"Reconciled customer orders and delivered unit economics, seasonal NWC, plant/route constraints, basin hazards and applicable taxes",,
TTO,TT,780,Trinidad and Tobago,Americas,Latin America and the Caribbean,Member state,-0.08066846057671218,11,"Not verified, absence not inferred",,False,"Staple trade, product selection pending",Potential customer market,Buyer/supplier segment requires local validation,trade,Watch customer specialization,"Unselected, route evidence required",Customer interviews and delivered-cost comparison before a commercial launch.,Watch customer specialization,"UN medium projection shows population decline. Specific convenience, nutrition or industrial segments need measured purchases and unit economics.","Confirm product demand, accessible HS line, counterparties, delivered spread, cash conversion and legal clearance.",Threshold-only case,,"Product, sanctions, licensing and counterparty review required. No legal clearance asserted.",Country water-stress observation where available. Crop/basin/asset hazards unquantified. No fitted crop damage claim.,Country/category competitor shares and costs unavailable. Local diligence required.,,"Conditional research priority only, capital economics unvalidated","Country/category lead with Finance, Treasury, Supply Chain and Legal",Evidence before capital commitment,"Reconciled customer orders and delivered unit economics, seasonal NWC, plant/route constraints, basin hazards and applicable taxes",,
TUN,TN,788,Tunisia,Africa,Northern Africa,Member state,0.05904275892865618,11,"Not verified, absence not inferred",,False,"Staple trade, product selection pending",Potential customer market,Buyer/supplier segment requires local validation,trade,Watch product/corridor opportunity,"Unselected, route evidence required",Customer interviews and delivered-cost comparison before a commercial launch.,Watch product/corridor opportunity,"Macro scale warrants a product screen, but no validated category demand, capture or Olam incremental cash supports asset entry yet.","Confirm product demand, accessible HS line, counterparties, delivered spread, cash conversion and legal clearance.",Threshold-only case,,"Product, sanctions, licensing and counterparty review required. No legal clearance asserted.",Country water-stress observation where available. Crop/basin/asset hazards unquantified. No fitted crop damage claim.,Country/category competitor shares and costs unavailable. Local diligence required.,,"Conditional research priority only, capital economics unvalidated","Country/category lead with Finance, Treasury, Supply Chain and Legal",Evidence before capital commitment,"Reconciled customer orders and delivered unit economics, seasonal NWC, plant/route constraints, basin hazards and applicable taxes",,
TKM,TM,795,Turkmenistan,Asia,Central Asia,Member state,0.2531076830331338,10,"Not verified, absence not inferred",,False,"Staple trade, product selection pending",Potential customer market,Buyer/supplier segment requires local validation,trade,Watch product/corridor opportunity,"Unselected, route evidence required",Customer interviews and delivered-cost comparison before a commercial launch.,Watch product/corridor opportunity,"Macro scale warrants a product screen, but no validated category demand, capture or Olam incremental cash supports asset entry yet.","Confirm product demand, accessible HS line, counterparties, delivered spread, cash conversion and legal clearance.",Threshold-only case,,"Product, sanctions, licensing and counterparty review required. No legal clearance asserted.",Country water-stress observation where available. Crop/basin/asset hazards unquantified. No fitted crop damage claim.,Country/category competitor shares and costs unavailable. Local diligence required.,,"Conditional research priority only, capital economics unvalidated","Country/category lead with Finance, Treasury, Supply Chain and Legal",Evidence before capital commitment,"Reconciled customer orders and delivered unit economics, seasonal NWC, plant/route constraints, basin hazards and applicable taxes",,
TUV,TV,798,Tuvalu,Oceania,Polynesia,Member state,0.05201879940183729,9,"Not verified, absence not inferred",,False,"Staple trade, product selection pending",Potential customer market,Buyer/supplier segment requires local validation,trade,Watch regional trade,"Unselected, route evidence required",Customer interviews and delivered-cost comparison before a commercial launch.,Watch regional trade,Small domestic population suggests a route-based customer screen before standalone capacity. Population alone cannot exclude B2B demand.,"Confirm product demand, accessible HS line, counterparties, delivered spread, cash conversion and legal clearance.",Threshold-only case,,"Product, sanctions, licensing and counterparty review required. No legal clearance asserted.",Country water-stress observation where available. Crop/basin/asset hazards unquantified. No fitted crop damage claim.,Country/category competitor shares and costs unavailable. Local diligence required.,,"Conditional research priority only, capital economics unvalidated","Country/category lead with Finance, Treasury, Supply Chain and Legal",Evidence before capital commitment,"Reconciled customer orders and delivered unit economics, seasonal NWC, plant/route constraints, basin hazards and applicable taxes",,
TUR,TR,792,Türkiye,Asia,Western Asia,Member state,0.036557195850032365,11,"Not verified, absence not inferred",,False,"Staple trade, product selection pending",Potential customer market,Buyer/supplier segment requires local validation,trade,Watch product/corridor opportunity,"Unselected, route evidence required",Customer interviews and delivered-cost comparison before a commercial launch.,Watch product/corridor opportunity,"Macro scale warrants a product screen, but no validated category demand, capture or Olam incremental cash supports asset entry yet.","Confirm product demand, accessible HS line, counterparties, delivered spread, cash conversion and legal clearance.",Threshold-only case,,"Product, sanctions, licensing and counterparty review required. No legal clearance asserted.",Country water-stress observation where available. Crop/basin/asset hazards unquantified. No fitted crop damage claim.,Country/category competitor shares and costs unavailable. Local diligence required.,,"Conditional research priority only, capital economics unvalidated","Country/category lead with Finance, Treasury, Supply Chain and Legal",Evidence before capital commitment,"Reconciled customer orders and delivered unit economics, seasonal NWC, plant/route constraints, basin hazards and applicable taxes",,
UGA,UG,800,Uganda,Africa,Sub-Saharan Africa,Member state,0.6436017351980856,11,"Not verified, absence not inferred",,False,"Staple trade, product selection pending",Potential customer market,Buyer/supplier segment requires local validation,trade,Watch product/corridor opportunity,"Unselected, route evidence required",Customer interviews and delivered-cost comparison before a commercial launch.,Watch product/corridor opportunity,"Macro scale warrants a product screen, but no validated category demand, capture or Olam incremental cash supports asset entry yet.","Confirm product demand, accessible HS line, counterparties, delivered spread, cash conversion and legal clearance.",Threshold-only case,,"Product, sanctions, licensing and counterparty review required. No legal clearance asserted.",Country water-stress observation where available. Crop/basin/asset hazards unquantified. No fitted crop damage claim.,Country/category competitor shares and costs unavailable. Local diligence required.,,"Conditional research priority only, capital economics unvalidated","Country/category lead with Finance, Treasury, Supply Chain and Legal",Evidence before capital commitment,"Reconciled customer orders and delivered unit economics, seasonal NWC, plant/route constraints, basin hazards and applicable taxes",,
UKR,UA,804,Ukraine,Europe,Eastern Europe,Member state,-0.19978860198499848,11,Disclosed location in June-2026 factsheet,CO_FACT,False,"Staple trade, product selection pending",Potential customer market,Buyer/supplier segment requires local validation,trade,Review existing operation,"Unselected, route evidence required",Customer interviews and delivered-cost comparison before a commercial launch.,Review existing operation,Disclosed operating location. Diagnose customer economics and cash before considering additional capital.,"Confirm product demand, accessible HS line, counterparties, delivered spread, cash conversion and legal clearance.",Threshold-only case,,"Product, sanctions, licensing and counterparty review required. No legal clearance asserted.",Country water-stress observation where available. Crop/basin/asset hazards unquantified. No fitted crop damage claim.,Country/category competitor shares and costs unavailable. Local diligence required.,,"Conditional research priority only, capital economics unvalidated","Country/category lead with Finance, Treasury, Supply Chain and Legal",Evidence before capital commitment,"Reconciled customer orders and delivered unit economics, seasonal NWC, plant/route constraints, basin hazards and applicable taxes",,
ARE,AE,784,United Arab Emirates,Asia,Western Asia,Member state,0.3429027251029446,11,Disclosed location in June-2026 factsheet,CO_FACT,False,"Staple trade, product selection pending",Potential customer market,Buyer/supplier segment requires local validation,trade,Review existing operation,"Unselected, route evidence required",Customer interviews and delivered-cost comparison before a commercial launch.,Review existing operation,Disclosed operating location. Diagnose customer economics and cash before considering additional capital.,"Confirm product demand, accessible HS line, counterparties, delivered spread, cash conversion and legal clearance.",Threshold-only case,,"Product, sanctions, licensing and counterparty review required. No legal clearance asserted.",Country water-stress observation where available. Crop/basin/asset hazards unquantified. No fitted crop damage claim.,Country/category competitor shares and costs unavailable. Local diligence required.,,"Conditional research priority only, capital economics unvalidated","Country/category lead with Finance, Treasury, Supply Chain and Legal",Evidence before capital commitment,"Reconciled customer orders and delivered unit economics, seasonal NWC, plant/route constraints, basin hazards and applicable taxes",,
GBR,GB,826,United Kingdom of Great Britain and Northern Ireland,Europe,Northern Europe,Member state,0.08129278971281728,11,Disclosed location in June-2026 factsheet,CO_FACT,False,"Staple trade, product selection pending",Potential customer market,Buyer/supplier segment requires local validation,trade,Review existing operation,"Unselected, route evidence required",Customer interviews and delivered-cost comparison before a commercial launch.,Review existing operation,Disclosed operating location. Diagnose customer economics and cash before considering additional capital.,"Confirm product demand, accessible HS line, counterparties, delivered spread, cash conversion and legal clearance.",Threshold-only case,,"Product, sanctions, licensing and counterparty review required. No legal clearance asserted.",Country water-stress observation where available. Crop/basin/asset hazards unquantified. No fitted crop damage claim.,Country/category competitor shares and costs unavailable. Local diligence required.,,"Conditional research priority only, capital economics unvalidated","Country/category lead with Finance, Treasury, Supply Chain and Legal",Evidence before capital commitment,"Reconciled customer orders and delivered unit economics, seasonal NWC, plant/route constraints, basin hazards and applicable taxes",,
TZA,TZ,834,United Republic of Tanzania,Africa,Sub-Saharan Africa,Member state,0.82295419284938,11,"Not verified, absence not inferred",,False,"Staple trade, product selection pending",Potential customer market,Buyer/supplier segment requires local validation,trade,Watch product/corridor opportunity,"Unselected, route evidence required",Customer interviews and delivered-cost comparison before a commercial launch.,Watch product/corridor opportunity,"Macro scale warrants a product screen, but no validated category demand, capture or Olam incremental cash supports asset entry yet.","Confirm product demand, accessible HS line, counterparties, delivered spread, cash conversion and legal clearance.",Threshold-only case,,"Product, sanctions, licensing and counterparty review required. No legal clearance asserted.",Country water-stress observation where available. Crop/basin/asset hazards unquantified. No fitted crop damage claim.,Country/category competitor shares and costs unavailable. Local diligence required.,,"Conditional research priority only, capital economics unvalidated","Country/category lead with Finance, Treasury, Supply Chain and Legal",Evidence before capital commitment,"Reconciled customer orders and delivered unit economics, seasonal NWC, plant/route constraints, basin hazards and applicable taxes",,
USA,US,840,United States of America,Americas,Northern America,Member state,0.09360911013823703,11,Disclosed location in June-2026 factsheet,CO_FACT,False,"Staple trade, product selection pending",Potential customer market,Buyer/supplier segment requires local validation,trade,Review existing operation,"Unselected, route evidence required",Customer interviews and delivered-cost comparison before a commercial launch.,Review existing operation,Disclosed operating location. Diagnose customer economics and cash before considering additional capital.,"Confirm product demand, accessible HS line, counterparties, delivered spread, cash conversion and legal clearance.",Threshold-only case,,"Product, sanctions, licensing and counterparty review required. No legal clearance asserted.",Country water-stress observation where available. Crop/basin/asset hazards unquantified. No fitted crop damage claim.,Country/category competitor shares and costs unavailable. Local diligence required.,,"Conditional research priority only, capital economics unvalidated","Country/category lead with Finance, Treasury, Supply Chain and Legal",Evidence before capital commitment,"Reconciled customer orders and delivered unit economics, seasonal NWC, plant/route constraints, basin hazards and applicable taxes",,
URY,UY,858,Uruguay,Americas,Latin America and the Caribbean,Member state,-0.04131602995030059,11,"Not verified, absence not inferred",,False,"Staple trade, product selection pending",Potential customer market,Buyer/supplier segment requires local validation,trade,Watch product/corridor opportunity,"Unselected, route evidence required",Customer interviews and delivered-cost comparison before a commercial launch.,Watch product/corridor opportunity,"Macro scale warrants a product screen, but no validated category demand, capture or Olam incremental cash supports asset entry yet.","Confirm product demand, accessible HS line, counterparties, delivered spread, cash conversion and legal clearance.",Threshold-only case,,"Product, sanctions, licensing and counterparty review required. No legal clearance asserted.",Country water-stress observation where available. Crop/basin/asset hazards unquantified. No fitted crop damage claim.,Country/category competitor shares and costs unavailable. Local diligence required.,,"Conditional research priority only, capital economics unvalidated","Country/category lead with Finance, Treasury, Supply Chain and Legal",Evidence before capital commitment,"Reconciled customer orders and delivered unit economics, seasonal NWC, plant/route constraints, basin hazards and applicable taxes",,
UZB,UZ,860,Uzbekistan,Asia,Central Asia,Member state,0.40015832797934636,11,"Not verified, absence not inferred",,False,"Staple trade, product selection pending",Potential customer market,Buyer/supplier segment requires local validation,trade,Watch product/corridor opportunity,"Unselected, route evidence required",Customer interviews and delivered-cost comparison before a commercial launch.,Watch product/corridor opportunity,"Macro scale warrants a product screen, but no validated category demand, capture or Olam incremental cash supports asset entry yet.","Confirm product demand, accessible HS line, counterparties, delivered spread, cash conversion and legal clearance.",Threshold-only case,,"Product, sanctions, licensing and counterparty review required. No legal clearance asserted.",Country water-stress observation where available. Crop/basin/asset hazards unquantified. No fitted crop damage claim.,Country/category competitor shares and costs unavailable. Local diligence required.,,"Conditional research priority only, capital economics unvalidated","Country/category lead with Finance, Treasury, Supply Chain and Legal",Evidence before capital commitment,"Reconciled customer orders and delivered unit economics, seasonal NWC, plant/route constraints, basin hazards and applicable taxes",,
VUT,VU,548,Vanuatu,Oceania,Melanesia,Member state,0.5838996508681589,10,"Not verified, absence not inferred",,False,"Staple trade, product selection pending",Potential customer market,Buyer/supplier segment requires local validation,trade,Watch regional trade,"Unselected, route evidence required",Customer interviews and delivered-cost comparison before a commercial launch.,Watch regional trade,Small domestic population suggests a route-based customer screen before standalone capacity. Population alone cannot exclude B2B demand.,"Confirm product demand, accessible HS line, counterparties, delivered spread, cash conversion and legal clearance.",Threshold-only case,,"Product, sanctions, licensing and counterparty review required. No legal clearance asserted.",Country water-stress observation where available. Crop/basin/asset hazards unquantified. No fitted crop damage claim.,Country/category competitor shares and costs unavailable. Local diligence required.,,"Conditional research priority only, capital economics unvalidated","Country/category lead with Finance, Treasury, Supply Chain and Legal",Evidence before capital commitment,"Reconciled customer orders and delivered unit economics, seasonal NWC, plant/route constraints, basin hazards and applicable taxes",,
VEN,VE,862,Venezuela (Bolivarian Republic of),Americas,Latin America and the Caribbean,Member state,0.08691451136040307,10,"Not verified, absence not inferred",,False,"Staple trade, product selection pending",Potential customer market,Buyer/supplier segment requires local validation,trade,Watch product/corridor opportunity,"Unselected, route evidence required",Customer interviews and delivered-cost comparison before a commercial launch.,Watch product/corridor opportunity,"Macro scale warrants a product screen, but no validated category demand, capture or Olam incremental cash supports asset entry yet.","Confirm product demand, accessible HS line, counterparties, delivered spread, cash conversion and legal clearance.",Threshold-only case,,"Product, sanctions, licensing and counterparty review required. No legal clearance asserted.",Country water-stress observation where available. Crop/basin/asset hazards unquantified. No fitted crop damage claim.,Country/category competitor shares and costs unavailable. Local diligence required.,,"Conditional research priority only, capital economics unvalidated","Country/category lead with Finance, Treasury, Supply Chain and Legal",Evidence before capital commitment,"Reconciled customer orders and delivered unit economics, seasonal NWC, plant/route constraints, basin hazards and applicable taxes",,
VNM,VN,704,Viet Nam,Asia,South-eastern Asia,Member state,0.07619841215228829,11,Disclosed location in June-2026 factsheet,CO_FACT,True,Rice sourcing,Sourcing origin,Rice suppliers and import buyers,trade,Supplier and alternative-route pilot,Vietnam rice to African destinations,"Validate quality, water practices and shipment service without assuming a buyer premium.",Diligence priority,Annual report identifies Vietnam-to-Africa rice flows. Supplier/basin diversification remains to be measured.,"Obtain basin, supplier, freight and verified destination purchase evidence.",Threshold-only case,,"Product, sanctions, licensing and counterparty review required. No legal clearance asserted.",Country water-stress observation where available. Crop/basin/asset hazards unquantified. No fitted crop damage claim.,Country/category competitor shares and costs unavailable. Local diligence required.,,"Conditional research priority only, capital economics unvalidated","Country/category lead with Finance, Treasury, Supply Chain and Legal",Evidence before capital commitment,"Reconciled customer orders and delivered unit economics, seasonal NWC, plant/route constraints, basin hazards and applicable taxes",,
YEM,YE,887,Yemen,Asia,Western Asia,Member state,0.679339549621147,10,"Not verified, absence not inferred",,False,"Staple trade, product selection pending",Potential customer market,Buyer/supplier segment requires local validation,trade,Watch product/corridor opportunity,"Unselected, route evidence required",Customer interviews and delivered-cost comparison before a commercial launch.,Watch product/corridor opportunity,"Macro scale warrants a product screen, but no validated category demand, capture or Olam incremental cash supports asset entry yet.","Confirm product demand, accessible HS line, counterparties, delivered spread, cash conversion and legal clearance.",Threshold-only case,,"Product, sanctions, licensing and counterparty review required. No legal clearance asserted.",Country water-stress observation where available. Crop/basin/asset hazards unquantified. No fitted crop damage claim.,Country/category competitor shares and costs unavailable. Local diligence required.,,"Conditional research priority only, capital economics unvalidated","Country/category lead with Finance, Treasury, Supply Chain and Legal",Evidence before capital commitment,"Reconciled customer orders and delivered unit economics, seasonal NWC, plant/route constraints, basin hazards and applicable taxes",,
ZMB,ZM,894,Zambia,Africa,Sub-Saharan Africa,Member state,0.7196091895382786,11,"Not verified, absence not inferred",,False,"Staple trade, product selection pending",Potential customer market,Buyer/supplier segment requires local validation,trade,Watch product/corridor opportunity,"Unselected, route evidence required",Customer interviews and delivered-cost comparison before a commercial launch.,Watch product/corridor opportunity,"Macro scale warrants a product screen, but no validated category demand, capture or Olam incremental cash supports asset entry yet.","Confirm product demand, accessible HS line, counterparties, delivered spread, cash conversion and legal clearance.",Threshold-only case,,"Product, sanctions, licensing and counterparty review required. No legal clearance asserted.",Country water-stress observation where available. Crop/basin/asset hazards unquantified. No fitted crop damage claim.,Country/category competitor shares and costs unavailable. Local diligence required.,,"Conditional research priority only, capital economics unvalidated","Country/category lead with Finance, Treasury, Supply Chain and Legal",Evidence before capital commitment,"Reconciled customer orders and delivered unit economics, seasonal NWC, plant/route constraints, basin hazards and applicable taxes",,
ZWE,ZW,716,Zimbabwe,Africa,Sub-Saharan Africa,Member state,0.517774080416451,11,"Not verified, absence not inferred",,False,"Staple trade, product selection pending",Potential customer market,Buyer/supplier segment requires local validation,trade,Watch product/corridor opportunity,"Unselected, route evidence required",Customer interviews and delivered-cost comparison before a commercial launch.,Watch product/corridor opportunity,"Macro scale warrants a product screen, but no validated category demand, capture or Olam incremental cash supports asset entry yet.","Confirm product demand, accessible HS line, counterparties, delivered spread, cash conversion and legal clearance.",Threshold-only case,,"Product, sanctions, licensing and counterparty review required. No legal clearance asserted.",Country water-stress observation where available. Crop/basin/asset hazards unquantified. No fitted crop damage claim.,Country/category competitor shares and costs unavailable. Local diligence required.,,"Conditional research priority only, capital economics unvalidated","Country/category lead with Finance, Treasury, Supply Chain and Legal",Evidence before capital commitment,"Reconciled customer orders and delivered unit economics, seasonal NWC, plant/route constraints, basin hazards and applicable taxes",,
