id,section,section_title,source_line,requirement,status,evidence,finding,remaining_action,owner,verification_basis
R01.001,1,The mandate and the decision that matters,15,"Refine and substantially extend my existing Olam Agri strategy presentation into an exceptionally rigorous global expansion and marketing strategy for the CEO of Olam Agri. Build a decision system that links customer demand, competitive positioning, agricultural supply, international trade, operating capacity, climate resilience, and capital allocation over a 25-year planning horizon.",Verified scope / implementation,executive-decision-memo.md; deck.json,Implementation/evidence present at referenced artifact; verify substantive limits rather than treating populated fields as business proof.,"Retain regression, source and artifact checks on refresh.",Named owner in evidence/monitoring register; author for presentation implementation,Manual requirement review plus executable checks; section-level status conservatively inherited by its instruction blocks
R01.002,1,The mandate and the decision that matters,17,"The result must help leadership decide **where to expand, what to sell, whom to serve, how to enter, how much capital to commit, what marketing and commercial interventions to run, when to wait, and what evidence would justify changing course**. Every important conclusion must connect to a business decision and a measurable economic consequence.",Verified scope / implementation,executive-decision-memo.md; deck.json,Implementation/evidence present at referenced artifact; verify substantive limits rather than treating populated fields as business proof.,"Retain regression, source and artifact checks on refresh.",Named owner in evidence/monitoring register; author for presentation implementation,Manual requirement review plus executable checks; section-level status conservatively inherited by its instruction blocks
R01.003,1,The mandate and the decision that matters,19,"The strategy must cover every country in the explicitly defined country universe. It must distinguish expansion into a new country from deepening an existing operation, opening a new trade route, acquiring customers remotely, expanding processing capacity, developing a sourcing relationship, entering a joint venture, buying a business, and launching a product. Those are different commitments with different cash, risk, and reversibility profiles.",Verified scope / implementation,executive-decision-memo.md; deck.json,Implementation/evidence present at referenced artifact; verify substantive limits rather than treating populated fields as business proof.,"Retain regression, source and artifact checks on refresh.",Named owner in evidence/monitoring register; author for presentation implementation,Manual requirement review plus executable checks; section-level status conservatively inherited by its instruction blocks
R01.004,1,The mandate and the decision that matters,21,"Use the current deck as an input to improve, not as authority that cannot be challenged. Preserve sound ideas, correct weak reasoning, replace stale facts, expose assumptions, and connect the Nigeria commercial pilot to a global strategy without assuming that Nigerian mechanisms will transfer unchanged.",Verified scope / implementation,executive-decision-memo.md; deck.json,Implementation/evidence present at referenced artifact; verify substantive limits rather than treating populated fields as business proof.,"Retain regression, source and artifact checks on refresh.",Named owner in evidence/monitoring register; author for presentation implementation,Manual requirement review plus executable checks; section-level status conservatively inherited by its instruction blocks
R01.005,1,The mandate and the decision that matters,23,"Treat 25 years as a horizon for conditional strategic planning and adaptive investment. Do not pretend to predict geopolitical events, weather, exchange rates, consumer preferences, or individual company earnings with pinpoint accuracy. Precision in arithmetic must coexist with honesty about uncertainty in inputs, model structure, and future regimes.",Verified scope / implementation,executive-decision-memo.md; deck.json,Implementation/evidence present at referenced artifact; verify substantive limits rather than treating populated fields as business proof.,"Retain regression, source and artifact checks on refresh.",Named owner in evidence/monitoring register; author for presentation implementation,Manual requirement review plus executable checks; section-level status conservatively inherited by its instruction blocks
R01.006,1,The mandate and the decision that matters,25,"The executive proposition should be strong enough to withstand questions from the CEO, CFO, Treasury, Strategy, category leaders, procurement, traders, operations, legal, sustainability, and country management. It must also be readable by a business audience that does not have an advanced degree in econometrics.",Verified scope / implementation,executive-decision-memo.md; deck.json,Implementation/evidence present at referenced artifact; verify substantive limits rather than treating populated fields as business proof.,"Retain regression, source and artifact checks on refresh.",Named owner in evidence/monitoring register; author for presentation implementation,Manual requirement review plus executable checks; section-level status conservatively inherited by its instruction blocks
R02.001,2,Operating roles and standards,29,"Work as an integrated strategic research team covering agribusiness strategy, international marketing, consumer and B2B research, agricultural economics, econometrics, climate risk, trade analysis, treasury, corporate finance, supply-chain modelling, and executive presentation design. Coordinate these disciplines around one consistent data and model spine.",Conditional / data required,validation-and-red-team.md; model-selection-and-foundations.md,Implementation/evidence present at referenced artifact; verify substantive limits rather than treating populated fields as business proof.,"Retain regression, source and artifact checks on refresh.",Named owner in evidence/monitoring register; author for presentation implementation,Manual requirement review plus executable checks; section-level status conservatively inherited by its instruction blocks
R02.002,2,Operating roles and standards,31,"Do not merely produce the voices or job titles of such a team. Perform their work: retrieve evidence, reconcile definitions, execute calculations, test models, challenge recommendations, and document limitations. Assign an accountable functional owner to each decision and each proposed internal data requirement.",Conditional / data required,validation-and-red-team.md; model-selection-and-foundations.md,Implementation/evidence present at referenced artifact; verify substantive limits rather than treating populated fields as business proof.,"Retain regression, source and artifact checks on refresh.",Named owner in evidence/monitoring register; author for presentation implementation,Manual requirement review plus executable checks; section-level status conservatively inherited by its instruction blocks
R02.003,2,Operating roles and standards,33,Use these standards throughout:,Conditional / data required,validation-and-red-team.md; model-selection-and-foundations.md,Implementation/evidence present at referenced artifact; verify substantive limits rather than treating populated fields as business proof.,"Retain regression, source and artifact checks on refresh.",Named owner in evidence/monitoring register; author for presentation implementation,Manual requirement review plus executable checks; section-level status conservatively inherited by its instruction blocks
R02.004,2,Operating roles and standards,35,1. Business relevance before mathematical complexity.,Conditional / data required,validation-and-red-team.md; model-selection-and-foundations.md,Implementation/evidence present at referenced artifact; verify substantive limits rather than treating populated fields as business proof.,"Retain regression, source and artifact checks on refresh.",Named owner in evidence/monitoring register; author for presentation implementation,Manual requirement review plus executable checks; section-level status conservatively inherited by its instruction blocks
R02.005,2,Operating roles and standards,36,2. Official and primary evidence before repetition in secondary media.,Conditional / data required,validation-and-red-team.md; model-selection-and-foundations.md,Implementation/evidence present at referenced artifact; verify substantive limits rather than treating populated fields as business proof.,"Retain regression, source and artifact checks on refresh.",Named owner in evidence/monitoring register; author for presentation implementation,Manual requirement review plus executable checks; section-level status conservatively inherited by its instruction blocks
R02.006,2,Operating roles and standards,37,3. Incremental cash and customer economics before headline volume.,Conditional / data required,validation-and-red-team.md; model-selection-and-foundations.md,Implementation/evidence present at referenced artifact; verify substantive limits rather than treating populated fields as business proof.,"Retain regression, source and artifact checks on refresh.",Named owner in evidence/monitoring register; author for presentation implementation,Manual requirement review plus executable checks; section-level status conservatively inherited by its instruction blocks
R02.007,2,Operating roles and standards,38,4. Uncertainty distributions and stress boundaries before false point precision.,Conditional / data required,validation-and-red-team.md; model-selection-and-foundations.md,Implementation/evidence present at referenced artifact; verify substantive limits rather than treating populated fields as business proof.,"Retain regression, source and artifact checks on refresh.",Named owner in evidence/monitoring register; author for presentation implementation,Manual requirement review plus executable checks; section-level status conservatively inherited by its instruction blocks
R02.008,2,Operating roles and standards,39,5. Causal evidence before attributing results to marketing.,Conditional / data required,validation-and-red-team.md; model-selection-and-foundations.md,Implementation/evidence present at referenced artifact; verify substantive limits rather than treating populated fields as business proof.,"Retain regression, source and artifact checks on refresh.",Named owner in evidence/monitoring register; author for presentation implementation,Manual requirement review plus executable checks; section-level status conservatively inherited by its instruction blocks
R02.009,2,Operating roles and standards,40,6. Country-product-route-entry-mode analysis before generic country rankings.,Conditional / data required,validation-and-red-team.md; model-selection-and-foundations.md,Implementation/evidence present at referenced artifact; verify substantive limits rather than treating populated fields as business proof.,"Retain regression, source and artifact checks on refresh.",Named owner in evidence/monitoring register; author for presentation implementation,Manual requirement review plus executable checks; section-level status conservatively inherited by its instruction blocks
R02.010,2,Operating roles and standards,41,7. Feasible execution before aspirational market size.,Conditional / data required,validation-and-red-team.md; model-selection-and-foundations.md,Implementation/evidence present at referenced artifact; verify substantive limits rather than treating populated fields as business proof.,"Retain regression, source and artifact checks on refresh.",Named owner in evidence/monitoring register; author for presentation implementation,Manual requirement review plus executable checks; section-level status conservatively inherited by its instruction blocks
R02.011,2,Operating roles and standards,42,8. Falsifiable recommendations before persuasive storytelling.,Conditional / data required,validation-and-red-team.md; model-selection-and-foundations.md,Implementation/evidence present at referenced artifact; verify substantive limits rather than treating populated fields as business proof.,"Retain regression, source and artifact checks on refresh.",Named owner in evidence/monitoring register; author for presentation implementation,Manual requirement review plus executable checks; section-level status conservatively inherited by its instruction blocks
R02.012,2,Operating roles and standards,43,9. Traceable computations before attractive charts.,Conditional / data required,validation-and-red-team.md; model-selection-and-foundations.md,Implementation/evidence present at referenced artifact; verify substantive limits rather than treating populated fields as business proof.,"Retain regression, source and artifact checks on refresh.",Named owner in evidence/monitoring register; author for presentation implementation,Manual requirement review plus executable checks; section-level status conservatively inherited by its instruction blocks
R02.013,2,Operating roles and standards,44,10. Adaptive decisions before an irreversible 25-year commitment.,Conditional / data required,validation-and-red-team.md; model-selection-and-foundations.md,Implementation/evidence present at referenced artifact; verify substantive limits rather than treating populated fields as business proof.,"Retain regression, source and artifact checks on refresh.",Named owner in evidence/monitoring register; author for presentation implementation,Manual requirement review plus executable checks; section-level status conservatively inherited by its instruction blocks
R02.014,2,Operating roles and standards,46,"Use clear business language. Avoid grand claims about revolutionising economics, discovering a universal equation, or achieving perfect prediction. An exceptional result earns attention by producing better decisions, not by using dramatic terminology.",Conditional / data required,validation-and-red-team.md; model-selection-and-foundations.md,Implementation/evidence present at referenced artifact; verify substantive limits rather than treating populated fields as business proof.,"Retain regression, source and artifact checks on refresh.",Named owner in evidence/monitoring register; author for presentation implementation,Manual requirement review plus executable checks; section-level status conservatively inherited by its instruction blocks
R03.001,3,Inspect the actual starting point,50,Locate and inspect the current Olam deck in my portfolio:,Verified scope / implementation,change-audit.csv; baseline.json,Implementation/evidence present at referenced artifact; verify substantive limits rather than treating populated fields as business proof.,"Retain regression, source and artifact checks on refresh.",Named owner in evidence/monitoring register; author for presentation implementation,Manual requirement review plus executable checks; section-level status conservatively inherited by its instruction blocks
R03.002,3,Inspect the actual starting point,52,- Portfolio: `https://manash-protim-deori.vercel.app/`,Verified scope / implementation,change-audit.csv; baseline.json,Implementation/evidence present at referenced artifact; verify substantive limits rather than treating populated fields as business proof.,"Retain regression, source and artifact checks on refresh.",Named owner in evidence/monitoring register; author for presentation implementation,Manual requirement review plus executable checks; section-level status conservatively inherited by its instruction blocks
R03.003,3,Inspect the actual starting point,53,- Strategy page: `https://manash-protim-deori.vercel.app/work/olam-africa-growth-strategy`,Verified scope / implementation,change-audit.csv; baseline.json,Implementation/evidence present at referenced artifact; verify substantive limits rather than treating populated fields as business proof.,"Retain regression, source and artifact checks on refresh.",Named owner in evidence/monitoring register; author for presentation implementation,Manual requirement review plus executable checks; section-level status conservatively inherited by its instruction blocks
R03.004,3,Inspect the actual starting point,54,- Repository: `https://github.com/ManashProtimDeori/Manash-Protim-Deori`,Verified scope / implementation,change-audit.csv; baseline.json,Implementation/evidence present at referenced artifact; verify substantive limits rather than treating populated fields as business proof.,"Retain regression, source and artifact checks on refresh.",Named owner in evidence/monitoring register; author for presentation implementation,Manual requirement review plus executable checks; section-level status conservatively inherited by its instruction blocks
R03.005,3,Inspect the actual starting point,55,- Deck data: `src/data/olamAfricaStrategy.ts`,Verified scope / implementation,change-audit.csv; baseline.json,Implementation/evidence present at referenced artifact; verify substantive limits rather than treating populated fields as business proof.,"Retain regression, source and artifact checks on refresh.",Named owner in evidence/monitoring register; author for presentation implementation,Manual requirement review plus executable checks; section-level status conservatively inherited by its instruction blocks
R03.006,3,Inspect the actual starting point,56,- Nigeria model: `src/lib/olamNigeriaDecisionModel.ts`,Verified scope / implementation,change-audit.csv; baseline.json,Implementation/evidence present at referenced artifact; verify substantive limits rather than treating populated fields as business proof.,"Retain regression, source and artifact checks on refresh.",Named owner in evidence/monitoring register; author for presentation implementation,Manual requirement review plus executable checks; section-level status conservatively inherited by its instruction blocks
R03.007,3,Inspect the actual starting point,57,- Presentation page: `src/pages/OlamAfricaGrowthStrategyPage.tsx`,Verified scope / implementation,change-audit.csv; baseline.json,Implementation/evidence present at referenced artifact; verify substantive limits rather than treating populated fields as business proof.,"Retain regression, source and artifact checks on refresh.",Named owner in evidence/monitoring register; author for presentation implementation,Manual requirement review plus executable checks; section-level status conservatively inherited by its instruction blocks
R03.008,3,Inspect the actual starting point,58,- Excel export logic: `src/lib/olamExcelExport.ts`,Verified scope / implementation,change-audit.csv; baseline.json,Implementation/evidence present at referenced artifact; verify substantive limits rather than treating populated fields as business proof.,"Retain regression, source and artifact checks on refresh.",Named owner in evidence/monitoring register; author for presentation implementation,Manual requirement review plus executable checks; section-level status conservatively inherited by its instruction blocks
R03.009,3,Inspect the actual starting point,59,- Portfolio evidence: `src/data/resume.ts` and relevant project evidence.,Verified scope / implementation,change-audit.csv; baseline.json,Implementation/evidence present at referenced artifact; verify substantive limits rather than treating populated fields as business proof.,"Retain regression, source and artifact checks on refresh.",Named owner in evidence/monitoring register; author for presentation implementation,Manual requirement review plus executable checks; section-level status conservatively inherited by its instruction blocks
R03.010,3,Inspect the actual starting point,60,- Existing validation: `tests/olam-africa-strategy.ts` and the relevant build configuration.,Verified scope / implementation,change-audit.csv; baseline.json,Implementation/evidence present at referenced artifact; verify substantive limits rather than treating populated fields as business proof.,"Retain regression, source and artifact checks on refresh.",Named owner in evidence/monitoring register; author for presentation implementation,Manual requirement review plus executable checks; section-level status conservatively inherited by its instruction blocks
R03.011,3,Inspect the actual starting point,62,"Verify the current deployed revision before editing. The revision inspected for this brief was `13f7393a1c69350c3cfa89bea1baa49cf08d042c`, whose deck source contained 44 ordered slide entries. A later revision may differ. If page rendering is blocked by deployment protection, use authorised source access and accurately state the difference between reviewing source content and seeing the rendered slides.",Verified scope / implementation,change-audit.csv; baseline.json,Implementation/evidence present at referenced artifact; verify substantive limits rather than treating populated fields as business proof.,"Retain regression, source and artifact checks on refresh.",Named owner in evidence/monitoring register; author for presentation implementation,Manual requirement review plus executable checks; section-level status conservatively inherited by its instruction blocks
R03.012,3,Inspect the actual starting point,64,"Read applicable repository instructions before changing repository files. The requested output is a refined deck and its analytical support; do not modify, deploy, publish, email, or replace the public portfolio unless that action is separately authorised. Maintain a working copy and a clear version record.",Verified scope / implementation,change-audit.csv; baseline.json,Implementation/evidence present at referenced artifact; verify substantive limits rather than treating populated fields as business proof.,"Retain regression, source and artifact checks on refresh.",Named owner in evidence/monitoring register; author for presentation implementation,Manual requirement review plus executable checks; section-level status conservatively inherited by its instruction blocks
R03.013,3,Inspect the actual starting point,66,"Inspect every existing slide, chart, table, footnote, calculation, narrative claim, and source link. Record for each item whether it should be retained, corrected, deepened, moved to the appendix, merged, or removed. Produce a slide audit with the original slide ID, weakness, evidence, proposed treatment, and resulting decision value.",Verified scope / implementation,change-audit.csv; baseline.json,Implementation/evidence present at referenced artifact; verify substantive limits rather than treating populated fields as business proof.,"Retain regression, source and artifact checks on refresh.",Named owner in evidence/monitoring register; author for presentation implementation,Manual requirement review plus executable checks; section-level status conservatively inherited by its instruction blocks
R03.014,3,Inspect the actual starting point,68,"The present source includes Nigeria semolina and edible-oil strategy, affordability and pack architecture, route availability, customer economics, marketing attribution, local supply, SALIC ownership, policy gates G0–G7, normalized economics, capital release thresholds, a scenario cube, sensitivity, a seeded stress simulation, personal contribution slides, and evidence registers. Start there. Do not replace these specifics with a generic agribusiness presentation.",Verified scope / implementation,change-audit.csv; baseline.json,Implementation/evidence present at referenced artifact; verify substantive limits rather than treating populated fields as business proof.,"Retain regression, source and artifact checks on refresh.",Named owner in evidence/monitoring register; author for presentation implementation,Manual requirement review plus executable checks; section-level status conservatively inherited by its instruction blocks
R04.001,4,"Starting-model facts to preserve as assumptions, not company disclosures",72,The inspected Nigeria model uses these defaults. Re-read them in the actual current source and reconcile any changes:,Verified scope / implementation,C-LEGACY; C-E10; src/lib/olamNigeriaDecisionModel.ts,Implementation/evidence present at referenced artifact; verify substantive limits rather than treating populated fields as business proof.,"Retain regression, source and artifact checks on refresh.",Named owner in evidence/monitoring register; author for presentation implementation,Manual requirement review plus executable checks; section-level status conservatively inherited by its instruction blocks
R04.002,4,"Starting-model facts to preserve as assumptions, not company disclosures",74,| Input | Inspected default | Required treatment |,Verified scope / implementation,C-LEGACY; C-E10; src/lib/olamNigeriaDecisionModel.ts,Implementation/evidence present at referenced artifact; verify substantive limits rather than treating populated fields as business proof.,"Retain regression, source and artifact checks on refresh.",Named owner in evidence/monitoring register; author for presentation implementation,Manual requirement review plus executable checks; section-level status conservatively inherited by its instruction blocks
R04.003,4,"Starting-model facts to preserve as assumptions, not company disclosures",75,|---|---:|---|,Verified scope / implementation,C-LEGACY; C-E10; src/lib/olamNigeriaDecisionModel.ts,Implementation/evidence present at referenced artifact; verify substantive limits rather than treating populated fields as business proof.,"Retain regression, source and artifact checks on refresh.",Named owner in evidence/monitoring register; author for presentation implementation,Manual requirement review plus executable checks; section-level status conservatively inherited by its instruction blocks
R04.004,4,"Starting-model facts to preserve as assumptions, not company disclosures",76,| Eligible sales | NGN100bn | Normalized decision unit; not disclosed Olam Nigeria revenue |,Verified scope / implementation,C-LEGACY; C-E10; src/lib/olamNigeriaDecisionModel.ts,Implementation/evidence present at referenced artifact; verify substantive limits rather than treating populated fields as business proof.,"Retain regression, source and artifact checks on refresh.",Named owner in evidence/monitoring register; author for presentation implementation,Manual requirement review plus executable checks; section-level status conservatively inherited by its instruction blocks
R04.005,4,"Starting-model facts to preserve as assumptions, not company disclosures",77,| Contribution margin | 8% | Replace with category and customer economics |,Verified scope / implementation,C-LEGACY; C-E10; src/lib/olamNigeriaDecisionModel.ts,Implementation/evidence present at referenced artifact; verify substantive limits rather than treating populated fields as business proof.,"Retain regression, source and artifact checks on refresh.",Named owner in evidence/monitoring register; author for presentation implementation,Manual requirement review plus executable checks; section-level status conservatively inherited by its instruction blocks
R04.006,4,"Starting-model facts to preserve as assumptions, not company disclosures",78,| Availability recovery | 2% | Measure against an explicit counterfactual |,Verified scope / implementation,C-LEGACY; C-E10; src/lib/olamNigeriaDecisionModel.ts,Implementation/evidence present at referenced artifact; verify substantive limits rather than treating populated fields as business proof.,"Retain regression, source and artifact checks on refresh.",Named owner in evidence/monitoring register; author for presentation implementation,Manual requirement review plus executable checks; section-level status conservatively inherited by its instruction blocks
R04.007,4,"Starting-model facts to preserve as assumptions, not company disclosures",79,| Repeat uplift | 2% | Prevent overlap with availability recovery |,Verified scope / implementation,C-LEGACY; C-E10; src/lib/olamNigeriaDecisionModel.ts,Implementation/evidence present at referenced artifact; verify substantive limits rather than treating populated fields as business proof.,"Retain regression, source and artifact checks on refresh.",Named owner in evidence/monitoring register; author for presentation implementation,Manual requirement review plus executable checks; section-level status conservatively inherited by its instruction blocks
R04.008,4,"Starting-model facts to preserve as assumptions, not company disclosures",80,"| Net price and mix | 1% | Account for discounts, substitution, and cannibalisation |",Verified scope / implementation,C-LEGACY; C-E10; src/lib/olamNigeriaDecisionModel.ts,Implementation/evidence present at referenced artifact; verify substantive limits rather than treating populated fields as business proof.,"Retain regression, source and artifact checks on refresh.",Named owner in evidence/monitoring register; author for presentation implementation,Manual requirement review plus executable checks; section-level status conservatively inherited by its instruction blocks
R04.009,4,"Starting-model facts to preserve as assumptions, not company disclosures",81,| Price/mix flow-through | 70% | Reconcile to Finance-owned contribution |,Verified scope / implementation,C-LEGACY; C-E10; src/lib/olamNigeriaDecisionModel.ts,Implementation/evidence present at referenced artifact; verify substantive limits rather than treating populated fields as business proof.,"Retain regression, source and artifact checks on refresh.",Named owner in evidence/monitoring register; author for presentation implementation,Manual requirement review plus executable checks; section-level status conservatively inherited by its instruction blocks
R04.010,4,"Starting-model facts to preserve as assumptions, not company disclosures",82,| Route savings | 0.6% of sales | Validate cost-to-serve changes |,Verified scope / implementation,C-LEGACY; C-E10; src/lib/olamNigeriaDecisionModel.ts,Implementation/evidence present at referenced artifact; verify substantive limits rather than treating populated fields as business proof.,"Retain regression, source and artifact checks on refresh.",Named owner in evidence/monitoring register; author for presentation implementation,Manual requirement review plus executable checks; section-level status conservatively inherited by its instruction blocks
R04.011,4,"Starting-model facts to preserve as assumptions, not company disclosures",83,| Service investment | 0.4% of sales | Include variable and fixed operating costs |,Verified scope / implementation,C-LEGACY; C-E10; src/lib/olamNigeriaDecisionModel.ts,Implementation/evidence present at referenced artifact; verify substantive limits rather than treating populated fields as business proof.,"Retain regression, source and artifact checks on refresh.",Named owner in evidence/monitoring register; author for presentation implementation,Manual requirement review plus executable checks; section-level status conservatively inherited by its instruction blocks
R04.012,4,"Starting-model facts to preserve as assumptions, not company disclosures",84,| Imported-input share | 45% | Replace sales-share approximation with procurement exposure |,Verified scope / implementation,C-LEGACY; C-E10; src/lib/olamNigeriaDecisionModel.ts,Implementation/evidence present at referenced artifact; verify substantive limits rather than treating populated fields as business proof.,"Retain regression, source and artifact checks on refresh.",Named owner in evidence/monitoring register; author for presentation implementation,Manual requirement review plus executable checks; section-level status conservatively inherited by its instruction blocks
R04.013,4,"Starting-model facts to preserve as assumptions, not company disclosures",85,"| FX shock | 5% | Stress assumption, not an estimated forecast |",Verified scope / implementation,C-LEGACY; C-E10; src/lib/olamNigeriaDecisionModel.ts,Implementation/evidence present at referenced artifact; verify substantive limits rather than treating populated fields as business proof.,"Retain regression, source and artifact checks on refresh.",Named owner in evidence/monitoring register; author for presentation implementation,Manual requirement review plus executable checks; section-level status conservatively inherited by its instruction blocks
R04.014,4,"Starting-model facts to preserve as assumptions, not company disclosures",86,| Commodity exposure and shock | 30% and 5% | Remove overlap with FX exposure |,Verified scope / implementation,C-LEGACY; C-E10; src/lib/olamNigeriaDecisionModel.ts,Implementation/evidence present at referenced artifact; verify substantive limits rather than treating populated fields as business proof.,"Retain regression, source and artifact checks on refresh.",Named owner in evidence/monitoring register; author for presentation implementation,Manual requirement review plus executable checks; section-level status conservatively inherited by its instruction blocks
R04.015,4,"Starting-model facts to preserve as assumptions, not company disclosures",87,"| Pass-through | 80% | Estimate by category, customer, and lag |",Verified scope / implementation,C-LEGACY; C-E10; src/lib/olamNigeriaDecisionModel.ts,Implementation/evidence present at referenced artifact; verify substantive limits rather than treating populated fields as business proof.,"Retain regression, source and artifact checks on refresh.",Named owner in evidence/monitoring register; author for presentation implementation,Manual requirement review plus executable checks; section-level status conservatively inherited by its instruction blocks
R04.016,4,"Starting-model facts to preserve as assumptions, not company disclosures",88,| Working-capital improvement | 7 days | Current model uses a sales-day proxy |,Verified scope / implementation,C-LEGACY; C-E10; src/lib/olamNigeriaDecisionModel.ts,Implementation/evidence present at referenced artifact; verify substantive limits rather than treating populated fields as business proof.,"Retain regression, source and artifact checks on refresh.",Named owner in evidence/monitoring register; author for presentation implementation,Manual requirement review plus executable checks; section-level status conservatively inherited by its instruction blocks
R04.017,4,"Starting-model facts to preserve as assumptions, not company disclosures",89,| Pilot and rollout capital | NGN0.6bn and NGN3.6bn | Scenario envelope; not management approval |,Verified scope / implementation,C-LEGACY; C-E10; src/lib/olamNigeriaDecisionModel.ts,Implementation/evidence present at referenced artifact; verify substantive limits rather than treating populated fields as business proof.,"Retain regression, source and artifact checks on refresh.",Named owner in evidence/monitoring register; author for presentation implementation,Manual requirement review plus executable checks; section-level status conservatively inherited by its instruction blocks
R04.018,4,"Starting-model facts to preserve as assumptions, not company disclosures",90,| Hurdle | 28% | Screening convention; not Olam WACC |,Verified scope / implementation,C-LEGACY; C-E10; src/lib/olamNigeriaDecisionModel.ts,Implementation/evidence present at referenced artifact; verify substantive limits rather than treating populated fields as business proof.,"Retain regression, source and artifact checks on refresh.",Named owner in evidence/monitoring register; author for presentation implementation,Manual requirement review plus executable checks; section-level status conservatively inherited by its instruction blocks
R04.019,4,"Starting-model facts to preserve as assumptions, not company disclosures",91,"| Benefit ramp | 50%, 80%, 100% | Illustrative three-year realisation schedule |",Verified scope / implementation,C-LEGACY; C-E10; src/lib/olamNigeriaDecisionModel.ts,Implementation/evidence present at referenced artifact; verify substantive limits rather than treating populated fields as business proof.,"Retain regression, source and artifact checks on refresh.",Named owner in evidence/monitoring register; author for presentation implementation,Manual requirement review plus executable checks; section-level status conservatively inherited by its instruction blocks
R04.020,4,"Starting-model facts to preserve as assumptions, not company disclosures",93,The inspected code uses a historical Nigeria policy-rate anchor plus an explicit premium to construct its screening hurdle. A policy rate is not a project-specific borrowing rate or WACC. Replace this convention with a fully documented financing and discounting policy when internal evidence is available.,Verified scope / implementation,C-LEGACY; C-E10; src/lib/olamNigeriaDecisionModel.ts,Implementation/evidence present at referenced artifact; verify substantive limits rather than treating populated fields as business proof.,"Retain regression, source and artifact checks on refresh.",Named owner in evidence/monitoring register; author for presentation implementation,Manual requirement review plus executable checks; section-level status conservatively inherited by its instruction blocks
R04.021,4,"Starting-model facts to preserve as assumptions, not company disclosures",95,"The inspected simulation uses independent uniform draws over specified ranges, with 5,000 runs and a fixed seed. Its positive-NPV frequency is a stress frequency under those assumptions, not a calibrated probability of investment success. Preserve this distinction wherever old outputs remain.",Verified scope / implementation,C-LEGACY; C-E10; src/lib/olamNigeriaDecisionModel.ts,Implementation/evidence present at referenced artifact; verify substantive limits rather than treating populated fields as business proof.,"Retain regression, source and artifact checks on refresh.",Named owner in evidence/monitoring register; author for presentation implementation,Manual requirement review plus executable checks; section-level status conservatively inherited by its instruction blocks
R04.022,4,"Starting-model facts to preserve as assumptions, not company disclosures",97,"For an arithmetic audit only, the inspected defaults imply NGN0.47bn annual operating uplift, approximately NGN1.9178bn of sales-day cash release, approximately negative NGN2.0645bn three-year screening NPV, and approximately NGN1.9928bn required annual uplift at zero screening NPV. Recompute these from the code. These are **outputs of the illustrative old model**, not reported financial results, forecasts, or investment-grade valuations.",Verified scope / implementation,C-LEGACY; C-E10; src/lib/olamNigeriaDecisionModel.ts,Implementation/evidence present at referenced artifact; verify substantive limits rather than treating populated fields as business proof.,"Retain regression, source and artifact checks on refresh.",Named owner in evidence/monitoring register; author for presentation implementation,Manual requirement review plus executable checks; section-level status conservatively inherited by its instruction blocks
R04.023,4,"Starting-model facts to preserve as assumptions, not company disclosures",99,"Challenge additive availability and repeat lifts, constant margins, static price pass-through, sales-based exposure, independent risk sampling, omitted taxes, omitted depreciation, upfront treatment of all capital, omitted maintenance capital, working-capital reversals, and residual-value assumptions. Convert each identified weakness into a specific repair or a clearly bounded limitation.",Verified scope / implementation,C-LEGACY; C-E10; src/lib/olamNigeriaDecisionModel.ts,Implementation/evidence present at referenced artifact; verify substantive limits rather than treating populated fields as business proof.,"Retain regression, source and artifact checks on refresh.",Named owner in evidence/monitoring register; author for presentation implementation,Manual requirement review plus executable checks; section-level status conservatively inherited by its instruction blocks
R05.001,5,Establish the legal entity and strategic perimeter first,103,"Separate Olam Agri from Olam Group, ofi, and any remaining or separately controlled businesses. Identify the legal entity, current ownership, geographic operations, product businesses, subsidiaries, and the perimeter of disclosed financial figures. Do not attribute cocoa, coffee, nuts, spices, dairy, packaged-food assets, brands, or other activities to Olam Agri without current evidence that the relevant business lies within its perimeter.",Conditional / data required,entity-perimeter.csv; entry-modes-and-perimeter.md,"Subsidiary legal entities, rights and affiliate agreements must be supplied.","Subsidiary legal entities, rights and affiliate agreements must be supplied.",Named owner in evidence/monitoring register; author for presentation implementation,Manual requirement review plus executable checks; section-level status conservatively inherited by its instruction blocks
R05.002,5,Establish the legal entity and strategic perimeter first,105,Verify the latest ownership and transaction chronology using transaction-specific issuer disclosures and relevant filings. An inspected Olam Agri About page contained conflicting SALIC percentages in different sections. The existing deck recognises this conflict. Resolve it using current transaction evidence; do not average inconsistent percentages or silently choose the number that fits the narrative.,Conditional / data required,entity-perimeter.csv; entry-modes-and-perimeter.md,"Subsidiary legal entities, rights and affiliate agreements must be supplied.","Subsidiary legal entities, rights and affiliate agreements must be supplied.",Named owner in evidence/monitoring register; author for presentation implementation,Manual requirement review plus executable checks; section-level status conservatively inherited by its instruction blocks
R05.003,5,Establish the legal entity and strategic perimeter first,107,"Build an entity-perimeter table with business, country, legal entity, owner, operational role, disclosed financial perimeter, potential synergy, necessary agreement, and evidence. Mark cross-entity opportunities as conditional on commercial, legal, governance, and data permissions.",Conditional / data required,entity-perimeter.csv; entry-modes-and-perimeter.md,"Subsidiary legal entities, rights and affiliate agreements must be supplied.","Subsidiary legal entities, rights and affiliate agreements must be supplied.",Named owner in evidence/monitoring register; author for presentation implementation,Manual requirement review plus executable checks; section-level status conservatively inherited by its instruction blocks
R05.004,5,Establish the legal entity and strategic perimeter first,109,"Assess SALIC-related food-security strategy as a source of possible commercial alignment and patient capital, while testing whether a project meets Olam Agri's own economics. Do not assume automatic financing, guaranteed offtake, privileged government access, or permission to pursue every strategically attractive market.",Conditional / data required,entity-perimeter.csv; entry-modes-and-perimeter.md,"Subsidiary legal entities, rights and affiliate agreements must be supplied.","Subsidiary legal entities, rights and affiliate agreements must be supplied.",Named owner in evidence/monitoring register; author for presentation implementation,Manual requirement review plus executable checks; section-level status conservatively inherited by its instruction blocks
R05.005,5,Establish the legal entity and strategic perimeter first,111,Refresh company leadership information if named. Do not invent the CEO's priorities beyond the supplied 25-year planning ambition. Identify official strategy statements and separate them from my interpretation of what leadership might value.,Conditional / data required,entity-perimeter.csv; entry-modes-and-perimeter.md,"Subsidiary legal entities, rights and affiliate agreements must be supplied.","Subsidiary legal entities, rights and affiliate agreements must be supplied.",Named owner in evidence/monitoring register; author for presentation implementation,Manual requirement review plus executable checks; section-level status conservatively inherited by its instruction blocks
R06.001,6,"Define time, geography, and unit of analysis",115,"Use a research cutoff with date, time, timezone, and data-vintage policy. At execution, set the forecast start from the latest supportable operating baseline. If the starting year is 2026, provide milestones for 2030, 2035, 2040, 2045, 2050, and 2051. Clarify whether values are calendar year, fiscal year, crop year, marketing year, or end-year snapshots.",Verified scope / implementation,country-register.csv; country-scenario-matrix.csv,Implementation/evidence present at referenced artifact; verify substantive limits rather than treating populated fields as business proof.,"Retain regression, source and artifact checks on refresh.",Named owner in evidence/monitoring register; author for presentation implementation,Manual requirement review plus executable checks; section-level status conservatively inherited by its instruction blocks
R06.002,6,"Define time, geography, and unit of analysis",117,"Use annual financial periods through the full investment horizon, with monthly or quarterly operating models where data support short-term seasonality and cash analysis. Avoid presenting a distant milestone as though its year-to-year path were precisely observed.",Verified scope / implementation,country-register.csv; country-scenario-matrix.csv,Implementation/evidence present at referenced artifact; verify substantive limits rather than treating populated fields as business proof.,"Retain regression, source and artifact checks on refresh.",Named owner in evidence/monitoring register; author for presentation implementation,Manual requirement review plus executable checks; section-level status conservatively inherited by its instruction blocks
R06.003,6,"Define time, geography, and unit of analysis",119,"Define all countries as the 193 UN member states and two UN observer states, using a verified current list and an explicit ISO/UN M49 crosswalk. Include territories and disputed or separately reported economies in a separate analytical annex where relevant to actual trade or operations. This statistical choice is not a statement on sovereignty. Do not double-count regional aggregates, customs unions, dependencies, re-exports, or supranational institutions.",Verified scope / implementation,country-register.csv; country-scenario-matrix.csv,Implementation/evidence present at referenced artifact; verify substantive limits rather than treating populated fields as business proof.,"Retain regression, source and artifact checks on refresh.",Named owner in evidence/monitoring register; author for presentation implementation,Manual requirement review plus executable checks; section-level status conservatively inherited by its instruction blocks
R06.004,6,"Define time, geography, and unit of analysis",121,"Retain every country in the coverage register, including countries with weak data, little current opportunity, legal restrictions, severe operating risk, or no recommended near-term entry. Every country must receive a disposition with a reason and a future trigger; coverage does not mean that every country merits investment.",Verified scope / implementation,country-register.csv; country-scenario-matrix.csv,Implementation/evidence present at referenced artifact; verify substantive limits rather than treating populated fields as business proof.,"Retain regression, source and artifact checks on refresh.",Named owner in evidence/monitoring register; author for presentation implementation,Manual requirement review plus executable checks; section-level status conservatively inherited by its instruction blocks
R06.005,6,"Define time, geography, and unit of analysis",123,Use the decision unit:,Verified scope / implementation,country-register.csv; country-scenario-matrix.csv,Implementation/evidence present at referenced artifact; verify substantive limits rather than treating populated fields as business proof.,"Retain regression, source and artifact checks on refresh.",Named owner in evidence/monitoring register; author for presentation implementation,Manual requirement review plus executable checks; section-level status conservatively inherited by its instruction blocks
R06.006,6,"Define time, geography, and unit of analysis",125,`country × product/value chain × customer segment × trade corridor × entry mode × time × scenario`.,Verified scope / implementation,country-register.csv; country-scenario-matrix.csv,Implementation/evidence present at referenced artifact; verify substantive limits rather than treating populated fields as business proof.,"Retain regression, source and artifact checks on refresh.",Named owner in evidence/monitoring register; author for presentation implementation,Manual requirement review plus executable checks; section-level status conservatively inherited by its instruction blocks
R06.007,6,"Define time, geography, and unit of analysis",127,"Analyse subnational production basins, ports, consumption clusters, and distribution corridors when national averages obscure a material commercial or climate difference. Geographic diversification must be tested against common climate patterns and trade chokepoints, not assumed from country count alone.",Verified scope / implementation,country-register.csv; country-scenario-matrix.csv,Implementation/evidence present at referenced artifact; verify substantive limits rather than treating populated fields as business proof.,"Retain regression, source and artifact checks on refresh.",Named owner in evidence/monitoring register; author for presentation implementation,Manual requirement review plus executable checks; section-level status conservatively inherited by its instruction blocks
R07.001,7,Evidence classes and intellectual honesty,131,Every important claim must carry one of these labels:,Verified scope / implementation,claim-register.csv; assumption-register.csv,Implementation/evidence present at referenced artifact; verify substantive limits rather than treating populated fields as business proof.,"Retain regression, source and artifact checks on refresh.",Named owner in evidence/monitoring register; author for presentation implementation,Manual requirement review plus executable checks; section-level status conservatively inherited by its instruction blocks
R07.002,7,Evidence classes and intellectual honesty,133,- **Reported fact:** directly stated by a reliable source within the correct perimeter.,Verified scope / implementation,claim-register.csv; assumption-register.csv,Implementation/evidence present at referenced artifact; verify substantive limits rather than treating populated fields as business proof.,"Retain regression, source and artifact checks on refresh.",Named owner in evidence/monitoring register; author for presentation implementation,Manual requirement review plus executable checks; section-level status conservatively inherited by its instruction blocks
R07.003,7,Evidence classes and intellectual honesty,134,- **Derived figure:** calculated from reported inputs with a reproducible formula.,Verified scope / implementation,claim-register.csv; assumption-register.csv,Implementation/evidence present at referenced artifact; verify substantive limits rather than treating populated fields as business proof.,"Retain regression, source and artifact checks on refresh.",Named owner in evidence/monitoring register; author for presentation implementation,Manual requirement review plus executable checks; section-level status conservatively inherited by its instruction blocks
R07.004,7,Evidence classes and intellectual honesty,135,"- **External projection:** a forecast published by a named institution, under its assumptions.",Verified scope / implementation,claim-register.csv; assumption-register.csv,Implementation/evidence present at referenced artifact; verify substantive limits rather than treating populated fields as business proof.,"Retain regression, source and artifact checks on refresh.",Named owner in evidence/monitoring register; author for presentation implementation,Manual requirement review plus executable checks; section-level status conservatively inherited by its instruction blocks
R07.005,7,Evidence classes and intellectual honesty,136,- **Estimated model parameter:** fitted using specified data and an estimation procedure.,Verified scope / implementation,claim-register.csv; assumption-register.csv,Implementation/evidence present at referenced artifact; verify substantive limits rather than treating populated fields as business proof.,"Retain regression, source and artifact checks on refresh.",Named owner in evidence/monitoring register; author for presentation implementation,Manual requirement review plus executable checks; section-level status conservatively inherited by its instruction blocks
R07.006,7,Evidence classes and intellectual honesty,137,- **Modelled outcome:** generated by the specified model and conditional inputs.,Verified scope / implementation,claim-register.csv; assumption-register.csv,Implementation/evidence present at referenced artifact; verify substantive limits rather than treating populated fields as business proof.,"Retain regression, source and artifact checks on refresh.",Named owner in evidence/monitoring register; author for presentation implementation,Manual requirement review plus executable checks; section-level status conservatively inherited by its instruction blocks
R07.007,7,Evidence classes and intellectual honesty,138,- **Planning assumption:** chosen for analysis; not an observed or estimated fact.,Verified scope / implementation,claim-register.csv; assumption-register.csv,Implementation/evidence present at referenced artifact; verify substantive limits rather than treating populated fields as business proof.,"Retain regression, source and artifact checks on refresh.",Named owner in evidence/monitoring register; author for presentation implementation,Manual requirement review plus executable checks; section-level status conservatively inherited by its instruction blocks
R07.008,7,Evidence classes and intellectual honesty,139,"- **Expert judgement:** a reasoned assessment with author, rationale, and uncertainty.",Verified scope / implementation,claim-register.csv; assumption-register.csv,Implementation/evidence present at referenced artifact; verify substantive limits rather than treating populated fields as business proof.,"Retain regression, source and artifact checks on refresh.",Named owner in evidence/monitoring register; author for presentation implementation,Manual requirement review plus executable checks; section-level status conservatively inherited by its instruction blocks
R07.009,7,Evidence classes and intellectual honesty,140,"- **Hypothesis:** a proposition to test, including its falsifier.",Verified scope / implementation,claim-register.csv; assumption-register.csv,Implementation/evidence present at referenced artifact; verify substantive limits rather than treating populated fields as business proof.,"Retain regression, source and artifact checks on refresh.",Named owner in evidence/monitoring register; author for presentation implementation,Manual requirement review plus executable checks; section-level status conservatively inherited by its instruction blocks
R07.010,7,Evidence classes and intellectual honesty,141,- **Recommendation:** an action supported by evidence and explicit preferences or constraints.,Verified scope / implementation,claim-register.csv; assumption-register.csv,Implementation/evidence present at referenced artifact; verify substantive limits rather than treating populated fields as business proof.,"Retain regression, source and artifact checks on refresh.",Named owner in evidence/monitoring register; author for presentation implementation,Manual requirement review plus executable checks; section-level status conservatively inherited by its instruction blocks
R07.011,7,Evidence classes and intellectual honesty,142,"- **Portfolio evidence:** a statement about my background, not an Olam business result.",Verified scope / implementation,claim-register.csv; assumption-register.csv,Implementation/evidence present at referenced artifact; verify substantive limits rather than treating populated fields as business proof.,"Retain regression, source and artifact checks on refresh.",Named owner in evidence/monitoring register; author for presentation implementation,Manual requirement review plus executable checks; section-level status conservatively inherited by its instruction blocks
R07.012,7,Evidence classes and intellectual honesty,144,"Do not cite an institutional report as though it proves a chosen margin, capture rate, campaign lift, or investment return. If an assumption is calibrated from evidence, cite that calibration; if it is a judgement, show who chose it and why. Conclusions and recommendations must trace both their factual premises and their decision criteria.",Verified scope / implementation,claim-register.csv; assumption-register.csv,Implementation/evidence present at referenced artifact; verify substantive limits rather than treating populated fields as business proof.,"Retain regression, source and artifact checks on refresh.",Named owner in evidence/monitoring register; author for presentation implementation,Manual requirement review plus executable checks; section-level status conservatively inherited by its instruction blocks
R07.013,7,Evidence classes and intellectual honesty,146,"Avoid the idea that every recommendation can be backed by a statistical test. Some depend on accounting identities, legal constraints, physical limits, ethical requirements, and management preferences. Explain the appropriate basis rather than manufacturing a p-value.",Verified scope / implementation,claim-register.csv; assumption-register.csv,Implementation/evidence present at referenced artifact; verify substantive limits rather than treating populated fields as business proof.,"Retain regression, source and artifact checks on refresh.",Named owner in evidence/monitoring register; author for presentation implementation,Manual requirement review plus executable checks; section-level status conservatively inherited by its instruction blocks
R07.014,7,Evidence classes and intellectual honesty,148,"Never invent observations, regression coefficients, standard errors, confidence intervals, significance, Monte Carlo results, simulation counts, country rankings, report page numbers, or review passes. If execution tools are unavailable, provide executable specifications and label unexecuted analyses clearly.",Verified scope / implementation,claim-register.csv; assumption-register.csv,Implementation/evidence present at referenced artifact; verify substantive limits rather than treating populated fields as business proof.,"Retain regression, source and artifact checks on refresh.",Named owner in evidence/monitoring register; author for presentation implementation,Manual requirement review plus executable checks; section-level status conservatively inherited by its instruction blocks
R08.001,8,A source register that can survive presentation questions,152,"Create an auditable source book. For every source, include:",Conditional / data required,source-book.csv; input-register.csv,Some undated sources/PDF indexes/timestamps remain explicitly unverified; no invented metadata.,Some undated sources/PDF indexes/timestamps remain explicitly unverified; no invented metadata.,Named owner in evidence/monitoring register; author for presentation implementation,Manual requirement review plus executable checks; section-level status conservatively inherited by its instruction blocks
R08.002,8,A source register that can survive presentation questions,154,1. Stable source ID.,Conditional / data required,source-book.csv; input-register.csv,Some undated sources/PDF indexes/timestamps remain explicitly unverified; no invented metadata.,Some undated sources/PDF indexes/timestamps remain explicitly unverified; no invented metadata.,Named owner in evidence/monitoring register; author for presentation implementation,Manual requirement review plus executable checks; section-level status conservatively inherited by its instruction blocks
R08.003,8,A source register that can survive presentation questions,155,2. Issuing organisation and its role.,Conditional / data required,source-book.csv; input-register.csv,Some undated sources/PDF indexes/timestamps remain explicitly unverified; no invented metadata.,Some undated sources/PDF indexes/timestamps remain explicitly unverified; no invented metadata.,Named owner in evidence/monitoring register; author for presentation implementation,Manual requirement review plus executable checks; section-level status conservatively inherited by its instruction blocks
R08.004,8,A source register that can survive presentation questions,156,3. Exact document or dataset title.,Conditional / data required,source-book.csv; input-register.csv,Some undated sources/PDF indexes/timestamps remain explicitly unverified; no invented metadata.,Some undated sources/PDF indexes/timestamps remain explicitly unverified; no invented metadata.,Named owner in evidence/monitoring register; author for presentation implementation,Manual requirement review plus executable checks; section-level status conservatively inherited by its instruction blocks
R08.005,8,A source register that can survive presentation questions,157,"4. Publication date, data period, revision, and access date.",Conditional / data required,source-book.csv; input-register.csv,Some undated sources/PDF indexes/timestamps remain explicitly unverified; no invented metadata.,Some undated sources/PDF indexes/timestamps remain explicitly unverified; no invented metadata.,Named owner in evidence/monitoring register; author for presentation implementation,Manual requirement review plus executable checks; section-level status conservatively inherited by its instruction blocks
R08.006,8,A source register that can survive presentation questions,158,5. Canonical publication URL.,Conditional / data required,source-book.csv; input-register.csv,Some undated sources/PDF indexes/timestamps remain explicitly unverified; no invented metadata.,Some undated sources/PDF indexes/timestamps remain explicitly unverified; no invented metadata.,Named owner in evidence/monitoring register; author for presentation implementation,Manual requirement review plus executable checks; section-level status conservatively inherited by its instruction blocks
R08.007,8,A source register that can survive presentation questions,159,6. Direct document or dataset URL where permitted.,Conditional / data required,source-book.csv; input-register.csv,Some undated sources/PDF indexes/timestamps remain explicitly unverified; no invented metadata.,Some undated sources/PDF indexes/timestamps remain explicitly unverified; no invented metadata.,Named owner in evidence/monitoring register; author for presentation implementation,Manual requirement review plus executable checks; section-level status conservatively inherited by its instruction blocks
R08.008,8,A source register that can survive presentation questions,160,"7. Relevant country, product, entity, and population.",Conditional / data required,source-book.csv; input-register.csv,Some undated sources/PDF indexes/timestamps remain explicitly unverified; no invented metadata.,Some undated sources/PDF indexes/timestamps remain explicitly unverified; no invented metadata.,Named owner in evidence/monitoring register; author for presentation implementation,Manual requirement review plus executable checks; section-level status conservatively inherited by its instruction blocks
R08.009,8,A source register that can survive presentation questions,161,"8. Units, currency, price base, exchange-rate convention, and definitions.",Conditional / data required,source-book.csv; input-register.csv,Some undated sources/PDF indexes/timestamps remain explicitly unverified; no invented metadata.,Some undated sources/PDF indexes/timestamps remain explicitly unverified; no invented metadata.,Named owner in evidence/monitoring register; author for presentation implementation,Manual requirement review plus executable checks; section-level status conservatively inherited by its instruction blocks
R08.010,8,A source register that can survive presentation questions,162,"9. Exact table, figure, chapter, section, or paragraph.",Conditional / data required,source-book.csv; input-register.csv,Some undated sources/PDF indexes/timestamps remain explicitly unverified; no invented metadata.,Some undated sources/PDF indexes/timestamps remain explicitly unverified; no invented metadata.,Named owner in evidence/monitoring register; author for presentation implementation,Manual requirement review plus executable checks; section-level status conservatively inherited by its instruction blocks
R08.011,8,A source register that can survive presentation questions,163,"10. Printed page number and PDF file-page index, if different.",Conditional / data required,source-book.csv; input-register.csv,Some undated sources/PDF indexes/timestamps remain explicitly unverified; no invented metadata.,Some undated sources/PDF indexes/timestamps remain explicitly unverified; no invented metadata.,Named owner in evidence/monitoring register; author for presentation implementation,Manual requirement review plus executable checks; section-level status conservatively inherited by its instruction blocks
R08.012,8,A source register that can survive presentation questions,164,"11. Dataset series ID, API query, dimension filters, and retrieval timestamp.",Conditional / data required,source-book.csv; input-register.csv,Some undated sources/PDF indexes/timestamps remain explicitly unverified; no invented metadata.,Some undated sources/PDF indexes/timestamps remain explicitly unverified; no invented metadata.,Named owner in evidence/monitoring register; author for presentation implementation,Manual requirement review plus executable checks; section-level status conservatively inherited by its instruction blocks
R08.013,8,A source register that can survive presentation questions,165,12. Which observation or claim is supported and its necessary context.,Conditional / data required,source-book.csv; input-register.csv,Some undated sources/PDF indexes/timestamps remain explicitly unverified; no invented metadata.,Some undated sources/PDF indexes/timestamps remain explicitly unverified; no invented metadata.,Named owner in evidence/monitoring register; author for presentation implementation,Manual requirement review plus executable checks; section-level status conservatively inherited by its instruction blocks
R08.014,8,A source register that can survive presentation questions,166,13. Measurement or methodology limitations.,Conditional / data required,source-book.csv; input-register.csv,Some undated sources/PDF indexes/timestamps remain explicitly unverified; no invented metadata.,Some undated sources/PDF indexes/timestamps remain explicitly unverified; no invented metadata.,Named owner in evidence/monitoring register; author for presentation implementation,Manual requirement review plus executable checks; section-level status conservatively inherited by its instruction blocks
R08.015,8,A source register that can survive presentation questions,167,"14. Whether the evidence is direct, proxy, modelled, revised, or missing.",Conditional / data required,source-book.csv; input-register.csv,Some undated sources/PDF indexes/timestamps remain explicitly unverified; no invented metadata.,Some undated sources/PDF indexes/timestamps remain explicitly unverified; no invented metadata.,Named owner in evidence/monitoring register; author for presentation implementation,Manual requirement review plus executable checks; section-level status conservatively inherited by its instruction blocks
R08.016,8,A source register that can survive presentation questions,168,15. Conflicting sources and the reconciliation rule.,Conditional / data required,source-book.csv; input-register.csv,Some undated sources/PDF indexes/timestamps remain explicitly unverified; no invented metadata.,Some undated sources/PDF indexes/timestamps remain explicitly unverified; no invented metadata.,Named owner in evidence/monitoring register; author for presentation implementation,Manual requirement review plus executable checks; section-level status conservatively inherited by its instruction blocks
R08.017,8,A source register that can survive presentation questions,169,16. Slide IDs and calculation IDs that use the source.,Conditional / data required,source-book.csv; input-register.csv,Some undated sources/PDF indexes/timestamps remain explicitly unverified; no invented metadata.,Some undated sources/PDF indexes/timestamps remain explicitly unverified; no invented metadata.,Named owner in evidence/monitoring register; author for presentation implementation,Manual requirement review plus executable checks; section-level status conservatively inherited by its instruction blocks
R08.018,8,A source register that can survive presentation questions,170,"17. Availability, licensing, and reproducible access notes.",Conditional / data required,source-book.csv; input-register.csv,Some undated sources/PDF indexes/timestamps remain explicitly unverified; no invented metadata.,Some undated sources/PDF indexes/timestamps remain explicitly unverified; no invented metadata.,Named owner in evidence/monitoring register; author for presentation implementation,Manual requirement review plus executable checks; section-level status conservatively inherited by its instruction blocks
R08.019,8,A source register that can survive presentation questions,172,"If a web page has no pagination, write `page: not applicable; section: [exact heading]`. Do not invent a page number. For an API, cite the exact series and query rather than pretending that a data row has a printed page.",Conditional / data required,source-book.csv; input-register.csv,Some undated sources/PDF indexes/timestamps remain explicitly unverified; no invented metadata.,Some undated sources/PDF indexes/timestamps remain explicitly unverified; no invented metadata.,Named owner in evidence/monitoring register; author for presentation implementation,Manual requirement review plus executable checks; section-level status conservatively inherited by its instruction blocks
R08.020,8,A source register that can survive presentation questions,174,"A slide footnote should point to a stable source ID and concise pinpoint. The source book must contain the complete link and context. Prefer meaningful links over a long, unreadable string in a slide footer.",Conditional / data required,source-book.csv; input-register.csv,Some undated sources/PDF indexes/timestamps remain explicitly unverified; no invented metadata.,Some undated sources/PDF indexes/timestamps remain explicitly unverified; no invented metadata.,Named owner in evidence/monitoring register; author for presentation implementation,Manual requirement review plus executable checks; section-level status conservatively inherited by its instruction blocks
R08.021,8,A source register that can survive presentation questions,176,"Where practical, retain allowed original downloads and cryptographic checksums so that revisions can be identified. Archive extraction and transformation rules. A search-result snippet is not enough to substantiate a decision-critical claim; open and inspect the underlying source.",Conditional / data required,source-book.csv; input-register.csv,Some undated sources/PDF indexes/timestamps remain explicitly unverified; no invented metadata.,Some undated sources/PDF indexes/timestamps remain explicitly unverified; no invented metadata.,Named owner in evidence/monitoring register; author for presentation implementation,Manual requirement review plus executable checks; section-level status conservatively inherited by its instruction blocks
R08.022,8,A source register that can survive presentation questions,178,"Use independent corroboration when available for material company, trade, financial, or policy claims. A syndicated repetition is not independent corroboration. For authoritative original statistics, the issuing agency's methodology and revision notes may matter more than a second site repeating the figure.",Conditional / data required,source-book.csv; input-register.csv,Some undated sources/PDF indexes/timestamps remain explicitly unverified; no invented metadata.,Some undated sources/PDF indexes/timestamps remain explicitly unverified; no invented metadata.,Named owner in evidence/monitoring register; author for presentation implementation,Manual requirement review plus executable checks; section-level status conservatively inherited by its instruction blocks
R09.001,9,Authoritative source map and retrieval priorities,182,"Start from the following sources, then find exact relevant publications and records. These are discovery entry points, not evidence for unspecified claims. Check access, update dates, coverage, definitions, and the latest release at execution time.",Conditional / data required,source-book.csv; retrieval manifests; country-driver-coverage.csv,Country/product/asset/customer coverage is uneven; preferred primary sources not all retrievable.,Country/product/asset/customer coverage is uneven; preferred primary sources not all retrievable.,Named owner in evidence/monitoring register; author for presentation implementation,Manual requirement review plus executable checks; section-level status conservatively inherited by its instruction blocks
R09.002,9,Authoritative source map and retrieval priorities,184,| Research need | Preferred starting points |,Conditional / data required,source-book.csv; retrieval manifests; country-driver-coverage.csv,Country/product/asset/customer coverage is uneven; preferred primary sources not all retrievable.,Country/product/asset/customer coverage is uneven; preferred primary sources not all retrievable.,Named owner in evidence/monitoring register; author for presentation implementation,Manual requirement review plus executable checks; section-level status conservatively inherited by its instruction blocks
R09.003,9,Authoritative source map and retrieval priorities,185,|---|---|,Conditional / data required,source-book.csv; retrieval manifests; country-driver-coverage.csv,Country/product/asset/customer coverage is uneven; preferred primary sources not all retrievable.,Country/product/asset/customer coverage is uneven; preferred primary sources not all retrievable.,Named owner in evidence/monitoring register; author for presentation implementation,Manual requirement review plus executable checks; section-level status conservatively inherited by its instruction blocks
R09.004,9,Authoritative source map and retrieval priorities,186,| Company perimeter and operating facts | Olam Agri: `https://www.olamagri.com/`; Olam Group investor disclosures: `https://www.olamgroup.com/`; SALIC: `https://www.salic.com/`; applicable SGX filings |,Conditional / data required,source-book.csv; retrieval manifests; country-driver-coverage.csv,Country/product/asset/customer coverage is uneven; preferred primary sources not all retrievable.,Country/product/asset/customer coverage is uneven; preferred primary sources not all retrievable.,Named owner in evidence/monitoring register; author for presentation implementation,Manual requirement review plus executable checks; section-level status conservatively inherited by its instruction blocks
R09.005,9,Authoritative source map and retrieval priorities,187,| Current products and capabilities | `https://www.olamagri.com/about-us`; official product and country pages; latest Olam Agri annual report and corporate factsheet |,Conditional / data required,source-book.csv; retrieval manifests; country-driver-coverage.csv,Country/product/asset/customer coverage is uneven; preferred primary sources not all retrievable.,Country/product/asset/customer coverage is uneven; preferred primary sources not all retrievable.,Named owner in evidence/monitoring register; author for presentation implementation,Manual requirement review plus executable checks; section-level status conservatively inherited by its instruction blocks
R09.006,9,Authoritative source map and retrieval priorities,188,"| Agricultural production, yields, balances | FAOSTAT: `https://www.fao.org/faostat/en/`; national ministries and statistics agencies |",Conditional / data required,source-book.csv; retrieval manifests; country-driver-coverage.csv,Country/product/asset/customer coverage is uneven; preferred primary sources not all retrievable.,Country/product/asset/customer coverage is uneven; preferred primary sources not all retrievable.,Named owner in evidence/monitoring register; author for presentation implementation,Manual requirement review plus executable checks; section-level status conservatively inherited by its instruction blocks
R09.007,9,Authoritative source map and retrieval priorities,189,| Agricultural medium-term projections | OECD–FAO Agricultural Outlook: `https://www.oecd.org/en/publications/serials/oecd-fao-agricultural-outlook_g1gha587.html`; associated methodology and datasets |,Conditional / data required,source-book.csv; retrieval manifests; country-driver-coverage.csv,Country/product/asset/customer coverage is uneven; preferred primary sources not all retrievable.,Country/product/asset/customer coverage is uneven; preferred primary sources not all retrievable.,Named owner in evidence/monitoring register; author for presentation implementation,Manual requirement review plus executable checks; section-level status conservatively inherited by its instruction blocks
R09.008,9,Authoritative source map and retrieval priorities,190,| Current verified Outlook edition at preparation | `https://www.oecd.org/en/publications/oecd-fao-agricultural-outlook-2026-2035_47874669-en.html`; DOI `https://doi.org/10.1787/47874669-en` |,Conditional / data required,source-book.csv; retrieval manifests; country-driver-coverage.csv,Country/product/asset/customer coverage is uneven; preferred primary sources not all retrievable.,Country/product/asset/customer coverage is uneven; preferred primary sources not all retrievable.,Named owner in evidence/monitoring register; author for presentation implementation,Manual requirement review plus executable checks; section-level status conservatively inherited by its instruction blocks
R09.009,9,Authoritative source map and retrieval priorities,191,| Projection methodology | `https://www.oecd.org/en/publications/oecd-fao-agricultural-outlook-2026-2035_47874669-en/full-report/methodology_4c323de7.html` |,Conditional / data required,source-book.csv; retrieval manifests; country-driver-coverage.csv,Country/product/asset/customer coverage is uneven; preferred primary sources not all retrievable.,Country/product/asset/customer coverage is uneven; preferred primary sources not all retrievable.,Named owner in evidence/monitoring register; author for presentation implementation,Manual requirement review plus executable checks; section-level status conservatively inherited by its instruction blocks
R09.010,9,Authoritative source map and retrieval priorities,192,| Trade quantities and values | UN Comtrade: `https://comtradeplus.un.org/`; national customs; partner-country mirror statistics |,Conditional / data required,source-book.csv; retrieval manifests; country-driver-coverage.csv,Country/product/asset/customer coverage is uneven; preferred primary sources not all retrievable.,Country/product/asset/customer coverage is uneven; preferred primary sources not all retrievable.,Named owner in evidence/monitoring register; author for presentation implementation,Manual requirement review plus executable checks; section-level status conservatively inherited by its instruction blocks
R09.011,9,Authoritative source map and retrieval priorities,193,"| Tariffs and trade policy | WTO: `https://www.wto.org/`; WTO Tariff and Trade Data: `https://ttd.wto.org/`; official customs schedules, gazettes, and trade agreements |",Conditional / data required,source-book.csv; retrieval manifests; country-driver-coverage.csv,Country/product/asset/customer coverage is uneven; preferred primary sources not all retrievable.,Country/product/asset/customer coverage is uneven; preferred primary sources not all retrievable.,Named owner in evidence/monitoring register; author for presentation implementation,Manual requirement review plus executable checks; section-level status conservatively inherited by its instruction blocks
R09.012,9,Authoritative source map and retrieval priorities,194,| Population and demographic projections | UN DESA World Population Prospects: `https://population.un.org/wpp/`; UN urbanisation releases; national censuses |,Conditional / data required,source-book.csv; retrieval manifests; country-driver-coverage.csv,Country/product/asset/customer coverage is uneven; preferred primary sources not all retrievable.,Country/product/asset/customer coverage is uneven; preferred primary sources not all retrievable.,Named owner in evidence/monitoring register; author for presentation implementation,Manual requirement review plus executable checks; section-level status conservatively inherited by its instruction blocks
R09.013,9,Authoritative source map and retrieval priorities,195,| Macroeconomics | IMF: `https://www.imf.org/`; World Bank: `https://data.worldbank.org/`; national central banks and statistics agencies |,Conditional / data required,source-book.csv; retrieval manifests; country-driver-coverage.csv,Country/product/asset/customer coverage is uneven; preferred primary sources not all retrievable.,Country/product/asset/customer coverage is uneven; preferred primary sources not all retrievable.,Named owner in evidence/monitoring register; author for presentation implementation,Manual requirement review plus executable checks; section-level status conservatively inherited by its instruction blocks
R09.014,9,Authoritative source map and retrieval priorities,196,"| Public finance, FX, and debt | IMF country reports; World Bank debt statistics; central banks; finance ministries; BIS: `https://www.bis.org/` |",Conditional / data required,source-book.csv; retrieval manifests; country-driver-coverage.csv,Country/product/asset/customer coverage is uneven; preferred primary sources not all retrievable.,Country/product/asset/customer coverage is uneven; preferred primary sources not all retrievable.,Named owner in evidence/monitoring register; author for presentation implementation,Manual requirement review plus executable checks; section-level status conservatively inherited by its instruction blocks
R09.015,9,Authoritative source map and retrieval priorities,197,"| Climate science | IPCC: `https://www.ipcc.ch/`; AR6 WGII Food, Fibre and Other Ecosystem Products: `https://www.ipcc.ch/report/ar6/wg2/chapter/chapter-5/` |",Conditional / data required,source-book.csv; retrieval manifests; country-driver-coverage.csv,Country/product/asset/customer coverage is uneven; preferred primary sources not all retrievable.,Country/product/asset/customer coverage is uneven; preferred primary sources not all retrievable.,Named owner in evidence/monitoring register; author for presentation implementation,Manual requirement review plus executable checks; section-level status conservatively inherited by its instruction blocks
R09.016,9,Authoritative source map and retrieval priorities,198,| Climate observations and hazards | WMO: `https://wmo.int/`; Copernicus Climate Data Store: `https://cds.climate.copernicus.eu/`; national meteorological services; NASA and NOAA official datasets |,Conditional / data required,source-book.csv; retrieval manifests; country-driver-coverage.csv,Country/product/asset/customer coverage is uneven; preferred primary sources not all retrievable.,Country/product/asset/customer coverage is uneven; preferred primary sources not all retrievable.,Named owner in evidence/monitoring register; author for presentation implementation,Manual requirement review plus executable checks; section-level status conservatively inherited by its instruction blocks
R09.017,9,Authoritative source map and retrieval priorities,199,| Water and irrigation | FAO AQUASTAT: `https://www.fao.org/aquastat/en/`; national water authorities; basin-level evidence |,Conditional / data required,source-book.csv; retrieval manifests; country-driver-coverage.csv,Country/product/asset/customer coverage is uneven; preferred primary sources not all retrievable.,Country/product/asset/customer coverage is uneven; preferred primary sources not all retrievable.,Named owner in evidence/monitoring register; author for presentation implementation,Manual requirement review plus executable checks; section-level status conservatively inherited by its instruction blocks
R09.018,9,Authoritative source map and retrieval priorities,200,| Natural disasters | UNDRR: `https://www.undrr.org/`; EM-DAT: `https://www.emdat.be/`; national disaster agencies and insurer evidence where disclosed |,Conditional / data required,source-book.csv; retrieval manifests; country-driver-coverage.csv,Country/product/asset/customer coverage is uneven; preferred primary sources not all retrievable.,Country/product/asset/customer coverage is uneven; preferred primary sources not all retrievable.,Named owner in evidence/monitoring register; author for presentation implementation,Manual requirement review plus executable checks; section-level status conservatively inherited by its instruction blocks
R09.019,9,Authoritative source map and retrieval priorities,201,| Agriculture and food security | FAO; WFP: `https://www.wfp.org/`; USDA FAS: `https://fas.usda.gov/`; USDA PSD and GAIN databases; IFPRI: `https://www.ifpri.org/` |,Conditional / data required,source-book.csv; retrieval manifests; country-driver-coverage.csv,Country/product/asset/customer coverage is uneven; preferred primary sources not all retrievable.,Country/product/asset/customer coverage is uneven; preferred primary sources not all retrievable.,Named owner in evidence/monitoring register; author for presentation implementation,Manual requirement review plus executable checks; section-level status conservatively inherited by its instruction blocks
R09.020,9,Authoritative source map and retrieval priorities,202,"| Health, nutrition, and diet | WHO: `https://www.who.int/`; FAO food consumption surveys; national health and household expenditure surveys |",Conditional / data required,source-book.csv; retrieval manifests; country-driver-coverage.csv,Country/product/asset/customer coverage is uneven; preferred primary sources not all retrievable.,Country/product/asset/customer coverage is uneven; preferred primary sources not all retrievable.,Named owner in evidence/monitoring register; author for presentation implementation,Manual requirement review plus executable checks; section-level status conservatively inherited by its instruction blocks
R09.021,9,Authoritative source map and retrieval priorities,203,| Freight and ports | UNCTAD: `https://unctad.org/`; official port authorities; transport ministries; IMO: `https://www.imo.org/` |,Conditional / data required,source-book.csv; retrieval manifests; country-driver-coverage.csv,Country/product/asset/customer coverage is uneven; preferred primary sources not all retrievable.,Country/product/asset/customer coverage is uneven; preferred primary sources not all retrievable.,Named owner in evidence/monitoring register; author for presentation implementation,Manual requirement review plus executable checks; section-level status conservatively inherited by its instruction blocks
R09.022,9,Authoritative source map and retrieval priorities,204,"| Labour, employment, wages | ILOSTAT: `https://ilostat.ilo.org/`; national labour surveys |",Conditional / data required,source-book.csv; retrieval manifests; country-driver-coverage.csv,Country/product/asset/customer coverage is uneven; preferred primary sources not all retrievable.,Country/product/asset/customer coverage is uneven; preferred primary sources not all retrievable.,Named owner in evidence/monitoring register; author for presentation implementation,Manual requirement review plus executable checks; section-level status conservatively inherited by its instruction blocks
R09.023,9,Authoritative source map and retrieval priorities,205,| Sustainability and environmental regulation | National regulators; official EU legislation: `https://eur-lex.europa.eu/`; competent certification standards and verified company disclosures |,Conditional / data required,source-book.csv; retrieval manifests; country-driver-coverage.csv,Country/product/asset/customer coverage is uneven; preferred primary sources not all retrievable.,Country/product/asset/customer coverage is uneven; preferred primary sources not all retrievable.,Named owner in evidence/monitoring register; author for presentation implementation,Manual requirement review plus executable checks; section-level status conservatively inherited by its instruction blocks
R09.024,9,Authoritative source map and retrieval priorities,206,"| Nobel method attribution | Nobel Prize official pages: `https://www.nobelprize.org/prizes/economic-sciences/`; original papers, author repositories, and primary model documentation |",Conditional / data required,source-book.csv; retrieval manifests; country-driver-coverage.csv,Country/product/asset/customer coverage is uneven; preferred primary sources not all retrievable.,Country/product/asset/customer coverage is uneven; preferred primary sources not all retrievable.,Named owner in evidence/monitoring register; author for presentation implementation,Manual requirement review plus executable checks; section-level status conservatively inherited by its instruction blocks
R09.025,9,Authoritative source map and retrieval priorities,207,"| Conflict and political risk | Official sanctions lists, UN records, national advisories, and transparent conflict research such as UCDP: `https://ucdp.uu.se/` |",Conditional / data required,source-book.csv; retrieval manifests; country-driver-coverage.csv,Country/product/asset/customer coverage is uneven; preferred primary sources not all retrievable.,Country/product/asset/customer coverage is uneven; preferred primary sources not all retrievable.,Named owner in evidence/monitoring register; author for presentation implementation,Manual requirement review plus executable checks; section-level status conservatively inherited by its instruction blocks
R09.026,9,Authoritative source map and retrieval priorities,209,"Official status does not make every source error-free or appropriate. Evaluate revisions, incentive conflicts, uneven national reporting, missing informal trade, and the difference between a forecast and realised data.",Conditional / data required,source-book.csv; retrieval manifests; country-driver-coverage.csv,Country/product/asset/customer coverage is uneven; preferred primary sources not all retrievable.,Country/product/asset/customer coverage is uneven; preferred primary sources not all retrievable.,Named owner in evidence/monitoring register; author for presentation implementation,Manual requirement review plus executable checks; section-level status conservatively inherited by its instruction blocks
R09.027,9,Authoritative source map and retrieval priorities,211,"Use accessible primary sources before paywalled estimates. If important internal or commercial data are unavailable, say so and provide a defensible proxy or a break-even boundary, not a fabricated observation.",Conditional / data required,source-book.csv; retrieval manifests; country-driver-coverage.csv,Country/product/asset/customer coverage is uneven; preferred primary sources not all retrievable.,Country/product/asset/customer coverage is uneven; preferred primary sources not all retrievable.,Named owner in evidence/monitoring register; author for presentation implementation,Manual requirement review plus executable checks; section-level status conservatively inherited by its instruction blocks
R10.001,10,"Data model, concordance, and global coverage",215,"Construct a country-year and country-product-year panel, supplemented by origin-destination-product trade flows and customer-route observations where available. Use long-form data with explicit keys. Keep source values separate from transformed values.",Conditional / data required,country-driver-coverage.csv; membership-verification.csv; population-variants.csv,"No household/asset identifiers, actual HS concordance, or WPP low/high variants retrieved.","No household/asset identifiers, actual HS concordance, or WPP low/high variants retrieved.",Named owner in evidence/monitoring register; author for presentation implementation,Manual requirement review plus executable checks; section-level status conservatively inherited by its instruction blocks
R10.002,10,"Data model, concordance, and global coverage",217,Required fields include country identifiers; year and frequency; product and HS code; reported and harmonised unit; source ID; observation status; publication vintage; geographic scope; price basis; transformation; imputation flag; and uncertainty class.,Conditional / data required,country-driver-coverage.csv; membership-verification.csv; population-variants.csv,"No household/asset identifiers, actual HS concordance, or WPP low/high variants retrieved.","No household/asset identifiers, actual HS concordance, or WPP low/high variants retrieved.",Named owner in evidence/monitoring register; author for presentation implementation,Manual requirement review plus executable checks; section-level status conservatively inherited by its instruction blocks
R10.003,10,"Data model, concordance, and global coverage",219,"Document HS revisions and product concordance. Grain, flour, semolina, pasta, crude oil, refined oil, feed ingredients, finished feed, cotton, rubber, wood, and transport services must not be combined as though they were the same product. Map primary-product and processed-product conversions with credible extraction and yield factors.",Conditional / data required,country-driver-coverage.csv; membership-verification.csv; population-variants.csv,"No household/asset identifiers, actual HS concordance, or WPP low/high variants retrieved.","No household/asset identifiers, actual HS concordance, or WPP low/high variants retrieved.",Named owner in evidence/monitoring register; author for presentation implementation,Manual requirement review plus executable checks; section-level status conservatively inherited by its instruction blocks
R10.004,10,"Data model, concordance, and global coverage",221,"Reconcile tonnes, kilograms, litres, oil-equivalent measures, edible-weight measures, product weight, and dry matter. Distinguish household consumption from apparent supply, intermediate use, feed use, industrial use, seed use, losses, and stock changes.",Conditional / data required,country-driver-coverage.csv; membership-verification.csv; population-variants.csv,"No household/asset identifiers, actual HS concordance, or WPP low/high variants retrieved.","No household/asset identifiers, actual HS concordance, or WPP low/high variants retrieved.",Named owner in evidence/monitoring register; author for presentation implementation,Manual requirement review plus executable checks; section-level status conservatively inherited by its instruction blocks
R10.005,10,"Data model, concordance, and global coverage",223,"Separate FOB exports from CIF imports. Explain freight, insurance, valuation, timing, and reporting differences in mirror trade. Flag re-exports, trans-shipment hubs, informal cross-border flows, and unusual unit values. A trade unit value is not automatically a local wholesale or retail price.",Conditional / data required,country-driver-coverage.csv; membership-verification.csv; population-variants.csv,"No household/asset identifiers, actual HS concordance, or WPP low/high variants retrieved.","No household/asset identifiers, actual HS concordance, or WPP low/high variants retrieved.",Named owner in evidence/monitoring register; author for presentation implementation,Manual requirement review plus executable checks; section-level status conservatively inherited by its instruction blocks
R10.006,10,"Data model, concordance, and global coverage",225,"Use the latest revisions consistently, and keep a vintage snapshot for backtesting. Do not use future revisions of historical data when claiming what a model could have predicted at the time.",Conditional / data required,country-driver-coverage.csv; membership-verification.csv; population-variants.csv,"No household/asset identifiers, actual HS concordance, or WPP low/high variants retrieved.","No household/asset identifiers, actual HS concordance, or WPP low/high variants retrieved.",Named owner in evidence/monitoring register; author for presentation implementation,Manual requirement review plus executable checks; section-level status conservatively inherited by its instruction blocks
R10.007,10,"Data model, concordance, and global coverage",227,"Build a coverage matrix with every country, requested variable, years available, source, missingness, modelling eligibility, and limitation. Group unresolved data needs by decision impact. Never hide missing countries by dropping incomplete rows and calling the remaining sample global.",Conditional / data required,country-driver-coverage.csv; membership-verification.csv; population-variants.csv,"No household/asset identifiers, actual HS concordance, or WPP low/high variants retrieved.","No household/asset identifiers, actual HS concordance, or WPP low/high variants retrieved.",Named owner in evidence/monitoring register; author for presentation implementation,Manual requirement review plus executable checks; section-level status conservatively inherited by its instruction blocks
R11.001,11,Country drivers: demographics and purchasing power,231,"For every country, examine population size and trajectory, fertility, mortality, migration, age composition, household size, urbanisation, rural livelihoods, labour availability, and changing dependency ratios. Use official projection variants or probabilistic ranges where available. Do not extrapolate the recent population growth rate indefinitely.",Conditional / data required,country-driver-coverage.csv; country atlas,Age/health/migration proxies retrieved; household/product future purchase paths absent.,Age/health/migration proxies retrieved; household/product future purchase paths absent.,Named owner in evidence/monitoring register; author for presentation implementation,Manual requirement review plus executable checks; section-level status conservatively inherited by its instruction blocks
R11.002,11,Country drivers: demographics and purchasing power,233,"Estimate food and feed demand through population **and per-capita demand**, with income, relative prices, household composition, distribution, culture, substitution, and supply constraints. Population growth does not automatically mean profitable demand growth, and population decline does not automatically make a market unattractive.",Conditional / data required,country-driver-coverage.csv; country atlas,Age/health/migration proxies retrieved; household/product future purchase paths absent.,Age/health/migration proxies retrieved; household/product future purchase paths absent.,Named owner in evidence/monitoring register; author for presentation implementation,Manual requirement review plus executable checks; section-level status conservatively inherited by its instruction blocks
R11.003,11,Country drivers: demographics and purchasing power,235,"Study disposable purchasing power, income distribution, poverty, real wage trends, consumer credit, food expenditure shares, and price sensitivity. Use PPP-based income measures for comparable purchasing power and appropriate market exchange rates for cross-border costs and cash conversion. Do not mix their purposes.",Conditional / data required,country-driver-coverage.csv; country atlas,Age/health/migration proxies retrieved; household/product future purchase paths absent.,Age/health/migration proxies retrieved; household/product future purchase paths absent.,Named owner in evidence/monitoring register; author for presentation implementation,Manual requirement review plus executable checks; section-level status conservatively inherited by its instruction blocks
R11.004,11,Country drivers: demographics and purchasing power,237,"Examine aging markets for changes in pack size, convenience, texture, nutrition, and institutional demand, but do not assume uniform preferences among older consumers. Examine youthful markets for household formation and urbanisation, while considering employment and affordability constraints.",Conditional / data required,country-driver-coverage.csv; country atlas,Age/health/migration proxies retrieved; household/product future purchase paths absent.,Age/health/migration proxies retrieved; household/product future purchase paths absent.,Named owner in evidence/monitoring register; author for presentation implementation,Manual requirement review plus executable checks; section-level status conservatively inherited by its instruction blocks
R11.005,11,Country drivers: demographics and purchasing power,239,"Specify the causal bridge: demographic or income change → consumption occasion/customer economics → product mix and addressable demand → feasible capture → margin, capacity, and cash needs.",Conditional / data required,country-driver-coverage.csv; country atlas,Age/health/migration proxies retrieved; household/product future purchase paths absent.,Age/health/migration proxies retrieved; household/product future purchase paths absent.,Named owner in evidence/monitoring register; author for presentation implementation,Manual requirement review plus executable checks; section-level status conservatively inherited by its instruction blocks
R12.001,12,"Country drivers: economics, institutions, and finance",243,"Include real GDP and GDP per capita, productivity, sector composition, inflation, food inflation, fiscal conditions, debt-service burden, currency convertibility, capital controls, banking depth, borrowing cost, counterparty credit, remittance or repatriation constraints, and payment behaviour.",Conditional / data required,country-driver-coverage.csv; evidence-request-queue.csv,Public drivers retrieved; actual company financing/currency/tax and institutions absent.,Public drivers retrieved; actual company financing/currency/tax and institutions absent.,Named owner in evidence/monitoring register; author for presentation implementation,Manual requirement review plus executable checks; section-level status conservatively inherited by its instruction blocks
R12.002,12,"Country drivers: economics, institutions, and finance",245,Distinguish disinflation from falling prices; devaluation from a real competitiveness gain; a nominal interest rate from a real rate; a monetary policy rate from a corporate funding cost; and GDP growth from growth in an Olam-relevant category.,Conditional / data required,country-driver-coverage.csv; evidence-request-queue.csv,Public drivers retrieved; actual company financing/currency/tax and institutions absent.,Public drivers retrieved; actual company financing/currency/tax and institutions absent.,Named owner in evidence/monitoring register; author for presentation implementation,Manual requirement review plus executable checks; section-level status conservatively inherited by its instruction blocks
R12.003,12,"Country drivers: economics, institutions, and finance",247,"Analyse formal law and actual enforcement separately where evidence permits. Assess contract enforceability, land rights, regulatory consistency, state procurement, infrastructure reliability, institutional stability, competition policy, and entry barriers. Use institutional measures as uncertain proxies rather than labelling countries with unsupported moral or political judgements.",Conditional / data required,country-driver-coverage.csv; evidence-request-queue.csv,Public drivers retrieved; actual company financing/currency/tax and institutions absent.,Public drivers retrieved; actual company financing/currency/tax and institutions absent.,Named owner in evidence/monitoring register; author for presentation implementation,Manual requirement review plus executable checks; section-level status conservatively inherited by its instruction blocks
R12.004,12,"Country drivers: economics, institutions, and finance",249,"For long-run institutional and productivity scenarios, show which parameters are assumed to change and how that alters cost, demand, risk, or investment. Do not turn a governance index directly into an arbitrary financial haircut without calibration.",Conditional / data required,country-driver-coverage.csv; evidence-request-queue.csv,Public drivers retrieved; actual company financing/currency/tax and institutions absent.,Public drivers retrieved; actual company financing/currency/tax and institutions absent.,Named owner in evidence/monitoring register; author for presentation implementation,Manual requirement review plus executable checks; section-level status conservatively inherited by its instruction blocks
R13.001,13,"Country drivers: food preferences, health, and customer needs",253,"Study meal occasions, staple preferences, household cooking constraints, traditional diets, convenience, food-service demand, bakery and industrial food production, animal protein, aquaculture, fortification, product safety, and demand for traceability.",Conditional / data required,priority-commercial-plans.md; model-selection-register.csv,"No observed category preferences, household consumption or nutrition premium.","No observed category preferences, household consumption or nutrition premium.",Named owner in evidence/monitoring register; author for presentation implementation,Manual requirement review plus executable checks; section-level status conservatively inherited by its instruction blocks
R13.002,13,"Country drivers: food preferences, health, and customer needs",255,"Differentiate B2C shoppers, distributors, wholesalers, artisanal producers, industrial manufacturers, livestock producers, aquaculture operators, governments, and institutional buyers. Model the customer's own economics: yield, throughput, rejects, labour time, energy, spoilage, financing, consistency, and reliability.",Conditional / data required,priority-commercial-plans.md; model-selection-register.csv,"No observed category preferences, household consumption or nutrition premium.","No observed category preferences, household consumption or nutrition premium.",Named owner in evidence/monitoring register; author for presentation implementation,Manual requirement review plus executable checks; section-level status conservatively inherited by its instruction blocks
R13.003,13,"Country drivers: food preferences, health, and customer needs",257,"Treat health consciousness as country- and segment-specific behaviour supported by expenditure, surveys, purchase data, or controlled research. Do not assume that stated willingness to pay converts into actual purchases. Separate nutrition science from marketing claims and verify all proposed health or fortification claims under local law.",Conditional / data required,priority-commercial-plans.md; model-selection-register.csv,"No observed category preferences, household consumption or nutrition premium.","No observed category preferences, household consumption or nutrition premium.",Named owner in evidence/monitoring register; author for presentation implementation,Manual requirement review plus executable checks; section-level status conservatively inherited by its instruction blocks
R13.004,13,"Country drivers: food preferences, health, and customer needs",259,"Include dietary transition, concerns about sugar, fats, salt, processing, protein, micronutrients, allergens, and food safety where relevant to an actual Olam Agri product. Consider changing medical or weight-management practices only where credible evidence establishes a material consumption effect. Avoid unsupported medical causation or speculative universal adoption.",Conditional / data required,priority-commercial-plans.md; model-selection-register.csv,"No observed category preferences, household consumption or nutrition premium.","No observed category preferences, household consumption or nutrition premium.",Named owner in evidence/monitoring register; author for presentation implementation,Manual requirement review plus executable checks; section-level status conservatively inherited by its instruction blocks
R13.005,13,"Country drivers: food preferences, health, and customer needs",261,"Compare nutrient delivery, cost per serving, cost per use, preparation cost, and customer performance. An affordable cash ticket can conceal a high unit price; a large economical pack can be inaccessible to a cash-constrained household. Make this dual-price problem explicit.",Conditional / data required,priority-commercial-plans.md; model-selection-register.csv,"No observed category preferences, household consumption or nutrition premium.","No observed category preferences, household consumption or nutrition premium.",Named owner in evidence/monitoring register; author for presentation implementation,Manual requirement review plus executable checks; section-level status conservatively inherited by its instruction blocks
R14.001,14,"Country drivers: climate, nature, disasters, and adaptation",265,"Build product- and geography-specific exposures to temperature, rainfall, drought, floods, cyclones, wildfire, extreme heat, water stress, salinity, soil degradation, pests, disease, sea-level change, and ecosystem damage. Separate chronic climate shifts from discrete weather events and from operational incidents.",Conditional / data required,climate slide; model-selection-register.csv; E5,No geocoded crop/basin/asset hazards or adaptation costs.,No geocoded crop/basin/asset hazards or adaptation costs.,Named owner in evidence/monitoring register; author for presentation implementation,Manual requirement review plus executable checks; section-level status conservatively inherited by its instruction blocks
R14.002,14,"Country drivers: climate, nature, disasters, and adaptation",267,"Use IPCC-consistent socioeconomic and emissions pathways and relevant crop or hydrological evidence. Explain any bridge between global warming levels, regional climate, yield response, quality, harvest timing, storage, logistics, and business cash flows. Global average temperature is not a direct local yield coefficient.",Conditional / data required,climate slide; model-selection-register.csv; E5,No geocoded crop/basin/asset hazards or adaptation costs.,No geocoded crop/basin/asset hazards or adaptation costs.,Named owner in evidence/monitoring register; author for presentation implementation,Manual requirement review plus executable checks; section-level status conservatively inherited by its instruction blocks
R14.003,14,"Country drivers: climate, nature, disasters, and adaptation",269,Analyse compound events: drought plus energy shortage; flood plus port closure; heat plus crop disease; commodity supply shock plus currency depreciation; and climate migration plus household affordability pressure. Consider correlated failures across sourcing basins and shared ports.,Conditional / data required,climate slide; model-selection-register.csv; E5,No geocoded crop/basin/asset hazards or adaptation costs.,No geocoded crop/basin/asset hazards or adaptation costs.,Named owner in evidence/monitoring register; author for presentation implementation,Manual requirement review plus executable checks; section-level status conservatively inherited by its instruction blocks
R14.004,14,"Country drivers: climate, nature, disasters, and adaptation",271,"Include adaptation options such as sourcing diversification, water efficiency, agronomy, irrigation, storage, climate-tolerant varieties, insurance, disaster response, alternative ports, and supplier support. Model cost, adoption, effectiveness, time lag, maintenance, and limits. Do not assume that adaptation neutralises all losses.",Conditional / data required,climate slide; model-selection-register.csv; E5,No geocoded crop/basin/asset hazards or adaptation costs.,No geocoded crop/basin/asset hazards or adaptation costs.,Named owner in evidence/monitoring register; author for presentation implementation,Manual requirement review plus executable checks; section-level status conservatively inherited by its instruction blocks
R14.005,14,"Country drivers: climate, nature, disasters, and adaptation",273,"Assess transition risk: carbon pricing, land-use rules, traceability, deforestation requirements, water restrictions, subsidy shifts, energy transition, and standards demanded by buyers. Verify enacted rules, proposal status, implementation dates, scope, and exceptions at the research cutoff.",Conditional / data required,climate slide; model-selection-register.csv; E5,No geocoded crop/basin/asset hazards or adaptation costs.,No geocoded crop/basin/asset hazards or adaptation costs.,Named owner in evidence/monitoring register; author for presentation implementation,Manual requirement review plus executable checks; section-level status conservatively inherited by its instruction blocks
R14.006,14,"Country drivers: climate, nature, disasters, and adaptation",275,Treat environmental and social constraints as genuine feasibility conditions. A business case cannot compensate for an illegal activity or unacceptable rights violation by assigning it a small monetary penalty.,Conditional / data required,climate slide; model-selection-register.csv; E5,No geocoded crop/basin/asset hazards or adaptation costs.,No geocoded crop/basin/asset hazards or adaptation costs.,Named owner in evidence/monitoring register; author for presentation implementation,Manual requirement review plus executable checks; section-level status conservatively inherited by its instruction blocks
R15.001,15,Country drivers: geopolitics and international trade,279,"Evaluate tariffs, quotas, licensing, sanitary and phytosanitary requirements, export controls, import restrictions, local-content rules, regional agreements, customs procedures, tax treatment, sanctions, currency settlement, and regulatory enforcement. Use product-specific HS lines and current official rules.",Conditional / data required,trade slide; E3/E6; source-book.csv,"Current product-specific rights, tariffs, sanctions and counterparty clearance need Legal.","Current product-specific rights, tariffs, sanctions and counterparty clearance need Legal.",Named owner in evidence/monitoring register; author for presentation implementation,Manual requirement review plus executable checks; section-level status conservatively inherited by its instruction blocks
R15.002,15,Country drivers: geopolitics and international trade,281,"Distinguish `not prohibited` from `duty free`, `licensed`, `financeable`, `logistically possible`, and `economically attractive`. Preserve that distinction when extending the current Nigeria crude-versus-refined oil argument.",Conditional / data required,trade slide; E3/E6; source-book.csv,"Current product-specific rights, tariffs, sanctions and counterparty clearance need Legal.","Current product-specific rights, tariffs, sanctions and counterparty clearance need Legal.",Named owner in evidence/monitoring register; author for presentation implementation,Manual requirement review plus executable checks; section-level status conservatively inherited by its instruction blocks
R15.003,15,Country drivers: geopolitics and international trade,283,"Model plausible trade-fragmentation and supply-security scenarios. Include disruption to relevant waterways, canals, rail routes, land borders, ports, shipping insurance, and fertiliser or energy supply. Treat named future conflicts and closures as conditional stresses, not predictions that they will occur.",Conditional / data required,trade slide; E3/E6; source-book.csv,"Current product-specific rights, tariffs, sanctions and counterparty clearance need Legal.","Current product-specific rights, tariffs, sanctions and counterparty clearance need Legal.",Named owner in evidence/monitoring register; author for presentation implementation,Manual requirement review plus executable checks; section-level status conservatively inherited by its instruction blocks
R15.004,15,Country drivers: geopolitics and international trade,285,"Identify dependence on individual origins, importers, policy regimes, currencies, and counterparties. Explore the strategic value of trusted supplier status, diversified origins, local processing, technical service, and long-term contracts, while quantifying the capital and flexibility they consume.",Conditional / data required,trade slide; E3/E6; source-book.csv,"Current product-specific rights, tariffs, sanctions and counterparty clearance need Legal.","Current product-specific rights, tariffs, sanctions and counterparty clearance need Legal.",Named owner in evidence/monitoring register; author for presentation implementation,Manual requirement review plus executable checks; section-level status conservatively inherited by its instruction blocks
R15.005,15,Country drivers: geopolitics and international trade,287,Study government food-security objectives and public procurement only through documented policy and procurement evidence. Do not equate national strategic need with a bankable customer or guaranteed contract.,Conditional / data required,trade slide; E3/E6; source-book.csv,"Current product-specific rights, tariffs, sanctions and counterparty clearance need Legal.","Current product-specific rights, tariffs, sanctions and counterparty clearance need Legal.",Named owner in evidence/monitoring register; author for presentation implementation,Manual requirement review plus executable checks; section-level status conservatively inherited by its instruction blocks
R16.001,16,"Product, competitor, and operating analysis",291,"Verify Olam Agri's current product scope before modelling. Consider relevant food, feed, fibre, processing, risk-management, and freight businesses separately. For each product, identify the demand mechanism, supply mechanism, conversion process, logistics, customer type, competitive set, and primary economic constraint.",Conditional / data required,priority-product-plans.csv; competitive-baseline; entry-mode-register.csv,Global competitors inspected; local shares/costs and complete product mass balances unavailable.,Global competitors inspected; local shares/costs and complete product mass balances unavailable.,Named owner in evidence/monitoring register; author for presentation implementation,Manual requirement review plus executable checks; section-level status conservatively inherited by its instruction blocks
R16.002,16,"Product, competitor, and operating analysis",293,"Build an operating baseline: existing assets, capacity, utilisation, yields, throughput, routes, suppliers, customer concentrations, certifications, commercial capabilities, and known bottlenecks. Where public evidence is insufficient, define the internal fields needed rather than estimating confidential figures as facts.",Conditional / data required,priority-product-plans.csv; competitive-baseline; entry-mode-register.csv,Global competitors inspected; local shares/costs and complete product mass balances unavailable.,Global competitors inspected; local shares/costs and complete product mass balances unavailable.,Named owner in evidence/monitoring register; author for presentation implementation,Manual requirement review plus executable checks; section-level status conservatively inherited by its instruction blocks
R16.003,16,"Product, competitor, and operating analysis",295,"Analyse competitors with current primary disclosures where possible. Distinguish global traders, domestic processors, cooperatives, state enterprises, local brands, informal channels, and specialised suppliers. Do not invent market shares or private competitor margins.",Conditional / data required,priority-product-plans.csv; competitive-baseline; entry-mode-register.csv,Global competitors inspected; local shares/costs and complete product mass balances unavailable.,Global competitors inspected; local shares/costs and complete product mass balances unavailable.,Named owner in evidence/monitoring register; author for presentation implementation,Manual requirement review plus executable checks; section-level status conservatively inherited by its instruction blocks
R16.004,16,"Product, competitor, and operating analysis",297,"Evaluate greenfield investment, brownfield expansion, acquisition, JV, contract manufacturing, distributor partnership, direct export, local sourcing, offtake agreement, and remote service. Compare time to revenue, control, capital, working capital, risk sharing, integration cost, and reversibility.",Conditional / data required,priority-product-plans.csv; competitive-baseline; entry-mode-register.csv,Global competitors inspected; local shares/costs and complete product mass balances unavailable.,Global competitors inspected; local shares/costs and complete product mass balances unavailable.,Named owner in evidence/monitoring register; author for presentation implementation,Manual requirement review plus executable checks; section-level status conservatively inherited by its instruction blocks
R16.005,16,"Product, competitor, and operating analysis",299,"Show operating and commercial complementarity, but count synergies only when there is an identifiable mechanism, eligible overlap, execution cost, legal permission, and evidence. Country presence alone is not a synergy.",Conditional / data required,priority-product-plans.csv; competitive-baseline; entry-mode-register.csv,Global competitors inspected; local shares/costs and complete product mass balances unavailable.,Global competitors inspected; local shares/costs and complete product mass balances unavailable.,Named owner in evidence/monitoring register; author for presentation implementation,Manual requirement review plus executable checks; section-level status conservatively inherited by its instruction blocks
R17.001,17,Convert global coverage into an actionable prioritisation system,303,"Create a complete country-product opportunity matrix. For every feasible unit, evaluate category demand, realistic capture, margin, cash conversion, capital intensity, execution capability, competition, regulatory access, climate exposure, network contribution, and evidence quality.",Conditional / data required,country-register.csv; priorities; C-SENSITIVITY,Priority/dispositions are evidence priorities; actual country profitability ranking unavailable.,Priority/dispositions are evidence priorities; actual country profitability ranking unavailable.,Named owner in evidence/monitoring register; author for presentation implementation,Manual requirement review plus executable checks; section-level status conservatively inherited by its instruction blocks
R17.002,17,Convert global coverage into an actionable prioritisation system,305,Use a staged funnel:,Conditional / data required,country-register.csv; priorities; C-SENSITIVITY,Priority/dispositions are evidence priorities; actual country profitability ranking unavailable.,Priority/dispositions are evidence priorities; actual country profitability ranking unavailable.,Named owner in evidence/monitoring register; author for presentation implementation,Manual requirement review plus executable checks; section-level status conservatively inherited by its instruction blocks
R17.003,17,Convert global coverage into an actionable prioritisation system,307,1. Coverage and evidence check.,Conditional / data required,country-register.csv; priorities; C-SENSITIVITY,Priority/dispositions are evidence priorities; actual country profitability ranking unavailable.,Priority/dispositions are evidence priorities; actual country profitability ranking unavailable.,Named owner in evidence/monitoring register; author for presentation implementation,Manual requirement review plus executable checks; section-level status conservatively inherited by its instruction blocks
R17.004,17,Convert global coverage into an actionable prioritisation system,308,"2. Legal, environmental, and operating feasibility gates.",Conditional / data required,country-register.csv; priorities; C-SENSITIVITY,Priority/dispositions are evidence priorities; actual country profitability ranking unavailable.,Priority/dispositions are evidence priorities; actual country profitability ranking unavailable.,Named owner in evidence/monitoring register; author for presentation implementation,Manual requirement review plus executable checks; section-level status conservatively inherited by its instruction blocks
R17.005,17,Convert global coverage into an actionable prioritisation system,309,3. Country-product commercial screening.,Conditional / data required,country-register.csv; priorities; C-SENSITIVITY,Priority/dispositions are evidence priorities; actual country profitability ranking unavailable.,Priority/dispositions are evidence priorities; actual country profitability ranking unavailable.,Named owner in evidence/monitoring register; author for presentation implementation,Manual requirement review plus executable checks; section-level status conservatively inherited by its instruction blocks
R17.006,17,Convert global coverage into an actionable prioritisation system,310,4. Entry-mode comparison.,Conditional / data required,country-register.csv; priorities; C-SENSITIVITY,Priority/dispositions are evidence priorities; actual country profitability ranking unavailable.,Priority/dispositions are evidence priorities; actual country profitability ranking unavailable.,Named owner in evidence/monitoring register; author for presentation implementation,Manual requirement review plus executable checks; section-level status conservatively inherited by its instruction blocks
R17.007,17,Convert global coverage into an actionable prioritisation system,311,5. Financial scenarios and portfolio fit.,Conditional / data required,country-register.csv; priorities; C-SENSITIVITY,Priority/dispositions are evidence priorities; actual country profitability ranking unavailable.,Priority/dispositions are evidence priorities; actual country profitability ranking unavailable.,Named owner in evidence/monitoring register; author for presentation implementation,Manual requirement review plus executable checks; section-level status conservatively inherited by its instruction blocks
R17.008,17,Convert global coverage into an actionable prioritisation system,312,6. Evidence or pilot requirement.,Conditional / data required,country-register.csv; priorities; C-SENSITIVITY,Priority/dispositions are evidence priorities; actual country profitability ranking unavailable.,Priority/dispositions are evidence priorities; actual country profitability ranking unavailable.,Named owner in evidence/monitoring register; author for presentation implementation,Manual requirement review plus executable checks; section-level status conservatively inherited by its instruction blocks
R17.009,17,Convert global coverage into an actionable prioritisation system,313,7. Capital decision and monitoring trigger.,Conditional / data required,country-register.csv; priorities; C-SENSITIVITY,Priority/dispositions are evidence priorities; actual country profitability ranking unavailable.,Priority/dispositions are evidence priorities; actual country profitability ranking unavailable.,Named owner in evidence/monitoring register; author for presentation implementation,Manual requirement review plus executable checks; section-level status conservatively inherited by its instruction blocks
R17.010,17,Convert global coverage into an actionable prioritisation system,315,"Provide dispositions such as deepen now, pilot, enter through trade, partner, develop sourcing, acquire subject to diligence, watch, defer, or no near-term entry. Explain why each country receives its disposition.",Conditional / data required,country-register.csv; priorities; C-SENSITIVITY,Priority/dispositions are evidence priorities; actual country profitability ranking unavailable.,Priority/dispositions are evidence priorities; actual country profitability ranking unavailable.,Named owner in evidence/monitoring register; author for presentation implementation,Manual requirement review plus executable checks; section-level status conservatively inherited by its instruction blocks
R17.011,17,Convert global coverage into an actionable prioritisation system,317,"If a weighted score is used for screening, show definitions, scaling, missing-data rules, weights, uncertainty, and ranking sensitivity. Avoid counting the same GDP, income, or governance signal multiple times under different labels. Do not let a screening score override financial or hard feasibility tests.",Conditional / data required,country-register.csv; priorities; C-SENSITIVITY,Priority/dispositions are evidence priorities; actual country profitability ranking unavailable.,Priority/dispositions are evidence priorities; actual country profitability ranking unavailable.,Named owner in evidence/monitoring register; author for presentation implementation,Manual requirement review plus executable checks; section-level status conservatively inherited by its instruction blocks
R17.012,17,Convert global coverage into an actionable prioritisation system,319,"For sparse-data countries, build provisional scenario economics from disclosed proxies and clearly bounded assumptions, or calculate the margin, utilisation, or volume required to justify entry. Do not provide a fake calibrated probability or an apparently precise Olam NPV. Mark the business case `provisional—data required` when appropriate.",Conditional / data required,country-register.csv; priorities; C-SENSITIVITY,Priority/dispositions are evidence priorities; actual country profitability ranking unavailable.,Priority/dispositions are evidence priorities; actual country profitability ranking unavailable.,Named owner in evidence/monitoring register; author for presentation implementation,Manual requirement review plus executable checks; section-level status conservatively inherited by its instruction blocks
R18.001,18,Scenario architecture: macro worlds and business mechanisms,323,"Design a manageable set of coherent global scenarios that span the major decision risks. Use the following as a starting architecture, changing labels or structure if the evidence supports a better set:",Verified scope / implementation,analysis.json:scenarios; Scenario_Inputs,Implementation/evidence present at referenced artifact; verify substantive limits rather than treating populated fields as business proof.,"Retain regression, source and artifact checks on refresh.",Named owner in evidence/monitoring register; author for presentation implementation,Manual requirement review plus executable checks; section-level status conservatively inherited by its instruction blocks
R18.002,18,Scenario architecture: macro worlds and business mechanisms,325,| Scenario | Core mechanism | Main business questions |,Verified scope / implementation,analysis.json:scenarios; Scenario_Inputs,Implementation/evidence present at referenced artifact; verify substantive limits rather than treating populated fields as business proof.,"Retain regression, source and artifact checks on refresh.",Named owner in evidence/monitoring register; author for presentation implementation,Manual requirement review plus executable checks; section-level status conservatively inherited by its instruction blocks
R18.003,18,Scenario architecture: macro worlds and business mechanisms,326,|---|---|---|,Verified scope / implementation,analysis.json:scenarios; Scenario_Inputs,Implementation/evidence present at referenced artifact; verify substantive limits rather than treating populated fields as business proof.,"Retain regression, source and artifact checks on refresh.",Named owner in evidence/monitoring register; author for presentation implementation,Manual requirement review plus executable checks; section-level status conservatively inherited by its instruction blocks
R18.004,18,Scenario architecture: macro worlds and business mechanisms,327,"| Managed transition | Gradual productivity gains, selective climate adaptation, functioning trade | Which capabilities compound and where is disciplined expansion attractive? |",Verified scope / implementation,analysis.json:scenarios; Scenario_Inputs,Implementation/evidence present at referenced artifact; verify substantive limits rather than treating populated fields as business proof.,"Retain regression, source and artifact checks on refresh.",Named owner in evidence/monitoring register; author for presentation implementation,Manual requirement review plus executable checks; section-level status conservatively inherited by its instruction blocks
R18.005,18,Scenario architecture: macro worlds and business mechanisms,328,"| Productive integration | Stronger trade cooperation and productivity, improved infrastructure | Where could demand and operating efficiency accelerate, and what limits capture? |",Verified scope / implementation,analysis.json:scenarios; Scenario_Inputs,Implementation/evidence present at referenced artifact; verify substantive limits rather than treating populated fields as business proof.,"Retain regression, source and artifact checks on refresh.",Named owner in evidence/monitoring register; author for presentation implementation,Manual requirement review plus executable checks; section-level status conservatively inherited by its instruction blocks
R18.006,18,Scenario architecture: macro worlds and business mechanisms,329,"| Fragmented trade | Trade barriers, strategic stockpiling, higher corridor and compliance costs | Where does local processing or origin diversity outweigh lost efficiency? |",Verified scope / implementation,analysis.json:scenarios; Scenario_Inputs,Implementation/evidence present at referenced artifact; verify substantive limits rather than treating populated fields as business proof.,"Retain regression, source and artifact checks on refresh.",Named owner in evidence/monitoring register; author for presentation implementation,Manual requirement review plus executable checks; section-level status conservatively inherited by its instruction blocks
R18.007,18,Scenario architecture: macro worlds and business mechanisms,330,"| Compound physical stress | Crop and logistics disruption with correlated regional shocks | Which portfolio survives cash, capacity, and service stress? |",Verified scope / implementation,analysis.json:scenarios; Scenario_Inputs,Implementation/evidence present at referenced artifact; verify substantive limits rather than treating populated fields as business proof.,"Retain regression, source and artifact checks on refresh.",Named owner in evidence/monitoring register; author for presentation implementation,Manual requirement review plus executable checks; section-level status conservatively inherited by its instruction blocks
R18.008,18,Scenario architecture: macro worlds and business mechanisms,331,"| Affordability and debt squeeze | Weak real purchasing power, financing stress, poor pass-through | Which products, packs, customers, and entry modes remain viable? |",Verified scope / implementation,analysis.json:scenarios; Scenario_Inputs,Implementation/evidence present at referenced artifact; verify substantive limits rather than treating populated fields as business proof.,"Retain regression, source and artifact checks on refresh.",Named owner in evidence/monitoring register; author for presentation implementation,Manual requirement review plus executable checks; section-level status conservatively inherited by its instruction blocks
R18.009,18,Scenario architecture: macro worlds and business mechanisms,332,"| Nutrition and resource transition | Shifts in diet, standards, water/carbon constraints, and buyer preferences | Which value-added propositions earn a measurable premium or reduce customer cost? |",Verified scope / implementation,analysis.json:scenarios; Scenario_Inputs,Implementation/evidence present at referenced artifact; verify substantive limits rather than treating populated fields as business proof.,"Retain regression, source and artifact checks on refresh.",Named owner in evidence/monitoring register; author for presentation implementation,Manual requirement review plus executable checks; section-level status conservatively inherited by its instruction blocks
R18.010,18,Scenario architecture: macro worlds and business mechanisms,334,"A global scenario is not automatically the best or worst scenario for every country. An exporter can benefit from prices that hurt an importer, and higher commodity prices can increase revenue while reducing margin or cash liquidity. Explain these sign changes.",Verified scope / implementation,analysis.json:scenarios; Scenario_Inputs,Implementation/evidence present at referenced artifact; verify substantive limits rather than treating populated fields as business proof.,"Retain regression, source and artifact checks on refresh.",Named owner in evidence/monitoring register; author for presentation implementation,Manual requirement review plus executable checks; section-level status conservatively inherited by its instruction blocks
R18.011,18,Scenario architecture: macro worlds and business mechanisms,336,"Map climate pathways, demographic variants, macro assumptions, and trade regimes consistently. Do not combine physically or economically incompatible assumptions simply to create an extreme number. Where hybrids are useful, describe their compatibility and conditional logic.",Verified scope / implementation,analysis.json:scenarios; Scenario_Inputs,Implementation/evidence present at referenced artifact; verify substantive limits rather than treating populated fields as business proof.,"Retain regression, source and artifact checks on refresh.",Named owner in evidence/monitoring register; author for presentation implementation,Manual requirement review plus executable checks; section-level status conservatively inherited by its instruction blocks
R18.012,18,Scenario architecture: macro worlds and business mechanisms,338,"Within each global scenario, include parameter uncertainty and country-specific events. Provide compound downside stresses beyond the central scenarios. Treat rare-event stresses as resilience tests when probabilities cannot be supported.",Verified scope / implementation,analysis.json:scenarios; Scenario_Inputs,Implementation/evidence present at referenced artifact; verify substantive limits rather than treating populated fields as business proof.,"Retain regression, source and artifact checks on refresh.",Named owner in evidence/monitoring register; author for presentation implementation,Manual requirement review plus executable checks; section-level status conservatively inherited by its instruction blocks
R19.001,19,The central case and probability discipline,342,"Produce a central planning case grounded in current evidence and validated forecasts. Explain why it is the central case. If evidence is insufficient to identify a statistically most likely joint path, call it a `central planning case`, not a proven most-likely future.",Verified scope / implementation,central; worlds; assumption-register.csv,Implementation/evidence present at referenced artifact; verify substantive limits rather than treating populated fields as business proof.,"Retain regression, source and artifact checks on refresh.",Named owner in evidence/monitoring register; author for presentation implementation,Manual requirement review plus executable checks; section-level status conservatively inherited by its instruction blocks
R19.002,19,The central case and probability discipline,344,Separate:,Verified scope / implementation,central; worlds; assumption-register.csv,Implementation/evidence present at referenced artifact; verify substantive limits rather than treating populated fields as business proof.,"Retain regression, source and artifact checks on refresh.",Named owner in evidence/monitoring register; author for presentation implementation,Manual requirement review plus executable checks; section-level status conservatively inherited by its instruction blocks
R19.003,19,The central case and probability discipline,346,- Scenario membership and its conditional assumptions.,Verified scope / implementation,central; worlds; assumption-register.csv,Implementation/evidence present at referenced artifact; verify substantive limits rather than treating populated fields as business proof.,"Retain regression, source and artifact checks on refresh.",Named owner in evidence/monitoring register; author for presentation implementation,Manual requirement review plus executable checks; section-level status conservatively inherited by its instruction blocks
R19.004,19,The central case and probability discipline,347,- Parameter uncertainty within a scenario.,Verified scope / implementation,central; worlds; assumption-register.csv,Implementation/evidence present at referenced artifact; verify substantive limits rather than treating populated fields as business proof.,"Retain regression, source and artifact checks on refresh.",Named owner in evidence/monitoring register; author for presentation implementation,Manual requirement review plus executable checks; section-level status conservatively inherited by its instruction blocks
R19.005,19,The central case and probability discipline,348,- Observation or measurement error.,Verified scope / implementation,central; worlds; assumption-register.csv,Implementation/evidence present at referenced artifact; verify substantive limits rather than treating populated fields as business proof.,"Retain regression, source and artifact checks on refresh.",Named owner in evidence/monitoring register; author for presentation implementation,Manual requirement review plus executable checks; section-level status conservatively inherited by its instruction blocks
R19.006,19,The central case and probability discipline,349,- Model uncertainty.,Verified scope / implementation,central; worlds; assumption-register.csv,Implementation/evidence present at referenced artifact; verify substantive limits rather than treating populated fields as business proof.,"Retain regression, source and artifact checks on refresh.",Named owner in evidence/monitoring register; author for presentation implementation,Manual requirement review plus executable checks; section-level status conservatively inherited by its instruction blocks
R19.007,19,The central case and probability discipline,350,- Residual business outcome uncertainty.,Verified scope / implementation,central; worlds; assumption-register.csv,Implementation/evidence present at referenced artifact; verify substantive limits rather than treating populated fields as business proof.,"Retain regression, source and artifact checks on refresh.",Named owner in evidence/monitoring register; author for presentation implementation,Manual requirement review plus executable checks; section-level status conservatively inherited by its instruction blocks
R19.008,19,The central case and probability discipline,351,- Management decisions and execution uncertainty.,Verified scope / implementation,central; worlds; assumption-register.csv,Implementation/evidence present at referenced artifact; verify substantive limits rather than treating populated fields as business proof.,"Retain regression, source and artifact checks on refresh.",Named owner in evidence/monitoring register; author for presentation implementation,Manual requirement review plus executable checks; section-level status conservatively inherited by its instruction blocks
R19.009,19,The central case and probability discipline,353,"If scenario weights are estimated or elicited, show their basis and sensitivity. If they are judgemental, label them judgemental. If deep uncertainty prevents credible weights, use robust decision-making, minimax regret, and weight ranges instead of inventing probabilities.",Verified scope / implementation,central; worlds; assumption-register.csv,Implementation/evidence present at referenced artifact; verify substantive limits rather than treating populated fields as business proof.,"Retain regression, source and artifact checks on refresh.",Named owner in evidence/monitoring register; author for presentation implementation,Manual requirement review plus executable checks; section-level status conservatively inherited by its instruction blocks
R19.010,19,The central case and probability discipline,355,"Do not confuse the median, expected value, modal scenario, most likely parameter set, and highest-probability complete 25-year path. State precisely which is being reported. Separate confidence intervals for coefficients from prediction intervals for outcomes.",Verified scope / implementation,central; worlds; assumption-register.csv,Implementation/evidence present at referenced artifact; verify substantive limits rather than treating populated fields as business proof.,"Retain regression, source and artifact checks on refresh.",Named owner in evidence/monitoring register; author for presentation implementation,Manual requirement review plus executable checks; section-level status conservatively inherited by its instruction blocks
R19.011,19,The central case and probability discipline,357,"For each country-product-entry-mode case, report a central estimate or scenario outcome with the relevant range, downside conditions, and confidence in the recommendation. Where numerical probabilities are not credible, report conditional outcomes and switching thresholds.",Verified scope / implementation,central; worlds; assumption-register.csv,Implementation/evidence present at referenced artifact; verify substantive limits rather than treating populated fields as business proof.,"Retain regression, source and artifact checks on refresh.",Named owner in evidence/monitoring register; author for presentation implementation,Manual requirement review plus executable checks; section-level status conservatively inherited by its instruction blocks
R20.001,20,Econometric design: questions before equations,361,"Prepare a model-selection memo for each important target: consumption, imports, local price, market capture, repeat purchasing, margin, yield, service level, or cash conversion. State whether the model is predictive, causal, descriptive, accounting-based, or optimisation-based.",Conditional / data required,model-selection-register.csv; regression-diagnostics.pdf,One supply benchmark executed/rejected; demand/trade/causal modules unestimated for documented data reasons.,One supply benchmark executed/rejected; demand/trade/causal modules unestimated for documented data reasons.,Named owner in evidence/monitoring register; author for presentation implementation,Manual requirement review plus executable checks; section-level status conservatively inherited by its instruction blocks
R20.002,20,Econometric design: questions before equations,363,"Build simple benchmarks first: historical average, seasonal naive, constrained trend, and relevant official projections. More complicated models must demonstrate decision-relevant improvement against a benchmark, or be rejected.",Conditional / data required,model-selection-register.csv; regression-diagnostics.pdf,One supply benchmark executed/rejected; demand/trade/causal modules unestimated for documented data reasons.,One supply benchmark executed/rejected; demand/trade/causal modules unestimated for documented data reasons.,Named owner in evidence/monitoring register; author for presentation implementation,Manual requirement review plus executable checks; section-level status conservatively inherited by its instruction blocks
R20.003,20,Econometric design: questions before equations,365,"Use panel and time-series methods only when sample size, measurement, stationarity, and economic identification permit them. Historical data do not automatically identify future structural relationships. A long horizon requires regime and boundary assumptions beyond a regression fit.",Conditional / data required,model-selection-register.csv; regression-diagnostics.pdf,One supply benchmark executed/rejected; demand/trade/causal modules unestimated for documented data reasons.,One supply benchmark executed/rejected; demand/trade/causal modules unestimated for documented data reasons.,Named owner in evidence/monitoring register; author for presentation implementation,Manual requirement review plus executable checks; section-level status conservatively inherited by its instruction blocks
R20.004,20,Econometric design: questions before equations,367,A candidate demand model can take the form:,Conditional / data required,model-selection-register.csv; regression-diagnostics.pdf,One supply benchmark executed/rejected; demand/trade/causal modules unestimated for documented data reasons.,One supply benchmark executed/rejected; demand/trade/causal modules unestimated for documented data reasons.,Named owner in evidence/monitoring register; author for presentation implementation,Manual requirement review plus executable checks; section-level status conservatively inherited by its instruction blocks
R20.005,20,Econometric design: questions before equations,369,`ln(q_cpt) = α_cp + τ_t + β_p ln(real_income_pc_ct) + γ_p ln(real_relative_price_cpt) + δ_p urban_share_ct + ζ_p age_structure_ct + η_p nutrition_and_channel_ct + κ_p supply_access_cpt + ε_cpt`.,Conditional / data required,model-selection-register.csv; regression-diagnostics.pdf,One supply benchmark executed/rejected; demand/trade/causal modules unestimated for documented data reasons.,One supply benchmark executed/rejected; demand/trade/causal modules unestimated for documented data reasons.,Named owner in evidence/monitoring register; author for presentation implementation,Manual requirement review plus executable checks; section-level status conservatively inherited by its instruction blocks
R20.006,20,Econometric design: questions before equations,371,"Here `q` is product demand per person, `c` country, `p` product, and `t` time. Define every variable, its unit, source, lag, and expected relationship. Use country-product effects and time effects where identified, but recognise that future time effects cannot simply be known or extrapolated mechanically.",Conditional / data required,model-selection-register.csv; regression-diagnostics.pdf,One supply benchmark executed/rejected; demand/trade/causal modules unestimated for documented data reasons.,One supply benchmark executed/rejected; demand/trade/causal modules unestimated for documented data reasons.,Named owner in evidence/monitoring register; author for presentation implementation,Manual requirement review plus executable checks; section-level status conservatively inherited by its instruction blocks
R20.007,20,Econometric design: questions before equations,373,"Model total demand as population times per-capita demand, with appropriate adjustments for feed, industry, trade, losses, and conversion. Avoid including population both inside the per-capita model and again in a way that double-counts its effect.",Conditional / data required,model-selection-register.csv; regression-diagnostics.pdf,One supply benchmark executed/rejected; demand/trade/causal modules unestimated for documented data reasons.,One supply benchmark executed/rejected; demand/trade/causal modules unestimated for documented data reasons.,Named owner in evidence/monitoring register; author for presentation implementation,Manual requirement review plus executable checks; section-level status conservatively inherited by its instruction blocks
R20.008,20,Econometric design: questions before equations,375,"If zeros, small samples, compositional shares, or heavy tails make log-OLS inappropriate, consider methods such as PPML, hierarchical models, bounded shares, or transparent structural equations. Justify the choice.",Conditional / data required,model-selection-register.csv; regression-diagnostics.pdf,One supply benchmark executed/rejected; demand/trade/causal modules unestimated for documented data reasons.,One supply benchmark executed/rejected; demand/trade/causal modules unestimated for documented data reasons.,Named owner in evidence/monitoring register; author for presentation implementation,Manual requirement review plus executable checks; section-level status conservatively inherited by its instruction blocks
R21.001,21,"Demand systems, elasticity, and health-related substitution",379,"Estimate own-price, cross-price, and income elasticities where data support them. Use consumer expenditure systems, product choice, or segment-specific models instead of assuming one global elasticity. Consider saturation and nonlinear responses across income levels.",Conditional / data required,MODEL-1; E6,Demand system conditional on household/category panel; not fitted.,Demand system conditional on household/category panel; not fitted.,Named owner in evidence/monitoring register; author for presentation implementation,Manual requirement review plus executable checks; section-level status conservatively inherited by its instruction blocks
R21.002,21,"Demand systems, elasticity, and health-related substitution",381,"Where an Almost Ideal Demand System is suitable, use the Deaton–Muellbauer framework with correct attribution to both authors. A simplified expenditure-share equation is:",Conditional / data required,MODEL-1; E6,Demand system conditional on household/category panel; not fitted.,Demand system conditional on household/category panel; not fitted.,Named owner in evidence/monitoring register; author for presentation implementation,Manual requirement review plus executable checks; section-level status conservatively inherited by its instruction blocks
R21.003,21,"Demand systems, elasticity, and health-related substitution",383,`w_i = α_i + Σ_j γ_ij ln(p_j) + β_i ln(X/P)`.,Conditional / data required,MODEL-1; E6,Demand system conditional on household/category panel; not fitted.,Demand system conditional on household/category panel; not fitted.,Named owner in evidence/monitoring register; author for presentation implementation,Manual requirement review plus executable checks; section-level status conservatively inherited by its instruction blocks
R21.004,21,"Demand systems, elasticity, and health-related substitution",385,"Explain expenditure shares, prices, total expenditure, and the price index. Apply adding-up, homogeneity, and symmetry conditions where the specification requires them. Address price and expenditure endogeneity, zero purchases, survey design, and product aggregation.",Conditional / data required,MODEL-1; E6,Demand system conditional on household/category panel; not fitted.,Demand system conditional on household/category panel; not fitted.,Named owner in evidence/monitoring register; author for presentation implementation,Manual requirement review plus executable checks; section-level status conservatively inherited by its instruction blocks
R21.005,21,"Demand systems, elasticity, and health-related substitution",387,"The resulting elasticities must translate into decisions: pack size, price ladder, substitute risk, product mix, fortification, customer segmentation, and affordability. Do not use an elasticity estimated in one country as universal evidence for another without a documented transferability assessment.",Conditional / data required,MODEL-1; E6,Demand system conditional on household/category panel; not fitted.,Demand system conditional on household/category panel; not fitted.,Named owner in evidence/monitoring register; author for presentation implementation,Manual requirement review plus executable checks; section-level status conservatively inherited by its instruction blocks
R21.006,21,"Demand systems, elasticity, and health-related substitution",389,"Test whether health, convenience, and sustainability preferences change actual purchase behaviour after controlling for income, price, availability, and demographic composition. Present survey evidence as stated preferences unless validated by observed behaviour.",Conditional / data required,MODEL-1; E6,Demand system conditional on household/category panel; not fitted.,Demand system conditional on household/category panel; not fitted.,Named owner in evidence/monitoring register; author for presentation implementation,Manual requirement review plus executable checks; section-level status conservatively inherited by its instruction blocks
R22.001,22,Trade modelling and the difference between opportunity and capture,393,Use a structural-gravity or appropriately specified trade model to analyse origin-destination flows. A candidate form is:,Conditional / data required,MODEL-2; C-TRADE-NGA,Gravity/attainable capture data insufficient; broad imports not substituted.,Gravity/attainable capture data insufficient; broad imports not substituted.,Named owner in evidence/monitoring register; author for presentation implementation,Manual requirement review plus executable checks; section-level status conservatively inherited by its instruction blocks
R22.002,22,Trade modelling and the difference between opportunity and capture,395,`E[Trade_odpt | X] = exp(α_op + δ_dp + τ_pt + βX_odpt)`.,Conditional / data required,MODEL-2; C-TRADE-NGA,Gravity/attainable capture data insufficient; broad imports not substituted.,Gravity/attainable capture data insufficient; broad imports not substituted.,Named owner in evidence/monitoring register; author for presentation implementation,Manual requirement review plus executable checks; section-level status conservatively inherited by its instruction blocks
R22.003,22,Trade modelling and the difference between opportunity and capture,397,"Specify exporter and importer effects, trade costs, distance, policy, and product-period controls. For structural counterfactuals, use the necessary multilateral-resistance and market-clearing framework. A reduced-form gravity regression alone does not constitute a full equilibrium simulation.",Conditional / data required,MODEL-2; C-TRADE-NGA,Gravity/attainable capture data insufficient; broad imports not substituted.,Gravity/attainable capture data insufficient; broad imports not substituted.,Named owner in evidence/monitoring register; author for presentation implementation,Manual requirement review plus executable checks; section-level status conservatively inherited by its instruction blocks
R22.004,22,Trade modelling and the difference between opportunity and capture,399,"Use PPML where appropriate for zeros and heteroskedasticity. Address missing trade, policy endogeneity, and changes in product classifications. Include formal and informal flows only within defensible measurement boundaries.",Conditional / data required,MODEL-2; C-TRADE-NGA,Gravity/attainable capture data insufficient; broad imports not substituted.,Gravity/attainable capture data insufficient; broad imports not substituted.,Named owner in evidence/monitoring register; author for presentation implementation,Manual requirement review plus executable checks; section-level status conservatively inherited by its instruction blocks
R22.005,22,Trade modelling and the difference between opportunity and capture,401,"Distinguish import demand, accessible import demand, Olam-addressable demand, attainable sales, and incremental profitable sales. Estimate capture from capability, relationships, contracts, channel access, competition, delivery reliability, and marketing interventions. Never apply an arbitrary 1% share to a global market and call it a business case.",Conditional / data required,MODEL-2; C-TRADE-NGA,Gravity/attainable capture data insufficient; broad imports not substituted.,Gravity/attainable capture data insufficient; broad imports not substituted.,Named owner in evidence/monitoring register; author for presentation implementation,Manual requirement review plus executable checks; section-level status conservatively inherited by its instruction blocks
R22.006,22,Trade modelling and the difference between opportunity and capture,403,"Reconcile trade-counterfactual results with capacity, supply, corridor, financing, and regulatory constraints. Include displacement of existing Olam business and competitor reactions when material.",Conditional / data required,MODEL-2; C-TRADE-NGA,Gravity/attainable capture data insufficient; broad imports not substituted.,Gravity/attainable capture data insufficient; broad imports not substituted.,Named owner in evidence/monitoring register; author for presentation implementation,Manual requirement review plus executable checks; section-level status conservatively inherited by its instruction blocks
R23.001,23,"Time-series models, volatility, and structural breaks",407,"Use Engle and Granger's relevant insights carefully: nonstationarity, cointegration, error correction, and time-varying volatility require explicit testing and economic interpretation. Do not regress unrelated trending levels and interpret the resulting high fit as causal evidence.",Conditional / data required,MODEL-4; E2,No matched procurement/commodity/FX exposure and hedge series.,No matched procurement/commodity/FX exposure and hedge series.,Named owner in evidence/monitoring register; author for presentation implementation,Manual requirement review plus executable checks; section-level status conservatively inherited by its instruction blocks
R23.002,23,"Time-series models, volatility, and structural breaks",409,"For justified cointegrated series, consider an error-correction model:",Conditional / data required,MODEL-4; E2,No matched procurement/commodity/FX exposure and hedge series.,No matched procurement/commodity/FX exposure and hedge series.,Named owner in evidence/monitoring register; author for presentation implementation,Manual requirement review plus executable checks; section-level status conservatively inherited by its instruction blocks
R23.003,23,"Time-series models, volatility, and structural breaks",411,`Δy_t = φ(y_(t−1) − β'x_(t−1)) + Σ_i ψ_iΔy_(t−i) + Σ_j θ_jΔx_(t−j) + u_t`.,Conditional / data required,MODEL-4; E2,No matched procurement/commodity/FX exposure and hedge series.,No matched procurement/commodity/FX exposure and hedge series.,Named owner in evidence/monitoring register; author for presentation implementation,Manual requirement review plus executable checks; section-level status conservatively inherited by its instruction blocks
R23.004,23,"Time-series models, volatility, and structural breaks",413,"Explain the long-run relation, adjustment speed, lags, and restrictions. Test stationarity, lag choice, residuals, and structural breaks. Granger predictability does not prove that an intervention causes the predicted outcome.",Conditional / data required,MODEL-4; E2,No matched procurement/commodity/FX exposure and hedge series.,No matched procurement/commodity/FX exposure and hedge series.,Named owner in evidence/monitoring register; author for presentation implementation,Manual requirement review plus executable checks; section-level status conservatively inherited by its instruction blocks
R23.005,23,"Time-series models, volatility, and structural breaks",415,"Use ARCH/GARCH-family models only where volatility clustering and sample size support them. Distinguish Engle's ARCH contribution from later GARCH developments and cite the actual method used. Heavy-tailed errors, regime shifts, and correlated shocks may matter more than a normal residual assumption.",Conditional / data required,MODEL-4; E2,No matched procurement/commodity/FX exposure and hedge series.,No matched procurement/commodity/FX exposure and hedge series.,Named owner in evidence/monitoring register; author for presentation implementation,Manual requirement review plus executable checks; section-level status conservatively inherited by its instruction blocks
R23.006,23,"Time-series models, volatility, and structural breaks",417,"Commodity-price or FX forecasts should include conditional ranges, regime stresses, and hedge context. A volatility model is not a guarantee of hedging returns or protection against an unobserved policy break.",Conditional / data required,MODEL-4; E2,No matched procurement/commodity/FX exposure and hedge series.,No matched procurement/commodity/FX exposure and hedge series.,Named owner in evidence/monitoring register; author for presentation implementation,Manual requirement review plus executable checks; section-level status conservatively inherited by its instruction blocks
R24.001,24,Climate and agriculture models,421,"Where data and primary research support it, connect weather, crop response, acreage, inputs, management, and adaptation. A transparent production identity is:",Conditional / data required,MODEL-5; E5,No location-specific crop/climate damage estimates.,No location-specific crop/climate damage estimates.,Named owner in evidence/monitoring register; author for presentation implementation,Manual requirement review plus executable checks; section-level status conservatively inherited by its instruction blocks
R24.002,24,Climate and agriculture models,423,`Production_cpt = harvested_area_cpt × yield_cpt`.,Conditional / data required,MODEL-5; E5,No location-specific crop/climate damage estimates.,No location-specific crop/climate damage estimates.,Named owner in evidence/monitoring register; author for presentation implementation,Manual requirement review plus executable checks; section-level status conservatively inherited by its instruction blocks
R24.003,24,Climate and agriculture models,425,"A fitted yield function might use temperature exposure, precipitation, water balance, soil, input availability, and management variables with nonlinear responses and interaction terms. Use location-specific evidence and avoid assuming beneficial fertilisation effects, irrigation, or technological adoption without constraints.",Conditional / data required,MODEL-5; E5,No location-specific crop/climate damage estimates.,No location-specific crop/climate damage estimates.,Named owner in evidence/monitoring register; author for presentation implementation,Manual requirement review plus executable checks; section-level status conservatively inherited by its instruction blocks
R24.004,24,Climate and agriculture models,427,"Calibrate to official crop statistics, physical climate evidence, and peer-reviewed primary models. Where a full crop model cannot be credibly implemented, use documented response ranges and label the resulting stress translation as an approximation.",Conditional / data required,MODEL-5; E5,No location-specific crop/climate damage estimates.,No location-specific crop/climate damage estimates.,Named owner in evidence/monitoring register; author for presentation implementation,Manual requirement review plus executable checks; section-level status conservatively inherited by its instruction blocks
R24.005,24,Climate and agriculture models,429,"Reconcile climate impacts on quantity, product quality, procurement prices, transport, labour, water, insurance, and customer affordability. Avoid charging the same climate loss both as reduced supply and as an independently invented cost penalty.",Conditional / data required,MODEL-5; E5,No location-specific crop/climate damage estimates.,No location-specific crop/climate damage estimates.,Named owner in evidence/monitoring register; author for presentation implementation,Manual requirement review plus executable checks; section-level status conservatively inherited by its instruction blocks
R24.006,24,Climate and agriculture models,431,Use Nordhaus-style integrated climate–economy logic for long-run scenario relationships where relevant. Do not take a global aggregate damage function and directly declare a country-specific Olam asset valuation. Asset and crop exposures need their own bridge and data.,Conditional / data required,MODEL-5; E5,No location-specific crop/climate damage estimates.,No location-specific crop/climate damage estimates.,Named owner in evidence/monitoring register; author for presentation implementation,Manual requirement review plus executable checks; section-level status conservatively inherited by its instruction blocks
R25.001,25,Marketing and commercial causality,435,"Measure incremental commercial results, not the coincidence of marketing spend and sales. Separate sell-in, sell-through, stock loading, substitution, seasonal demand, commodity price movements, route availability, and genuine demand creation.",Conditional / data required,pilot-charter.md; MODEL-6; C-E18,Pilot designed; no actual treatment/control observations or effect.,Pilot designed; no actual treatment/control observations or effect.,Named owner in evidence/monitoring register; author for presentation implementation,Manual requirement review plus executable checks; section-level status conservatively inherited by its instruction blocks
R25.002,25,Marketing and commercial causality,437,"Prioritise controlled experiments where feasible. Use matched route or market tests, phased rollouts, and appropriate quasi-experimental methods only when their identification assumptions are defensible. Apply Angrist/Imbens/Card-related causal principles and the experimental insights of Banerjee/Duflo/Kremer where they help the actual design; do not imply that a Nobel attribution removes the need for valid identification.",Conditional / data required,pilot-charter.md; MODEL-6; C-E18,Pilot designed; no actual treatment/control observations or effect.,Pilot designed; no actual treatment/control observations or effect.,Named owner in evidence/monitoring register; author for presentation implementation,Manual requirement review plus executable checks; section-level status conservatively inherited by its instruction blocks
R25.003,25,Marketing and commercial causality,439,"For difference-in-differences, the simple intuition is:",Conditional / data required,pilot-charter.md; MODEL-6; C-E18,Pilot designed; no actual treatment/control observations or effect.,Pilot designed; no actual treatment/control observations or effect.,Named owner in evidence/monitoring register; author for presentation implementation,Manual requirement review plus executable checks; section-level status conservatively inherited by its instruction blocks
R25.004,25,Marketing and commercial causality,441,`effect = (treated_after − treated_before) − (control_after − control_before)`.,Conditional / data required,pilot-charter.md; MODEL-6; C-E18,Pilot designed; no actual treatment/control observations or effect.,Pilot designed; no actual treatment/control observations or effect.,Named owner in evidence/monitoring register; author for presentation implementation,Manual requirement review plus executable checks; section-level status conservatively inherited by its instruction blocks
R25.005,25,Marketing and commercial causality,443,"Explain parallel trends, spillovers, anticipation, changing composition, and concurrent interventions. For staggered treatment or heterogeneous effects, choose a method appropriate to those conditions rather than blindly applying a standard two-way fixed-effects estimator.",Conditional / data required,pilot-charter.md; MODEL-6; C-E18,Pilot designed; no actual treatment/control observations or effect.,Pilot designed; no actual treatment/control observations or effect.,Named owner in evidence/monitoring register; author for presentation implementation,Manual requirement review plus executable checks; section-level status conservatively inherited by its instruction blocks
R25.006,25,Marketing and commercial causality,445,"Calculate incremental contribution, cost-to-serve, retention, reorder, and cash after the intervention. A reduced CPM or increased reach is supporting operational evidence, not proof of profitable demand.",Conditional / data required,pilot-charter.md; MODEL-6; C-E18,Pilot designed; no actual treatment/control observations or effect.,Pilot designed; no actual treatment/control observations or effect.,Named owner in evidence/monitoring register; author for presentation implementation,Manual requirement review plus executable checks; section-level status conservatively inherited by its instruction blocks
R25.007,25,Marketing and commercial causality,447,"Build a hierarchy of outcomes: customer economics → actual adoption and repeat → incremental eligible sales → incremental contribution → cash → risk-adjusted capital return. Specify the time lag, counterfactual, and data owner for each step.",Conditional / data required,pilot-charter.md; MODEL-6; C-E18,Pilot designed; no actual treatment/control observations or effect.,Pilot designed; no actual treatment/control observations or effect.,Named owner in evidence/monitoring register; author for presentation implementation,Manual requirement review plus executable checks; section-level status conservatively inherited by its instruction blocks
R26.001,26,"Long-run growth, institutions, and adaptation of established economics",451,"Use economic models as tools with limits, not names displayed to impress. Consider these modules and select those that materially improve a decision:",Conditional / data required,model-selection-and-foundations.md,Foundation applications/exclusions documented; not every original work/prize attribution independently retrieved.,Foundation applications/exclusions documented; not every original work/prize attribution independently retrieved.,Named owner in evidence/monitoring register; author for presentation implementation,Manual requirement review plus executable checks; section-level status conservatively inherited by its instruction blocks
R26.002,26,"Long-run growth, institutions, and adaptation of established economics",453,| Foundation | Potential Olam application | Necessary limitation |,Conditional / data required,model-selection-and-foundations.md,Foundation applications/exclusions documented; not every original work/prize attribution independently retrieved.,Foundation applications/exclusions documented; not every original work/prize attribution independently retrieved.,Named owner in evidence/monitoring register; author for presentation implementation,Manual requirement review plus executable checks; section-level status conservatively inherited by its instruction blocks
R26.003,26,"Long-run growth, institutions, and adaptation of established economics",454,|---|---|---|,Conditional / data required,model-selection-and-foundations.md,Foundation applications/exclusions documented; not every original work/prize attribution independently retrieved.,Foundation applications/exclusions documented; not every original work/prize attribution independently retrieved.,Named owner in evidence/monitoring register; author for presentation implementation,Manual requirement review plus executable checks; section-level status conservatively inherited by its instruction blocks
R26.004,26,"Long-run growth, institutions, and adaptation of established economics",455,| Solow growth accounting | Long-run productivity and factor constraints | Aggregate convergence is not a company sales forecast |,Conditional / data required,model-selection-and-foundations.md,Foundation applications/exclusions documented; not every original work/prize attribution independently retrieved.,Foundation applications/exclusions documented; not every original work/prize attribution independently retrieved.,Named owner in evidence/monitoring register; author for presentation implementation,Manual requirement review plus executable checks; section-level status conservatively inherited by its instruction blocks
R26.005,26,"Long-run growth, institutions, and adaptation of established economics",456,"| Romer endogenous growth | Knowledge, process learning, supplier capability, technical service | Knowledge investment does not guarantee appropriable profit |",Conditional / data required,model-selection-and-foundations.md,Foundation applications/exclusions documented; not every original work/prize attribution independently retrieved.,Foundation applications/exclusions documented; not every original work/prize attribution independently retrieved.,Named owner in evidence/monitoring register; author for presentation implementation,Manual requirement review plus executable checks; section-level status conservatively inherited by its instruction blocks
R26.006,26,"Long-run growth, institutions, and adaptation of established economics",457,| Nordhaus climate–economy integration | Conditional long-horizon climate and policy paths | Aggregate damages do not replace local exposure models |,Conditional / data required,model-selection-and-foundations.md,Foundation applications/exclusions documented; not every original work/prize attribution independently retrieved.,Foundation applications/exclusions documented; not every original work/prize attribution independently retrieved.,Named owner in evidence/monitoring register; author for presentation implementation,Manual requirement review plus executable checks; section-level status conservatively inherited by its instruction blocks
R26.007,26,"Long-run growth, institutions, and adaptation of established economics",458,"| Deaton–Muellbauer demand systems | Diet, substitution, price, and expenditure allocation | Requires suitable consumption data and restrictions |",Conditional / data required,model-selection-and-foundations.md,Foundation applications/exclusions documented; not every original work/prize attribution independently retrieved.,Foundation applications/exclusions documented; not every original work/prize attribution independently retrieved.,Named owner in evidence/monitoring register; author for presentation implementation,Manual requirement review plus executable checks; section-level status conservatively inherited by its instruction blocks
R26.008,26,"Long-run growth, institutions, and adaptation of established economics",459,"| Engle/Granger time-series econometrics | Commodity/FX volatility, cointegration, pass-through | Forecast predictability is not intervention causality |",Conditional / data required,model-selection-and-foundations.md,Foundation applications/exclusions documented; not every original work/prize attribution independently retrieved.,Foundation applications/exclusions documented; not every original work/prize attribution independently retrieved.,Named owner in evidence/monitoring register; author for presentation implementation,Manual requirement review plus executable checks; section-level status conservatively inherited by its instruction blocks
R26.009,26,"Long-run growth, institutions, and adaptation of established economics",460,"| Krugman-related trade and scale economics | Processing clusters, scale, transport, market access | Empirical context and competing firms still matter |",Conditional / data required,model-selection-and-foundations.md,Foundation applications/exclusions documented; not every original work/prize attribution independently retrieved.,Foundation applications/exclusions documented; not every original work/prize attribution independently retrieved.,Named owner in evidence/monitoring register; author for presentation implementation,Manual requirement review plus executable checks; section-level status conservatively inherited by its instruction blocks
R26.010,26,"Long-run growth, institutions, and adaptation of established economics",461,| Leontief input-output analysis | Upstream and downstream dependencies | Fixed coefficients and aggregation limit long-run realism |,Conditional / data required,model-selection-and-foundations.md,Foundation applications/exclusions documented; not every original work/prize attribution independently retrieved.,Foundation applications/exclusions documented; not every original work/prize attribution independently retrieved.,Named owner in evidence/monitoring register; author for presentation implementation,Manual requirement review plus executable checks; section-level status conservatively inherited by its instruction blocks
R26.011,26,"Long-run growth, institutions, and adaptation of established economics",462,"| Markowitz portfolio logic | Correlated country, origin, product, and corridor risks | Mean-variance can understate tail and regime risk |",Conditional / data required,model-selection-and-foundations.md,Foundation applications/exclusions documented; not every original work/prize attribution independently retrieved.,Foundation applications/exclusions documented; not every original work/prize attribution independently retrieved.,Named owner in evidence/monitoring register; author for presentation implementation,Manual requirement review plus executable checks; section-level status conservatively inherited by its instruction blocks
R26.012,26,"Long-run growth, institutions, and adaptation of established economics",463,| Sharpe-related cost-of-capital logic | Systematic risk and financing benchmarks | Local borrowing rate and sovereign risk need consistent treatment |,Conditional / data required,model-selection-and-foundations.md,Foundation applications/exclusions documented; not every original work/prize attribution independently retrieved.,Foundation applications/exclusions documented; not every original work/prize attribution independently retrieved.,Named owner in evidence/monitoring register; author for presentation implementation,Manual requirement review plus executable checks; section-level status conservatively inherited by its instruction blocks
R26.013,26,"Long-run growth, institutions, and adaptation of established economics",464,"| Ostrom institutional governance | Supplier communities, water, and shared resources | Context-specific governance cannot be copied mechanically |",Conditional / data required,model-selection-and-foundations.md,Foundation applications/exclusions documented; not every original work/prize attribution independently retrieved.,Foundation applications/exclusions documented; not every original work/prize attribution independently retrieved.,Named owner in evidence/monitoring register; author for presentation implementation,Manual requirement review plus executable checks; section-level status conservatively inherited by its instruction blocks
R26.014,26,"Long-run growth, institutions, and adaptation of established economics",465,| Modern causal inference | Pilots and incremental marketing effects | Identification assumptions must be checked |,Conditional / data required,model-selection-and-foundations.md,Foundation applications/exclusions documented; not every original work/prize attribution independently retrieved.,Foundation applications/exclusions documented; not every original work/prize attribution independently retrieved.,Named owner in evidence/monitoring register; author for presentation implementation,Manual requirement review plus executable checks; section-level status conservatively inherited by its instruction blocks
R26.015,26,"Long-run growth, institutions, and adaptation of established economics",466,| Institutions and development research | Country execution and long-run productivity scenarios | Historical associations are not a licence for deterministic rankings |,Conditional / data required,model-selection-and-foundations.md,Foundation applications/exclusions documented; not every original work/prize attribution independently retrieved.,Foundation applications/exclusions documented; not every original work/prize attribution independently retrieved.,Named owner in evidence/monitoring register; author for presentation implementation,Manual requirement review plus executable checks; section-level status conservatively inherited by its instruction blocks
R26.016,26,"Long-run growth, institutions, and adaptation of established economics",468,Verify prize years and precise attribution from official Nobel materials. Cite primary method papers for implementation. Note co-authors and subsequent extensions. The project must not imply Nobel endorsement or use the phrase `Nobel-proven forecast`.,Conditional / data required,model-selection-and-foundations.md,Foundation applications/exclusions documented; not every original work/prize attribution independently retrieved.,Foundation applications/exclusions documented; not every original work/prize attribution independently retrieved.,Named owner in evidence/monitoring register; author for presentation implementation,Manual requirement review plus executable checks; section-level status conservatively inherited by its instruction blocks
R26.017,26,"Long-run growth, institutions, and adaptation of established economics",470,"For each selected model, document the business question, original source, equation, variables, data, assumptions, estimated or chosen parameters, validation, result, limitations, and decision supported. Reject modules that add mathematical decoration without improving action.",Conditional / data required,model-selection-and-foundations.md,Foundation applications/exclusions documented; not every original work/prize attribution independently retrieved.,Foundation applications/exclusions documented; not every original work/prize attribution independently retrieved.,Named owner in evidence/monitoring register; author for presentation implementation,Manual requirement review plus executable checks; section-level status conservatively inherited by its instruction blocks
R27.001,27,Mathematical foundations and why they belong,474,Use mathematical methods only where they connect to a measurable business problem. A useful set may include:,Conditional / data required,model-selection-and-foundations.md; C-EVSI/C-NETWORK/C-DEPENDENCE,Executed appropriate methods; no estimated/calibrated global stochastic policy.,Executed appropriate methods; no estimated/calibrated global stochastic policy.,Named owner in evidence/monitoring register; author for presentation implementation,Manual requirement review plus executable checks; section-level status conservatively inherited by its instruction blocks
R27.002,27,Mathematical foundations and why they belong,476,- Bayes and later Bayesian decision theory for updating uncertainty with evidence.,Conditional / data required,model-selection-and-foundations.md; C-EVSI/C-NETWORK/C-DEPENDENCE,Executed appropriate methods; no estimated/calibrated global stochastic policy.,Executed appropriate methods; no estimated/calibrated global stochastic policy.,Named owner in evidence/monitoring register; author for presentation implementation,Manual requirement review plus executable checks; section-level status conservatively inherited by its instruction blocks
R27.003,27,Mathematical foundations and why they belong,477,"- Dantzig-style linear and mixed-integer optimisation for capacity, sourcing, and capital constraints.",Conditional / data required,model-selection-and-foundations.md; C-EVSI/C-NETWORK/C-DEPENDENCE,Executed appropriate methods; no estimated/calibrated global stochastic policy.,Executed appropriate methods; no estimated/calibrated global stochastic policy.,Named owner in evidence/monitoring register; author for presentation implementation,Manual requirement review plus executable checks; section-level status conservatively inherited by its instruction blocks
R27.004,27,Mathematical foundations and why they belong,478,"- Bellman dynamic programming for staged investment, waiting, learning, and adaptive policies.",Conditional / data required,model-selection-and-foundations.md; C-EVSI/C-NETWORK/C-DEPENDENCE,Executed appropriate methods; no estimated/calibrated global stochastic policy.,Executed appropriate methods; no estimated/calibrated global stochastic policy.,Named owner in evidence/monitoring register; author for presentation implementation,Manual requirement review plus executable checks; section-level status conservatively inherited by its instruction blocks
R27.005,27,Mathematical foundations and why they belong,479,- Von Neumann–Morgenstern decision and game-theoretic reasoning for competitive or policy responses when a credible game can be specified.,Conditional / data required,model-selection-and-foundations.md; C-EVSI/C-NETWORK/C-DEPENDENCE,Executed appropriate methods; no estimated/calibrated global stochastic policy.,Executed appropriate methods; no estimated/calibrated global stochastic policy.,Named owner in evidence/monitoring register; author for presentation implementation,Manual requirement review plus executable checks; section-level status conservatively inherited by its instruction blocks
R27.006,27,Mathematical foundations and why they belong,480,"- Network flow and graph optimisation for trade, ports, transport, and correlated bottlenecks.",Conditional / data required,model-selection-and-foundations.md; C-EVSI/C-NETWORK/C-DEPENDENCE,Executed appropriate methods; no estimated/calibrated global stochastic policy.,Executed appropriate methods; no estimated/calibrated global stochastic policy.,Named owner in evidence/monitoring register; author for presentation implementation,Manual requirement review plus executable checks; section-level status conservatively inherited by its instruction blocks
R27.007,27,Mathematical foundations and why they belong,481,- Convex optimisation and robust optimisation for uncertain parameters and feasible resource allocation.,Conditional / data required,model-selection-and-foundations.md; C-EVSI/C-NETWORK/C-DEPENDENCE,Executed appropriate methods; no estimated/calibrated global stochastic policy.,Executed appropriate methods; no estimated/calibrated global stochastic policy.,Named owner in evidence/monitoring register; author for presentation implementation,Manual requirement review plus executable checks; section-level status conservatively inherited by its instruction blocks
R27.008,27,Mathematical foundations and why they belong,482,"- Monte Carlo and numerical integration for propagating uncertainty, with distribution and dependency assumptions disclosed.",Conditional / data required,model-selection-and-foundations.md; C-EVSI/C-NETWORK/C-DEPENDENCE,Executed appropriate methods; no estimated/calibrated global stochastic policy.,Executed appropriate methods; no estimated/calibrated global stochastic policy.,Named owner in evidence/monitoring register; author for presentation implementation,Manual requirement review plus executable checks; section-level status conservatively inherited by its instruction blocks
R27.009,27,Mathematical foundations and why they belong,483,- Extreme-value methods for hazard tails only when data and diagnostics support them.,Conditional / data required,model-selection-and-foundations.md; C-EVSI/C-NETWORK/C-DEPENDENCE,Executed appropriate methods; no estimated/calibrated global stochastic policy.,Executed appropriate methods; no estimated/calibrated global stochastic policy.,Named owner in evidence/monitoring register; author for presentation implementation,Manual requirement review plus executable checks; section-level status conservatively inherited by its instruction blocks
R27.010,27,Mathematical foundations and why they belong,484,"- Survival or hazard models for customer retention, supplier continuity, or asset disruption when the relevant event data exist.",Conditional / data required,model-selection-and-foundations.md; C-EVSI/C-NETWORK/C-DEPENDENCE,Executed appropriate methods; no estimated/calibrated global stochastic policy.,Executed appropriate methods; no estimated/calibrated global stochastic policy.,Named owner in evidence/monitoring register; author for presentation implementation,Manual requirement review plus executable checks; section-level status conservatively inherited by its instruction blocks
R27.011,27,Mathematical foundations and why they belong,486,Do not imply that all listed authors invented every modern extension. Cite the actual method and its authors. Shapley allocations or machine-learning feature explanations may allocate or describe model outputs; they do not by themselves establish causal contribution.,Conditional / data required,model-selection-and-foundations.md; C-EVSI/C-NETWORK/C-DEPENDENCE,Executed appropriate methods; no estimated/calibrated global stochastic policy.,Executed appropriate methods; no estimated/calibrated global stochastic policy.,Named owner in evidence/monitoring register; author for presentation implementation,Manual requirement review plus executable checks; section-level status conservatively inherited by its instruction blocks
R27.012,27,Mathematical foundations and why they belong,488,"In the appendix, explain each method in plain language, then its mathematical form, assumptions, example, and practical limit. Do not promise mathematical certainty about the future. The methods should make uncertainty more visible and decisions more disciplined.",Conditional / data required,model-selection-and-foundations.md; C-EVSI/C-NETWORK/C-DEPENDENCE,Executed appropriate methods; no estimated/calibrated global stochastic policy.,Executed appropriate methods; no estimated/calibrated global stochastic policy.,Named owner in evidence/monitoring register; author for presentation implementation,Manual requirement review plus executable checks; section-level status conservatively inherited by its instruction blocks
R28.001,28,Estimation diagnostics and model validation,492,"For every fitted model, report sample period, observations, effective independent units, missing-data treatment, estimator, coefficients, uncertainty, and diagnostics relevant to the specification. Choose cluster-robust, serial-correlation, spatial, or hierarchical uncertainty treatment to match the data-generating structure.",Conditional / data required,regression-diagnostics.pdf; regression-year-errors.csv; model-selection-register.csv,Latest-vintage retrospective diagnostics; real-time backtest and parameter uncertainty missing.,Latest-vintage retrospective diagnostics; real-time backtest and parameter uncertainty missing.,Named owner in evidence/monitoring register; author for presentation implementation,Manual requirement review plus executable checks; section-level status conservatively inherited by its instruction blocks
R28.002,28,Estimation diagnostics and model validation,494,"Check multicollinearity, omitted variables, measurement error, reverse causality, endogeneity, functional form, residual behaviour, outliers, stationarity, breaks, and stability across regions or income groups. Explain why a model is credible beyond a high in-sample fit.",Conditional / data required,regression-diagnostics.pdf; regression-year-errors.csv; model-selection-register.csv,Latest-vintage retrospective diagnostics; real-time backtest and parameter uncertainty missing.,Latest-vintage retrospective diagnostics; real-time backtest and parameter uncertainty missing.,Named owner in evidence/monitoring register; author for presentation implementation,Manual requirement review plus executable checks; section-level status conservatively inherited by its instruction blocks
R28.003,28,Estimation diagnostics and model validation,496,"Use time-respecting backtests and holdouts. Include leave-country or leave-region-out tests where the claim involves transfer to a country with little direct data. Avoid leakage from later observations, future revisions, and variables unavailable at the forecast date.",Conditional / data required,regression-diagnostics.pdf; regression-year-errors.csv; model-selection-register.csv,Latest-vintage retrospective diagnostics; real-time backtest and parameter uncertainty missing.,Latest-vintage retrospective diagnostics; real-time backtest and parameter uncertainty missing.,Named owner in evidence/monitoring register; author for presentation implementation,Manual requirement review plus executable checks; section-level status conservatively inherited by its instruction blocks
R28.004,28,Estimation diagnostics and model validation,498,"Compare MAE, RMSE, MASE, appropriate percentage-error measures, calibration, interval coverage, and the business cost of errors. Percentage errors can be unsuitable near zero. Provide residual plots and uncertainty calibration where they affect decisions.",Conditional / data required,regression-diagnostics.pdf; regression-year-errors.csv; model-selection-register.csv,Latest-vintage retrospective diagnostics; real-time backtest and parameter uncertainty missing.,Latest-vintage retrospective diagnostics; real-time backtest and parameter uncertainty missing.,Named owner in evidence/monitoring register; author for presentation implementation,Manual requirement review plus executable checks; section-level status conservatively inherited by its instruction blocks
R28.005,28,Estimation diagnostics and model validation,500,"For small or sparse samples, use partial pooling, priors, or structural bounds with explicit sensitivity rather than fitting many unidentifiable coefficients. State when parameters are not identified. Report sign instability and country-level errors, not only an aggregate average.",Conditional / data required,regression-diagnostics.pdf; regression-year-errors.csv; model-selection-register.csv,Latest-vintage retrospective diagnostics; real-time backtest and parameter uncertainty missing.,Latest-vintage retrospective diagnostics; real-time backtest and parameter uncertainty missing.,Named owner in evidence/monitoring register; author for presentation implementation,Manual requirement review plus executable checks; section-level status conservatively inherited by its instruction blocks
R28.006,28,Estimation diagnostics and model validation,502,"Judge the model by out-of-sample decision quality: avoided unprofitable entry, improved service, better capital allocation, lower regret, or reduced forecast-related cash strain. Statistical improvement without operational significance may not justify a more complex system.",Conditional / data required,regression-diagnostics.pdf; regression-year-errors.csv; model-selection-register.csv,Latest-vintage retrospective diagnostics; real-time backtest and parameter uncertainty missing.,Latest-vintage retrospective diagnostics; real-time backtest and parameter uncertainty missing.,Named owner in evidence/monitoring register; author for presentation implementation,Manual requirement review plus executable checks; section-level status conservatively inherited by its instruction blocks
R29.001,29,Extrapolation from the official horizon to the 25-year horizon,506,"Use official projections as evidence and benchmarks within their published horizon. The verified OECD–FAO edition at preparation covers 2026–2035, not 2051. Check the latest edition at execution. Its Aglink-Cosimo framework is a recursive-dynamic partial-equilibrium agricultural model, not a proprietary forecast of Olam earnings.",Conditional / data required,A_OUTER; capital-metrics.csv; source-book.csv:OECD/UN_WPP,"Outer growth chosen, not an institutional forecast; uncertainty/structural alternatives uncalibrated.","Outer growth chosen, not an institutional forecast; uncertainty/structural alternatives uncalibrated.",Named owner in evidence/monitoring register; author for presentation implementation,Manual requirement review plus executable checks; section-level status conservatively inherited by its instruction blocks
R29.002,29,Extrapolation from the official horizon to the 25-year horizon,508,"For outer years, extend with transparent demographic, productivity, climate, technology, income, and trade assumptions. Mark exactly where published projections end and model extensions begin. Use saturation, physical capacity, land/water limits, budget constraints, and realistic adoption dynamics.",Conditional / data required,A_OUTER; capital-metrics.csv; source-book.csv:OECD/UN_WPP,"Outer growth chosen, not an institutional forecast; uncertainty/structural alternatives uncalibrated.","Outer growth chosen, not an institutional forecast; uncertainty/structural alternatives uncalibrated.",Named owner in evidence/monitoring register; author for presentation implementation,Manual requirement review plus executable checks; section-level status conservatively inherited by its instruction blocks
R29.003,29,Extrapolation from the official horizon to the 25-year horizon,510,"Avoid unbounded CAGR extrapolation, indefinitely expanding margins, permanently linear adaptation benefits, and constant market capture over 25 years. Test convergence, saturation, structural breaks, new entrants, substitute products, and policy regimes.",Conditional / data required,A_OUTER; capital-metrics.csv; source-book.csv:OECD/UN_WPP,"Outer growth chosen, not an institutional forecast; uncertainty/structural alternatives uncalibrated.","Outer growth chosen, not an institutional forecast; uncertainty/structural alternatives uncalibrated.",Named owner in evidence/monitoring register; author for presentation implementation,Manual requirement review plus executable checks; section-level status conservatively inherited by its instruction blocks
R29.004,29,Extrapolation from the official horizon to the 25-year horizon,512,Show how forecast uncertainty broadens and how confidence in individual distant-year numbers declines. Some structural relationships may remain robust while their exact quantities do not. Design recommendations that remain useful under that distinction.,Conditional / data required,A_OUTER; capital-metrics.csv; source-book.csv:OECD/UN_WPP,"Outer growth chosen, not an institutional forecast; uncertainty/structural alternatives uncalibrated.","Outer growth chosen, not an institutional forecast; uncertainty/structural alternatives uncalibrated.",Named owner in evidence/monitoring register; author for presentation implementation,Manual requirement review plus executable checks; section-level status conservatively inherited by its instruction blocks
R29.005,29,Extrapolation from the official horizon to the 25-year horizon,514,"Use the distant horizon primarily to identify strategic capabilities, exposure migration, and investment options. Use short- and medium-term evidence to release capital and update the trajectory.",Conditional / data required,A_OUTER; capital-metrics.csv; source-book.csv:OECD/UN_WPP,"Outer growth chosen, not an institutional forecast; uncertainty/structural alternatives uncalibrated.","Outer growth chosen, not an institutional forecast; uncertainty/structural alternatives uncalibrated.",Named owner in evidence/monitoring register; author for presentation implementation,Manual requirement review plus executable checks; section-level status conservatively inherited by its instruction blocks
R30.001,30,Scenario implementation and dependence,518,"Construct a transparent scenario engine. Each scenario must specify population/income paths, demand response, commodity conditions, FX/inflation, financing, policy, physical supply, climate exposure, adaptation, corridor conditions, competitive response, and execution.",Conditional / data required,C-DEPENDENCE; dependence-tail-comparison.csv; C-SCENARIOS,"Dependence constructed and PSD checked; macro driver mapping remains qualitative, not calibrated.","Dependence constructed and PSD checked; macro driver mapping remains qualitative, not calibrated.",Named owner in evidence/monitoring register; author for presentation implementation,Manual requirement review plus executable checks; section-level status conservatively inherited by its instruction blocks
R30.002,30,Scenario implementation and dependence,520,"Estimate or explicitly assume dependencies among the drivers. FX, inflation, commodity price, purchasing power, pass-through, inventory, and interest rates are not generally independent. Climate and corridor exposures can create cross-country dependence.",Conditional / data required,C-DEPENDENCE; dependence-tail-comparison.csv; C-SCENARIOS,"Dependence constructed and PSD checked; macro driver mapping remains qualitative, not calibrated.","Dependence constructed and PSD checked; macro driver mapping remains qualitative, not calibrated.",Named owner in evidence/monitoring register; author for presentation implementation,Manual requirement review plus executable checks; section-level status conservatively inherited by its instruction blocks
R30.003,30,Scenario implementation and dependence,522,"Use historical covariance, common factors, regime models, block bootstrap, copulas, or structural relationships only where appropriate. Check positive semidefiniteness and document any matrix repair. Include dependence uncertainty and tail-dependence sensitivity.",Conditional / data required,C-DEPENDENCE; dependence-tail-comparison.csv; C-SCENARIOS,"Dependence constructed and PSD checked; macro driver mapping remains qualitative, not calibrated.","Dependence constructed and PSD checked; macro driver mapping remains qualitative, not calibrated.",Named owner in evidence/monitoring register; author for presentation implementation,Manual requirement review plus executable checks; section-level status conservatively inherited by its instruction blocks
R30.004,30,Scenario implementation and dependence,524,"Separate parameter draws from economic shocks and from alternative model structures. Use reproducible seeds and record sampling distributions, truncation, correlations, and scenario weights. Compare results across enough runs to establish the stability of the decision-relevant outputs; a large run count does not make incorrect assumptions true.",Conditional / data required,C-DEPENDENCE; dependence-tail-comparison.csv; C-SCENARIOS,"Dependence constructed and PSD checked; macro driver mapping remains qualitative, not calibrated.","Dependence constructed and PSD checked; macro driver mapping remains qualitative, not calibrated.",Named owner in evidence/monitoring register; author for presentation implementation,Manual requirement review plus executable checks; section-level status conservatively inherited by its instruction blocks
R30.005,30,Scenario implementation and dependence,526,"Do not present the old independent-uniform stress simulation as a calibrated forecast. If retained for comparison, label it as the old screening baseline and show how the revised model changes conclusions.",Conditional / data required,C-DEPENDENCE; dependence-tail-comparison.csv; C-SCENARIOS,"Dependence constructed and PSD checked; macro driver mapping remains qualitative, not calibrated.","Dependence constructed and PSD checked; macro driver mapping remains qualitative, not calibrated.",Named owner in evidence/monitoring register; author for presentation implementation,Manual requirement review plus executable checks; section-level status conservatively inherited by its instruction blocks
R30.006,30,Scenario implementation and dependence,528,"Provide conditional outcome distributions, stress outcomes, and confidence in the recommendation. Report the sources of uncertainty instead of one unexplained confidence score.",Conditional / data required,C-DEPENDENCE; dependence-tail-comparison.csv; C-SCENARIOS,"Dependence constructed and PSD checked; macro driver mapping remains qualitative, not calibrated.","Dependence constructed and PSD checked; macro driver mapping remains qualitative, not calibrated.",Named owner in evidence/monitoring register; author for presentation implementation,Manual requirement review plus executable checks; section-level status conservatively inherited by its instruction blocks
R31.001,31,Finance: build the economics from operational quantities,532,"For each country-product-entry-mode case, construct an incremental model against the feasible counterfactual, including doing nothing, exporting, partnering, or waiting. Separate company growth from transfer between internal operations.",Conditional / data required,C-DCF; Country_Financials!A4:AA28; E1/E3,Full normalized cash computed; actual country operational costs/mass-balance components unavailable.,Full normalized cash computed; actual country operational costs/mass-balance components unavailable.,Named owner in evidence/monitoring register; author for presentation implementation,Manual requirement review plus executable checks; section-level status conservatively inherited by its instruction blocks
R31.002,31,Finance: build the economics from operational quantities,534,"Build demand, feasible capture, delivered volume, net price, gross-to-net adjustments, procurement cost, processing yield, packaging, energy, labour, freight, duties, service cost, fixed operating cost, tax, capex, and working capital.",Conditional / data required,C-DCF; Country_Financials!A4:AA28; E1/E3,Full normalized cash computed; actual country operational costs/mass-balance components unavailable.,Full normalized cash computed; actual country operational costs/mass-balance components unavailable.,Named owner in evidence/monitoring register; author for presentation implementation,Manual requirement review plus executable checks; section-level status conservatively inherited by its instruction blocks
R31.003,31,Finance: build the economics from operational quantities,536,"Use revenue as `delivered units × realised net price`, with explicit product and customer mix. If commodity prices inflate reported revenue, show the volume and margin decomposition. Revenue growth is not automatically value creation.",Conditional / data required,C-DCF; Country_Financials!A4:AA28; E1/E3,Full normalized cash computed; actual country operational costs/mass-balance components unavailable.,Full normalized cash computed; actual country operational costs/mass-balance components unavailable.,Named owner in evidence/monitoring register; author for presentation implementation,Manual requirement review plus executable checks; section-level status conservatively inherited by its instruction blocks
R31.004,31,Finance: build the economics from operational quantities,538,"For processing, reconcile raw input, conversion yield, by-products, rejects, waste, saleable output, and capacity. For trading, model spread, origin-destination exposures, inventory financing, execution cost, and counterparty risk. Do not apply one manufacturing margin to all businesses.",Conditional / data required,C-DCF; Country_Financials!A4:AA28; E1/E3,Full normalized cash computed; actual country operational costs/mass-balance components unavailable.,Full normalized cash computed; actual country operational costs/mass-balance components unavailable.,Named owner in evidence/monitoring register; author for presentation implementation,Manual requirement review plus executable checks; section-level status conservatively inherited by its instruction blocks
R31.005,31,Finance: build the economics from operational quantities,540,"Build monthly cash and seasonal inventory where harvest timing materially affects liquidity. Include commissioning delays, utilisation ramp, maintenance shutdowns, local service constraints, spare parts, and staffing.",Conditional / data required,C-DCF; Country_Financials!A4:AA28; E1/E3,Full normalized cash computed; actual country operational costs/mass-balance components unavailable.,Full normalized cash computed; actual country operational costs/mass-balance components unavailable.,Named owner in evidence/monitoring register; author for presentation implementation,Manual requirement review plus executable checks; section-level status conservatively inherited by its instruction blocks
R31.006,31,Finance: build the economics from operational quantities,542,"Keep central allocations, intercompany prices, external incremental costs, and transfer pricing separate. Portfolio cash flow must not count the same synergy, transfer, or customer contribution twice.",Conditional / data required,C-DCF; Country_Financials!A4:AA28; E1/E3,Full normalized cash computed; actual country operational costs/mass-balance components unavailable.,Full normalized cash computed; actual country operational costs/mass-balance components unavailable.,Named owner in evidence/monitoring register; author for presentation implementation,Manual requirement review plus executable checks; section-level status conservatively inherited by its instruction blocks
R32.001,32,"Working capital, tax, and cash conversion",546,Replace the current sales-day proxy with:,Conditional / data required,C-MONTHLY; monthly-cash-example.csv; E2,"Actual monthly seasonality, taxes, duties, depreciation and financing unavailable.","Actual monthly seasonality, taxes, duties, depreciation and financing unavailable.",Named owner in evidence/monitoring register; author for presentation implementation,Manual requirement review plus executable checks; section-level status conservatively inherited by its instruction blocks
R32.002,32,"Working capital, tax, and cash conversion",548,"`NWC_t = AR_t + Inventory_t − AP_t`,",Conditional / data required,C-MONTHLY; monthly-cash-example.csv; E2,"Actual monthly seasonality, taxes, duties, depreciation and financing unavailable.","Actual monthly seasonality, taxes, duties, depreciation and financing unavailable.",Named owner in evidence/monitoring register; author for presentation implementation,Manual requirement review plus executable checks; section-level status conservatively inherited by its instruction blocks
R32.003,32,"Working capital, tax, and cash conversion",550,with other operating balances added only when relevant and consistently defined.,Conditional / data required,C-MONTHLY; monthly-cash-example.csv; E2,"Actual monthly seasonality, taxes, duties, depreciation and financing unavailable.","Actual monthly seasonality, taxes, duties, depreciation and financing unavailable.",Named owner in evidence/monitoring register; author for presentation implementation,Manual requirement review plus executable checks; section-level status conservatively inherited by its instruction blocks
R32.004,32,"Working capital, tax, and cash conversion",552,"Use receivables based on credit sales, inventory based on the correct cost and stock basis, and payables based on eligible purchases or cost of goods. A simplified annual formulation is:",Conditional / data required,C-MONTHLY; monthly-cash-example.csv; E2,"Actual monthly seasonality, taxes, duties, depreciation and financing unavailable.","Actual monthly seasonality, taxes, duties, depreciation and financing unavailable.",Named owner in evidence/monitoring register; author for presentation implementation,Manual requirement review plus executable checks; section-level status conservatively inherited by its instruction blocks
R32.005,32,"Working capital, tax, and cash conversion",554,`AR = credit_sales × DSO/365`;,Conditional / data required,C-MONTHLY; monthly-cash-example.csv; E2,"Actual monthly seasonality, taxes, duties, depreciation and financing unavailable.","Actual monthly seasonality, taxes, duties, depreciation and financing unavailable.",Named owner in evidence/monitoring register; author for presentation implementation,Manual requirement review plus executable checks; section-level status conservatively inherited by its instruction blocks
R32.006,32,"Working capital, tax, and cash conversion",556,`Inventory = relevant_cost_base × DIO/365`;,Conditional / data required,C-MONTHLY; monthly-cash-example.csv; E2,"Actual monthly seasonality, taxes, duties, depreciation and financing unavailable.","Actual monthly seasonality, taxes, duties, depreciation and financing unavailable.",Named owner in evidence/monitoring register; author for presentation implementation,Manual requirement review plus executable checks; section-level status conservatively inherited by its instruction blocks
R32.007,32,"Working capital, tax, and cash conversion",558,`AP = credit_purchases × DPO/365`.,Conditional / data required,C-MONTHLY; monthly-cash-example.csv; E2,"Actual monthly seasonality, taxes, duties, depreciation and financing unavailable.","Actual monthly seasonality, taxes, duties, depreciation and financing unavailable.",Named owner in evidence/monitoring register; author for presentation implementation,Manual requirement review plus executable checks; section-level status conservatively inherited by its instruction blocks
R32.008,32,"Working capital, tax, and cash conversion",560,"Use the actual calendar convention and seasonality. The revenue approximation for all three balances can materially distort cash. Cash flow uses the **change** in working capital, not the same release repeated every year.",Conditional / data required,C-MONTHLY; monthly-cash-example.csv; E2,"Actual monthly seasonality, taxes, duties, depreciation and financing unavailable.","Actual monthly seasonality, taxes, duties, depreciation and financing unavailable.",Named owner in evidence/monitoring register; author for presentation implementation,Manual requirement review plus executable checks; section-level status conservatively inherited by its instruction blocks
R32.009,32,"Working capital, tax, and cash conversion",562,"Include inventory obsolescence, shrinkage, quality losses, customer defaults, advance payments, letters of credit, margin calls, and security collateral when relevant. Distinguish working capital from treasury cash and financing balances.",Conditional / data required,C-MONTHLY; monthly-cash-example.csv; E2,"Actual monthly seasonality, taxes, duties, depreciation and financing unavailable.","Actual monthly seasonality, taxes, duties, depreciation and financing unavailable.",Named owner in evidence/monitoring register; author for presentation implementation,Manual requirement review plus executable checks; section-level status conservatively inherited by its instruction blocks
R32.010,32,"Working capital, tax, and cash conversion",564,"Model tax by jurisdiction with current official rules, tax losses and utilisation limits, incentives only when eligibility is supportable, withholding tax, repatriation friction, and transfer-pricing boundaries. Do not assume a simple statutory tax percentage gives effective cash taxes in every year.",Conditional / data required,C-MONTHLY; monthly-cash-example.csv; E2,"Actual monthly seasonality, taxes, duties, depreciation and financing unavailable.","Actual monthly seasonality, taxes, duties, depreciation and financing unavailable.",Named owner in evidence/monitoring register; author for presentation implementation,Manual requirement review plus executable checks; section-level status conservatively inherited by its instruction blocks
R32.011,32,"Working capital, tax, and cash conversion",566,"Show how a growth case can be EBITDA-positive but cash-negative. Include minimum liquidity and funding needs under stress, not only NPV.",Conditional / data required,C-MONTHLY; monthly-cash-example.csv; E2,"Actual monthly seasonality, taxes, duties, depreciation and financing unavailable.","Actual monthly seasonality, taxes, duties, depreciation and financing unavailable.",Named owner in evidence/monitoring register; author for presentation implementation,Manual requirement review plus executable checks; section-level status conservatively inherited by its instruction blocks
R33.001,33,"Discounting, currency, and capital returns",570,"For an unlevered project model, use:",Conditional / data required,C-CAPITAL; capital-metrics.csv; Financing_FX; E2,Normalized capital metrics computed; actual local currency/WACC/hedge schedule unavailable.,Normalized capital metrics computed; actual local currency/WACC/hedge schedule unavailable.,Named owner in evidence/monitoring register; author for presentation implementation,Manual requirement review plus executable checks; section-level status conservatively inherited by its instruction blocks
R33.002,33,"Discounting, currency, and capital returns",572,`FCFF_t = EBIT_t − cash_tax_on_operations_t + D&A_t − Capex_t − ΔNWC_t`.,Conditional / data required,C-CAPITAL; capital-metrics.csv; Financing_FX; E2,Normalized capital metrics computed; actual local currency/WACC/hedge schedule unavailable.,Normalized capital metrics computed; actual local currency/WACC/hedge schedule unavailable.,Named owner in evidence/monitoring register; author for presentation implementation,Manual requirement review plus executable checks; section-level status conservatively inherited by its instruction blocks
R33.003,33,"Discounting, currency, and capital returns",574,"If the simplified `EBIT × (1 − tax rate)` is used, state its limits and reconcile losses, incentives, and actual tax timing. Keep financing cash flows outside FCFF. For equity cash flow, explicitly include debt draws, repayments, and financing costs under a consistent equity discount rate.",Conditional / data required,C-CAPITAL; capital-metrics.csv; Financing_FX; E2,Normalized capital metrics computed; actual local currency/WACC/hedge schedule unavailable.,Normalized capital metrics computed; actual local currency/WACC/hedge schedule unavailable.,Named owner in evidence/monitoring register; author for presentation implementation,Manual requirement review plus executable checks; section-level status conservatively inherited by its instruction blocks
R33.004,33,"Discounting, currency, and capital returns",576,Calculate:,Conditional / data required,C-CAPITAL; capital-metrics.csv; Financing_FX; E2,Normalized capital metrics computed; actual local currency/WACC/hedge schedule unavailable.,Normalized capital metrics computed; actual local currency/WACC/hedge schedule unavailable.,Named owner in evidence/monitoring register; author for presentation implementation,Manual requirement review plus executable checks; section-level status conservatively inherited by its instruction blocks
R33.005,33,"Discounting, currency, and capital returns",578,"`NPV = initial_cash_flow + Σ_(t=1)^T FCFF_t / Π_(u=1)^t(1+r_u) + discounted_residual_value`,",Conditional / data required,C-CAPITAL; capital-metrics.csv; Financing_FX; E2,Normalized capital metrics computed; actual local currency/WACC/hedge schedule unavailable.,Normalized capital metrics computed; actual local currency/WACC/hedge schedule unavailable.,Named owner in evidence/monitoring register; author for presentation implementation,Manual requirement review plus executable checks; section-level status conservatively inherited by its instruction blocks
R33.006,33,"Discounting, currency, and capital returns",580,using a constant rate only where justified. Include staged capex at its actual timing. Evaluate finite-life cash flow separately from any continuation beyond year 25.,Conditional / data required,C-CAPITAL; capital-metrics.csv; Financing_FX; E2,Normalized capital metrics computed; actual local currency/WACC/hedge schedule unavailable.,Normalized capital metrics computed; actual local currency/WACC/hedge schedule unavailable.,Named owner in evidence/monitoring register; author for presentation implementation,Manual requirement review plus executable checks; section-level status conservatively inherited by its instruction blocks
R33.007,33,"Discounting, currency, and capital returns",582,"Use a consistent nominal-local, nominal-USD, or real-currency framework. Do not discount nominal naira flows at a real USD rate. Currency conversion, inflation, and discounting must be internally consistent. Where currency parity assumptions are used, identify their limits and validate the scenario treatment.",Conditional / data required,C-CAPITAL; capital-metrics.csv; Financing_FX; E2,Normalized capital metrics computed; actual local currency/WACC/hedge schedule unavailable.,Normalized capital metrics computed; actual local currency/WACC/hedge schedule unavailable.,Named owner in evidence/monitoring register; author for presentation implementation,Manual requirement review plus executable checks; section-level status conservatively inherited by its instruction blocks
R33.008,33,"Discounting, currency, and capital returns",584,A conventional WACC reference is:,Conditional / data required,C-CAPITAL; capital-metrics.csv; Financing_FX; E2,Normalized capital metrics computed; actual local currency/WACC/hedge schedule unavailable.,Normalized capital metrics computed; actual local currency/WACC/hedge schedule unavailable.,Named owner in evidence/monitoring register; author for presentation implementation,Manual requirement review plus executable checks; section-level status conservatively inherited by its instruction blocks
R33.009,33,"Discounting, currency, and capital returns",586,`WACC = E/(D+E) × k_e + D/(D+E) × k_d × (1−T)`.,Conditional / data required,C-CAPITAL; capital-metrics.csv; Financing_FX; E2,Normalized capital metrics computed; actual local currency/WACC/hedge schedule unavailable.,Normalized capital metrics computed; actual local currency/WACC/hedge schedule unavailable.,Named owner in evidence/monitoring register; author for presentation implementation,Manual requirement review plus executable checks; section-level status conservatively inherited by its instruction blocks
R33.010,33,"Discounting, currency, and capital returns",588,"Explain capital structure, cost of equity, debt, tax shields, country and currency risk, and whether corporate or project financing applies. Do not add a country risk premium to the discount rate while also charging the identical default or expropriation event in expected cash flows without reconciling double counting.",Conditional / data required,C-CAPITAL; capital-metrics.csv; Financing_FX; E2,Normalized capital metrics computed; actual local currency/WACC/hedge schedule unavailable.,Normalized capital metrics computed; actual local currency/WACC/hedge schedule unavailable.,Named owner in evidence/monitoring register; author for presentation implementation,Manual requirement review plus executable checks; section-level status conservatively inherited by its instruction blocks
R33.011,33,"Discounting, currency, and capital returns",590,"Calculate ROIC, contribution per tonne, free cash flow, capital turns, payback, discounted payback, IRR where interpretable, and NPV per unit of constrained capital. IRR can be misleading with non-conventional cash flows, multiple roots, or scale differences; NPV and liquidity remain central.",Conditional / data required,C-CAPITAL; capital-metrics.csv; Financing_FX; E2,Normalized capital metrics computed; actual local currency/WACC/hedge schedule unavailable.,Normalized capital metrics computed; actual local currency/WACC/hedge schedule unavailable.,Named owner in evidence/monitoring register; author for presentation implementation,Manual requirement review plus executable checks; section-level status conservatively inherited by its instruction blocks
R33.012,33,"Discounting, currency, and capital returns",592,"For any terminal value, justify the continuation model, reinvestment, margin, growth, asset life, and discount-rate consistency. Show the fraction of total value attributable to terminal assumptions and a no-terminal-value sensitivity. Salvage value is not the same as an indefinitely growing franchise.",Conditional / data required,C-CAPITAL; capital-metrics.csv; Financing_FX; E2,Normalized capital metrics computed; actual local currency/WACC/hedge schedule unavailable.,Normalized capital metrics computed; actual local currency/WACC/hedge schedule unavailable.,Named owner in evidence/monitoring register; author for presentation implementation,Manual requirement review plus executable checks; section-level status conservatively inherited by its instruction blocks
R34.001,34,"Unit economics, break-even, and financial evidence",596,"Compute break-even volume, utilisation, realised price, contribution margin, landed input cost, delay tolerance, and working-capital days for important investments. A simple starting identity is:",Conditional / data required,C-SENSITIVITY; sensitivity-one-variable.csv; sensitivity-two-variable.csv,Structural sensitivities computed; actual comparable volume/margin/capex ranges unavailable.,Structural sensitivities computed; actual comparable volume/margin/capex ranges unavailable.,Named owner in evidence/monitoring register; author for presentation implementation,Manual requirement review plus executable checks; section-level status conservatively inherited by its instruction blocks
R34.002,34,"Unit economics, break-even, and financial evidence",598,"`cash operating break-even volume = fixed cash operating cost / contribution per unit`,",Conditional / data required,C-SENSITIVITY; sensitivity-one-variable.csv; sensitivity-two-variable.csv,Structural sensitivities computed; actual comparable volume/margin/capex ranges unavailable.,Structural sensitivities computed; actual comparable volume/margin/capex ranges unavailable.,Named owner in evidence/monitoring register; author for presentation implementation,Manual requirement review plus executable checks; section-level status conservatively inherited by its instruction blocks
R34.003,34,"Unit economics, break-even, and financial evidence",600,provided unit contribution is positive and the fixed/variable distinction is valid.,Conditional / data required,C-SENSITIVITY; sensitivity-one-variable.csv; sensitivity-two-variable.csv,Structural sensitivities computed; actual comparable volume/margin/capex ranges unavailable.,Structural sensitivities computed; actual comparable volume/margin/capex ranges unavailable.,Named owner in evidence/monitoring register; author for presentation implementation,Manual requirement review plus executable checks; section-level status conservatively inherited by its instruction blocks
R34.004,34,"Unit economics, break-even, and financial evidence",602,"Investment break-even is different: solve the volume, margin, capex, or timing that makes NPV zero with the full cash-flow model. Use numerical root finding where appropriate and report feasibility and monotonicity conditions. A mathematically solved volume above physical capacity is not a viable business case.",Conditional / data required,C-SENSITIVITY; sensitivity-one-variable.csv; sensitivity-two-variable.csv,Structural sensitivities computed; actual comparable volume/margin/capex ranges unavailable.,Structural sensitivities computed; actual comparable volume/margin/capex ranges unavailable.,Named owner in evidence/monitoring register; author for presentation implementation,Manual requirement review plus executable checks; section-level status conservatively inherited by its instruction blocks
R34.005,34,"Unit economics, break-even, and financial evidence",604,"Show finance inputs by evidence class. Internal Olam data need an accountable owner and date. Public comparables require adjustment for business mix, accounting, country, scale, integration, and timing. Chosen assumptions require a rationale and a sensitivity range.",Conditional / data required,C-SENSITIVITY; sensitivity-one-variable.csv; sensitivity-two-variable.csv,Structural sensitivities computed; actual comparable volume/margin/capex ranges unavailable.,Structural sensitivities computed; actual comparable volume/margin/capex ranges unavailable.,Named owner in evidence/monitoring register; author for presentation implementation,Manual requirement review plus executable checks; section-level status conservatively inherited by its instruction blocks
R34.006,34,"Unit economics, break-even, and financial evidence",606,"For every country and scenario, provide a conditional business case or an explicitly provisional break-even case. Refusing false precision must not become an excuse to omit the country. The output should state what can be concluded now, what cannot, and the smallest evidence investment that can resolve the decision.",Conditional / data required,C-SENSITIVITY; sensitivity-one-variable.csv; sensitivity-two-variable.csv,Structural sensitivities computed; actual comparable volume/margin/capex ranges unavailable.,Structural sensitivities computed; actual comparable volume/margin/capex ranges unavailable.,Named owner in evidence/monitoring register; author for presentation implementation,Manual requirement review plus executable checks; section-level status conservatively inherited by its instruction blocks
R35.001,35,Customer value and Olam value must connect,610,"Write a customer-value equation for each priority segment. For a bakery, industrial user, feed buyer, distributor, or household, identify the relevant benefit: output yield, product consistency, reject rate, labour, energy, inventory, stockout, price volatility, safety, cash ticket, or cost per serving.",Conditional / data required,priority-commercial-plans.md; C-E05/C-E06,Customer usable-output economics specified; observed willingness to pay/adoption missing.,Customer usable-output economics specified; observed willingness to pay/adoption missing.,Named owner in evidence/monitoring register; author for presentation implementation,Manual requirement review plus executable checks; section-level status conservatively inherited by its instruction blocks
R35.002,35,Customer value and Olam value must connect,612,"Translate customer improvement into adoption, repeat, willingness to pay, switching cost, retention, or contractual access only with evidence. Then translate actual behaviour into Olam incremental contribution and cash.",Conditional / data required,priority-commercial-plans.md; C-E05/C-E06,Customer usable-output economics specified; observed willingness to pay/adoption missing.,Customer usable-output economics specified; observed willingness to pay/adoption missing.,Named owner in evidence/monitoring register; author for presentation implementation,Manual requirement review plus executable checks; section-level status conservatively inherited by its instruction blocks
R35.003,35,Customer value and Olam value must connect,614,"For example, a higher-priced flour may be economically attractive if its measured usable output and reject reduction lower cost per saleable product. Conversely, premium branding may fail if performance and cash constraints do not justify the difference. State the customer's comparator and test the proposition.",Conditional / data required,priority-commercial-plans.md; C-E05/C-E06,Customer usable-output economics specified; observed willingness to pay/adoption missing.,Customer usable-output economics specified; observed willingness to pay/adoption missing.,Named owner in evidence/monitoring register; author for presentation implementation,Manual requirement review plus executable checks; section-level status conservatively inherited by its instruction blocks
R35.004,35,Customer value and Olam value must connect,616,"For commodity-like products, identify the role of reliable supply, service, risk management, compliance, and embedded logistics. Marketing can communicate and organise these advantages, but cannot compensate for their absence.",Conditional / data required,priority-commercial-plans.md; C-E05/C-E06,Customer usable-output economics specified; observed willingness to pay/adoption missing.,Customer usable-output economics specified; observed willingness to pay/adoption missing.,Named owner in evidence/monitoring register; author for presentation implementation,Manual requirement review plus executable checks; section-level status conservatively inherited by its instruction blocks
R35.005,35,Customer value and Olam value must connect,618,"Every important marketing proposition should therefore include: target customer, customer problem, measurable benefit, proof method, delivery capability, claim boundary, commercial capture mechanism, and contribution/cash test.",Conditional / data required,priority-commercial-plans.md; C-E05/C-E06,Customer usable-output economics specified; observed willingness to pay/adoption missing.,Customer usable-output economics specified; observed willingness to pay/adoption missing.,Named owner in evidence/monitoring register; author for presentation implementation,Manual requirement review plus executable checks; section-level status conservatively inherited by its instruction blocks
R36.001,36,Marketing strategy by country and route,622,"For every priority country-product case, define segmentation, target customers, value proposition, product and pack architecture, pricing, channel, distribution, technical service, communication, customer acquisition, repeat, and measurement.",Conditional / data required,priority-product-plans.csv; priority-commercial-plans.md,18 separate plans complete as hypotheses; local economics and actual budget/sample absent.,18 separate plans complete as hypotheses; local economics and actual budget/sample absent.,Named owner in evidence/monitoring register; author for presentation implementation,Manual requirement review plus executable checks; section-level status conservatively inherited by its instruction blocks
R36.002,36,Marketing strategy by country and route,624,"Respect local language, culture, meal habits, trade structures, purchasing power, trust, and regulation. Do not recycle one campaign across all countries or assume that a global brand message is the main expansion constraint.",Conditional / data required,priority-product-plans.csv; priority-commercial-plans.md,18 separate plans complete as hypotheses; local economics and actual budget/sample absent.,18 separate plans complete as hypotheses; local economics and actual budget/sample absent.,Named owner in evidence/monitoring register; author for presentation implementation,Manual requirement review plus executable checks; section-level status conservatively inherited by its instruction blocks
R36.003,36,Marketing strategy by country and route,626,"Differentiate demand creation from category conversion, distribution recovery, substitution, affordability response, and product innovation. Define the contribution of each intervention and the evidence needed to choose it.",Conditional / data required,priority-product-plans.csv; priority-commercial-plans.md,18 separate plans complete as hypotheses; local economics and actual budget/sample absent.,18 separate plans complete as hypotheses; local economics and actual budget/sample absent.,Named owner in evidence/monitoring register; author for presentation implementation,Manual requirement review plus executable checks; section-level status conservatively inherited by its instruction blocks
R36.004,36,Marketing strategy by country and route,628,"Allocate spending across commercial levers such as technical service, customer research, distributor activation, product demonstrations, digital acquisition, availability, trade promotion, and brand communication. Use marginal incremental contribution and operational constraints to allocate the next unit of budget.",Conditional / data required,priority-product-plans.csv; priority-commercial-plans.md,18 separate plans complete as hypotheses; local economics and actual budget/sample absent.,18 separate plans complete as hypotheses; local economics and actual budget/sample absent.,Named owner in evidence/monitoring register; author for presentation implementation,Manual requirement review plus executable checks; section-level status conservatively inherited by its instruction blocks
R36.005,36,Marketing strategy by country and route,630,"Explain cannibalisation across products, pack sizes, channels, territories, and existing Olam customers. Measure net incremental portfolio value. A successful new pack that merely moves customers from a more profitable pack may not create economic value.",Conditional / data required,priority-product-plans.csv; priority-commercial-plans.md,18 separate plans complete as hypotheses; local economics and actual budget/sample absent.,18 separate plans complete as hypotheses; local economics and actual budget/sample absent.,Named owner in evidence/monitoring register; author for presentation implementation,Manual requirement review plus executable checks; section-level status conservatively inherited by its instruction blocks
R36.006,36,Marketing strategy by country and route,632,"Model advertising response only where data support it, including lag, diminishing returns, carryover, saturation, and interaction with availability. A marketing-mix model can support allocation, but controlled evidence and commercial measurement should challenge its attribution.",Conditional / data required,priority-product-plans.csv; priority-commercial-plans.md,18 separate plans complete as hypotheses; local economics and actual budget/sample absent.,18 separate plans complete as hypotheses; local economics and actual budget/sample absent.,Named owner in evidence/monitoring register; author for presentation implementation,Manual requirement review plus executable checks; section-level status conservatively inherited by its instruction blocks
R37.001,37,Sustainability as both constraint and economic mechanism,636,"Test sustainability interventions through clear mechanisms: avoided supply disruption, better quality, lower resource cost, regulatory access, buyer retention, credible traceability, reduced loss, farmer continuity, insurance, or verified willingness to pay.",Conditional / data required,climate; priority-product-plans.csv; E3/E5,"No actual emissions/water baselines, supplier-rights verification or premium/avoided-loss estimate.","No actual emissions/water baselines, supplier-rights verification or premium/avoided-loss estimate.",Named owner in evidence/monitoring register; author for presentation implementation,Manual requirement review plus executable checks; section-level status conservatively inherited by its instruction blocks
R37.002,37,Sustainability as both constraint and economic mechanism,638,"Include direct cost, measurement and verification, implementation, supplier adoption, time to benefit, and maintenance. Do not assume that a sustainability label creates a premium or that all environmentally positive measures have positive private NPV.",Conditional / data required,climate; priority-product-plans.csv; E3/E5,"No actual emissions/water baselines, supplier-rights verification or premium/avoided-loss estimate.","No actual emissions/water baselines, supplier-rights verification or premium/avoided-loss estimate.",Named owner in evidence/monitoring register; author for presentation implementation,Manual requirement review plus executable checks; section-level status conservatively inherited by its instruction blocks
R37.003,37,Sustainability as both constraint and economic mechanism,640,"Separate legal compliance, corporate commitments, impact objectives, strategic resilience, and commercial returns. If a project is chosen for strategic or impact reasons despite weak private NPV, state the objective and the governance rationale instead of hiding it in optimistic financial assumptions.",Conditional / data required,climate; priority-product-plans.csv; E3/E5,"No actual emissions/water baselines, supplier-rights verification or premium/avoided-loss estimate.","No actual emissions/water baselines, supplier-rights verification or premium/avoided-loss estimate.",Named owner in evidence/monitoring register; author for presentation implementation,Manual requirement review plus executable checks; section-level status conservatively inherited by its instruction blocks
R37.004,37,Sustainability as both constraint and economic mechanism,642,"Track emissions, water, land use, biodiversity, labour, safety, and community outcomes using relevant standards and boundaries. Avoid mixing organisational and product footprints, gross and net claims, avoided emissions and reductions, or estimates and verified results.",Conditional / data required,climate; priority-product-plans.csv; E3/E5,"No actual emissions/water baselines, supplier-rights verification or premium/avoided-loss estimate.","No actual emissions/water baselines, supplier-rights verification or premium/avoided-loss estimate.",Named owner in evidence/monitoring register; author for presentation implementation,Manual requirement review plus executable checks; section-level status conservatively inherited by its instruction blocks
R37.005,37,Sustainability as both constraint and economic mechanism,644,"Show trade-offs transparently. Include farmer income, adoption, rights, and resilience where a supplier programme is essential to continued commercial supply. Do not treat people or environmental harm as merely optional costs to optimise away.",Conditional / data required,climate; priority-product-plans.csv; E3/E5,"No actual emissions/water baselines, supplier-rights verification or premium/avoided-loss estimate.","No actual emissions/water baselines, supplier-rights verification or premium/avoided-loss estimate.",Named owner in evidence/monitoring register; author for presentation implementation,Manual requirement review plus executable checks; section-level status conservatively inherited by its instruction blocks
R38.001,38,Portfolio and network optimisation,648,"Optimise the expansion portfolio rather than ranking projects independently. Incorporate constrained capital, liquidity, management attention, execution capability, capacity, sourcing, legal eligibility, and common exposures.",Conditional / data required,C-NETWORK/C-REGRET; network-flow-example.csv; policy-benchmarks.csv,LP/regret teaching cases executed; global real portfolio/network allocation unsupported.,LP/regret teaching cases executed; global real portfolio/network allocation unsupported.,Named owner in evidence/monitoring register; author for presentation implementation,Manual requirement review plus executable checks; section-level status conservatively inherited by its instruction blocks
R38.002,38,Portfolio and network optimisation,650,"Separate portfolio diversification from network complementarity. Different countries can share the same export origin, port, currency, weather pattern, or policy exposure. Conversely, a smaller market may improve a route, sourcing balance, or backup capacity.",Conditional / data required,C-NETWORK/C-REGRET; network-flow-example.csv; policy-benchmarks.csv,LP/regret teaching cases executed; global real portfolio/network allocation unsupported.,LP/regret teaching cases executed; global real portfolio/network allocation unsupported.,Named owner in evidence/monitoring register; author for presentation implementation,Manual requirement review plus executable checks; section-level status conservatively inherited by its instruction blocks
R38.003,38,Portfolio and network optimisation,652,"Use the covariance and dependence of cash flows, not just country scores. Where mean-variance is inadequate, include downside cash, tail loss, minimum service, and severe but plausible stresses.",Conditional / data required,C-NETWORK/C-REGRET; network-flow-example.csv; policy-benchmarks.csv,LP/regret teaching cases executed; global real portfolio/network allocation unsupported.,LP/regret teaching cases executed; global real portfolio/network allocation unsupported.,Named owner in evidence/monitoring register; author for presentation implementation,Manual requirement review plus executable checks; section-level status conservatively inherited by its instruction blocks
R38.004,38,Portfolio and network optimisation,654,"Do not count a network benefit unless it is realised through reduced cost, higher feasible output, avoided losses, improved service, or incremental cash. Trace intercompany flows and eliminate double-counting at consolidation.",Conditional / data required,C-NETWORK/C-REGRET; network-flow-example.csv; policy-benchmarks.csv,LP/regret teaching cases executed; global real portfolio/network allocation unsupported.,LP/regret teaching cases executed; global real portfolio/network allocation unsupported.,Named owner in evidence/monitoring register; author for presentation implementation,Manual requirement review plus executable checks; section-level status conservatively inherited by its instruction blocks
R38.005,38,Portfolio and network optimisation,656,"Show capital allocation under alternative budgets and risk appetites. Report which projects are consistently selected, which depend on scenario weights, which are substitutes, and which become valuable only as part of a network.",Conditional / data required,C-NETWORK/C-REGRET; network-flow-example.csv; policy-benchmarks.csv,LP/regret teaching cases executed; global real portfolio/network allocation unsupported.,LP/regret teaching cases executed; global real portfolio/network allocation unsupported.,Named owner in evidence/monitoring register; author for presentation implementation,Manual requirement review plus executable checks; section-level status conservatively inherited by its instruction blocks
R39.001,39,"Adaptive investment, real options, and decision triggers",660,"Treat waiting, piloting, partnering, expanding, mothballing, divesting, and switching supply as possible decisions. Model irreversibility, time to build, learning, competitive response, and the cost of delay.",Conditional / data required,C-EVSI; information-value-sensitivity.csv; Decision_Triggers,Staged/EVSI teaching boundaries; actual option costs/likelihoods and contracts missing.,Staged/EVSI teaching boundaries; actual option costs/likelihoods and contracts missing.,Named owner in evidence/monitoring register; author for presentation implementation,Manual requirement review plus executable checks; section-level status conservatively inherited by its instruction blocks
R39.002,39,"Adaptive investment, real options, and decision triggers",662,"Use a dynamic policy when data and computational capacity permit. If using real-option logic, explain the exercise conditions, uncertainty process, cash flows, discounting, and market-completeness limits. A textbook option formula may be inappropriate for a non-traded project with geopolitical risk.",Conditional / data required,C-EVSI; information-value-sensitivity.csv; Decision_Triggers,Staged/EVSI teaching boundaries; actual option costs/likelihoods and contracts missing.,Staged/EVSI teaching boundaries; actual option costs/likelihoods and contracts missing.,Named owner in evidence/monitoring register; author for presentation implementation,Manual requirement review plus executable checks; section-level status conservatively inherited by its instruction blocks
R39.003,39,"Adaptive investment, real options, and decision triggers",664,"Create trigger-based roadmaps instead of asserting that a specific acquisition must happen in a distant calendar year. Triggers can involve validated demand, customer repeat, contribution, utilisation, tariff changes, liquidity, supplier performance, climate exposure, or a sourcing-corridor threshold.",Conditional / data required,C-EVSI; information-value-sensitivity.csv; Decision_Triggers,Staged/EVSI teaching boundaries; actual option costs/likelihoods and contracts missing.,Staged/EVSI teaching boundaries; actual option costs/likelihoods and contracts missing.,Named owner in evidence/monitoring register; author for presentation implementation,Manual requirement review plus executable checks; section-level status conservatively inherited by its instruction blocks
R39.004,39,"Adaptive investment, real options, and decision triggers",666,"Specify observe, prepare, pilot, invest, scale, pause, and exit actions with owner, evidence, review date, and escalation path. Show what information would change the recommendation and what information would not.",Conditional / data required,C-EVSI; information-value-sensitivity.csv; Decision_Triggers,Staged/EVSI teaching boundaries; actual option costs/likelihoods and contracts missing.,Staged/EVSI teaching boundaries; actual option costs/likelihoods and contracts missing.,Named owner in evidence/monitoring register; author for presentation implementation,Manual requirement review plus executable checks; section-level status conservatively inherited by its instruction blocks
R39.005,39,"Adaptive investment, real options, and decision triggers",668,An attractive large market may justify a small option investment before a large irreversible commitment. Quantify the cost and benefit of obtaining evidence; do not assign an arbitrary option premium to every uncertain project.,Conditional / data required,C-EVSI; information-value-sensitivity.csv; Decision_Triggers,Staged/EVSI teaching boundaries; actual option costs/likelihoods and contracts missing.,Staged/EVSI teaching boundaries; actual option costs/likelihoods and contracts missing.,Named owner in evidence/monitoring register; author for presentation implementation,Manual requirement review plus executable checks; section-level status conservatively inherited by its instruction blocks
R40.001,40,The proposed integrated decision model,672,"Develop a coherent proposed model called the **Olam Adaptive Expansion and Customer Economics Model**, or choose a clearer name. Present it as a proposed integration of established methods for this business problem. Do not claim that the underlying mathematics is newly discovered or universally optimal.",Conditional / data required,adaptive; C-REGRET/C-EVSI/C-NETWORK; model cards,Integrated decision scaffold; no independently validated all-country optimal policy.,Integrated decision scaffold; no independently validated all-country optimal policy.,Named owner in evidence/monitoring register; author for presentation implementation,Manual requirement review plus executable checks; section-level status conservatively inherited by its instruction blocks
R40.002,40,The proposed integrated decision model,674,"The essential proposition is to connect **what customers can afford and value, what Olam can reliably deliver, what cash it can retain, and what it should learn before committing the next unit of capital**.",Conditional / data required,adaptive; C-REGRET/C-EVSI/C-NETWORK; model cards,Integrated decision scaffold; no independently validated all-country optimal policy.,Integrated decision scaffold; no independently validated all-country optimal policy.,Named owner in evidence/monitoring register; author for presentation implementation,Manual requirement review plus executable checks; section-level status conservatively inherited by its instruction blocks
R40.003,40,The proposed integrated decision model,676,"Let a decision policy `π` choose sourcing, capacity, entry, price, pack, commercial service, marketing, and evidence-gathering actions over time. Let `ω` represent uncertain economic, climate, policy, operational, and behavioural paths. Define portfolio discounted incremental cash `W(π,ω)` against a feasible counterfactual.",Conditional / data required,adaptive; C-REGRET/C-EVSI/C-NETWORK; model cards,Integrated decision scaffold; no independently validated all-country optimal policy.,Integrated decision scaffold; no independently validated all-country optimal policy.,Named owner in evidence/monitoring register; author for presentation implementation,Manual requirement review plus executable checks; section-level status conservatively inherited by its instruction blocks
R40.004,40,The proposed integrated decision model,678,A defensible planning formulation is:,Conditional / data required,adaptive; C-REGRET/C-EVSI/C-NETWORK; model cards,Integrated decision scaffold; no independently validated all-country optimal policy.,Integrated decision scaffold; no independently validated all-country optimal policy.,Named owner in evidence/monitoring register; author for presentation implementation,Manual requirement review plus executable checks; section-level status conservatively inherited by its instruction blocks
R40.005,40,The proposed integrated decision model,680,"`π* = argmax_(π∈Π_feasible) { min_(Q∈𝒬) E_Q[W(π,ω)] − λ max_(Q∈𝒬) CVaR_(α,Q)[L(π,ω)] }`,",Conditional / data required,adaptive; C-REGRET/C-EVSI/C-NETWORK; model cards,Integrated decision scaffold; no independently validated all-country optimal policy.,Integrated decision scaffold; no independently validated all-country optimal policy.,Named owner in evidence/monitoring register; author for presentation implementation,Manual requirement review plus executable checks; section-level status conservatively inherited by its instruction blocks
R40.006,40,The proposed integrated decision model,682,"where `L = max(0, W_floor − W)` is a defined shortfall loss, `𝒬` is a documented ambiguity set of plausible outcome distributions, `λ` is an approved risk-aversion parameter, and `α` is the tail-confidence convention. Use the standard loss-CVaR convention and explain it explicitly.",Conditional / data required,adaptive; C-REGRET/C-EVSI/C-NETWORK; model cards,Integrated decision scaffold; no independently validated all-country optimal policy.,Integrated decision scaffold; no independently validated all-country optimal policy.,Named owner in evidence/monitoring register; author for presentation implementation,Manual requirement review plus executable checks; section-level status conservatively inherited by its instruction blocks
R40.007,40,The proposed integrated decision model,684,"If probabilities and an ambiguity set cannot be credibly specified, use minimax regret over a documented set of plausible scenarios. Do not fabricate a distribution solely because the objective includes an expectation.",Conditional / data required,adaptive; C-REGRET/C-EVSI/C-NETWORK; model cards,Integrated decision scaffold; no independently validated all-country optimal policy.,Integrated decision scaffold; no independently validated all-country optimal policy.,Named owner in evidence/monitoring register; author for presentation implementation,Manual requirement review plus executable checks; section-level status conservatively inherited by its instruction blocks
R40.008,40,The proposed integrated decision model,686,"All objective terms must have compatible units. Do not add a dimensionless brand score, a water score, and dollar NPV without a defensible conversion or separate constraint. Legal, rights, and hard sustainability requirements belong in the feasible set, not in a tradable penalty that money can override.",Conditional / data required,adaptive; C-REGRET/C-EVSI/C-NETWORK; model cards,Integrated decision scaffold; no independently validated all-country optimal policy.,Integrated decision scaffold; no independently validated all-country optimal policy.,Named owner in evidence/monitoring register; author for presentation implementation,Manual requirement review plus executable checks; section-level status conservatively inherited by its instruction blocks
R40.009,40,The proposed integrated decision model,688,"Define actual incremental cash, including commercial benefits, network benefits, evidence costs, adaptation costs, capex, working capital, taxes, and implementation costs exactly once. Do not add an extra resilience premium or learning premium when the same benefit already appears in scenario cash flows or an adaptive policy.",Conditional / data required,adaptive; C-REGRET/C-EVSI/C-NETWORK; model cards,Integrated decision scaffold; no independently validated all-country optimal policy.,Integrated decision scaffold; no independently validated all-country optimal policy.,Named owner in evidence/monitoring register; author for presentation implementation,Manual requirement review plus executable checks; section-level status conservatively inherited by its instruction blocks
R40.010,40,The proposed integrated decision model,690,"The model's business novelty should come from the specific integration, data, constraints, feedback, and decision usefulness. Its value must be demonstrated against simpler allocation rules and the current Nigeria screening model.",Conditional / data required,adaptive; C-REGRET/C-EVSI/C-NETWORK; model cards,Integrated decision scaffold; no independently validated all-country optimal policy.,Integrated decision scaffold; no independently validated all-country optimal policy.,Named owner in evidence/monitoring register; author for presentation implementation,Manual requirement review plus executable checks; section-level status conservatively inherited by its instruction blocks
R41.001,41,"Demand, supply, and financial layers of the proposed model",694,Make the model modular and explainable:,Conditional / data required,C-E02; C-DCF; model-selection-register.csv,Physical/financial identities implemented; fitted country demand/supply layers unavailable.,Physical/financial identities implemented; fitted country demand/supply layers unavailable.,Named owner in evidence/monitoring register; author for presentation implementation,Manual requirement review plus executable checks; section-level status conservatively inherited by its instruction blocks
R41.002,41,"Demand, supply, and financial layers of the proposed model",696,"**Demand layer:** conditional category demand, customer segments, price and income response, substitutes, preferences, customer economics, and commercial interventions.",Conditional / data required,C-E02; C-DCF; model-selection-register.csv,Physical/financial identities implemented; fitted country demand/supply layers unavailable.,Physical/financial identities implemented; fitted country demand/supply layers unavailable.,Named owner in evidence/monitoring register; author for presentation implementation,Manual requirement review plus executable checks; section-level status conservatively inherited by its instruction blocks
R41.003,41,"Demand, supply, and financial layers of the proposed model",698,"**Capture layer:** probability or attainable share conditional on competition, relationship, quality, service, channel, route, product, and entry mode. Bound capture by realistic evidence and avoid unexplained sigmoid coefficients.",Conditional / data required,C-E02; C-DCF; model-selection-register.csv,Physical/financial identities implemented; fitted country demand/supply layers unavailable.,Physical/financial identities implemented; fitted country demand/supply layers unavailable.,Named owner in evidence/monitoring register; author for presentation implementation,Manual requirement review plus executable checks; section-level status conservatively inherited by its instruction blocks
R41.004,41,"Demand, supply, and financial layers of the proposed model",700,"**Supply layer:** origin capacity, procurement, yield, conversion, processing capacity, inventory, logistics, delivery, regulation, and climate constraints.",Conditional / data required,C-E02; C-DCF; model-selection-register.csv,Physical/financial identities implemented; fitted country demand/supply layers unavailable.,Physical/financial identities implemented; fitted country demand/supply layers unavailable.,Named owner in evidence/monitoring register; author for presentation implementation,Manual requirement review plus executable checks; section-level status conservatively inherited by its instruction blocks
R41.005,41,"Demand, supply, and financial layers of the proposed model",702,"**Finance layer:** delivered sales, net price, costs, taxes, capital, working capital, liquidity, currency, and cash.",Conditional / data required,C-E02; C-DCF; model-selection-register.csv,Physical/financial identities implemented; fitted country demand/supply layers unavailable.,Physical/financial identities implemented; fitted country demand/supply layers unavailable.,Named owner in evidence/monitoring register; author for presentation implementation,Manual requirement review plus executable checks; section-level status conservatively inherited by its instruction blocks
R41.006,41,"Demand, supply, and financial layers of the proposed model",704,"**Learning layer:** new observations change parameter beliefs, uncertainty, and subsequent actions.",Conditional / data required,C-E02; C-DCF; model-selection-register.csv,Physical/financial identities implemented; fitted country demand/supply layers unavailable.,Physical/financial identities implemented; fitted country demand/supply layers unavailable.,Named owner in evidence/monitoring register; author for presentation implementation,Manual requirement review plus executable checks; section-level status conservatively inherited by its instruction blocks
R41.007,41,"Demand, supply, and financial layers of the proposed model",706,"**Portfolio layer:** common exposures, network capacity, capital constraints, risk appetite, and adaptive allocation.",Conditional / data required,C-E02; C-DCF; model-selection-register.csv,Physical/financial identities implemented; fitted country demand/supply layers unavailable.,Physical/financial identities implemented; fitted country demand/supply layers unavailable.,Named owner in evidence/monitoring register; author for presentation implementation,Manual requirement review plus executable checks; section-level status conservatively inherited by its instruction blocks
R41.008,41,"Demand, supply, and financial layers of the proposed model",708,"A first approximation to delivered volume may be `min(attainable_demand, feasible_delivered_supply)`, but the production model should solve network and allocation constraints rather than ignoring product/customer priorities.",Conditional / data required,C-E02; C-DCF; model-selection-register.csv,Physical/financial identities implemented; fitted country demand/supply layers unavailable.,Physical/financial identities implemented; fitted country demand/supply layers unavailable.,Named owner in evidence/monitoring register; author for presentation implementation,Manual requirement review plus executable checks; section-level status conservatively inherited by its instruction blocks
R41.009,41,"Demand, supply, and financial layers of the proposed model",710,"Marketing affects customer behaviour and information; logistics affects realised availability; procurement affects price, supply, and risk; finance affects capacity to commit cash. Model interactions explicitly when justified. Do not let marketing claim all growth produced by other functions.",Conditional / data required,C-E02; C-DCF; model-selection-register.csv,Physical/financial identities implemented; fitted country demand/supply layers unavailable.,Physical/financial identities implemented; fitted country demand/supply layers unavailable.,Named owner in evidence/monitoring register; author for presentation implementation,Manual requirement review plus executable checks; section-level status conservatively inherited by its instruction blocks
R41.010,41,"Demand, supply, and financial layers of the proposed model",712,"Show which inputs are measured, estimated, assumed, or optimised. A parameter that looks precise because software requires a numeric value remains an assumption unless evidence supports it.",Conditional / data required,C-E02; C-DCF; model-selection-register.csv,Physical/financial identities implemented; fitted country demand/supply layers unavailable.,Physical/financial identities implemented; fitted country demand/supply layers unavailable.,Named owner in evidence/monitoring register; author for presentation implementation,Manual requirement review plus executable checks; section-level status conservatively inherited by its instruction blocks
R42.001,42,Two potentially distinctive insights to investigate,716,"Develop and test these hypotheses. They are **research propositions**, not pre-established discoveries:",Conditional / data required,C-EVSI; C-CAPACITY-MARKETING; hypothesis-register.csv,Mechanism counterexamples executed; distinctive empirical insights unvalidated on Olam cases.,Mechanism counterexamples executed; distinctive empirical insights unvalidated on Olam cases.,Named owner in evidence/monitoring register; author for presentation implementation,Manual requirement review plus executable checks; section-level status conservatively inherited by its instruction blocks
R42.002,42,Two potentially distinctive insights to investigate,718,"**Hypothesis A — information-adjusted expansion:** A market with moderate standalone demand may be more valuable than a larger market if a low-cost pilot produces evidence transferable to many other feasible markets, or reveals a common demand or route mechanism that changes portfolio allocation.",Conditional / data required,C-EVSI; C-CAPACITY-MARKETING; hypothesis-register.csv,Mechanism counterexamples executed; distinctive empirical insights unvalidated on Olam cases.,Mechanism counterexamples executed; distinctive empirical insights unvalidated on Olam cases.,Named owner in evidence/monitoring register; author for presentation implementation,Manual requirement review plus executable checks; section-level status conservatively inherited by its instruction blocks
R42.003,42,Two potentially distinctive insights to investigate,720,"Measure transferability from data and domain similarity; do not assume it. Compute net value of sample information as the improvement in optimal decisions after evidence, less research and delay costs. Do not add this value to a full adaptive model if the same learning benefit is already included.",Conditional / data required,C-EVSI; C-CAPACITY-MARKETING; hypothesis-register.csv,Mechanism counterexamples executed; distinctive empirical insights unvalidated on Olam cases.,Mechanism counterexamples executed; distinctive empirical insights unvalidated on Olam cases.,Named owner in evidence/monitoring register; author for presentation implementation,Manual requirement review plus executable checks; section-level status conservatively inherited by its instruction blocks
R42.004,42,Two potentially distinctive insights to investigate,722,"**Hypothesis B — resilience-adjusted marginal marketing value:** The next unit of marketing budget can have low or negative value in a high-demand market when availability, financing, or pass-through constrains delivery. Conversely, improving customer economics or supply reliability may increase the later marginal return to demand generation.",Conditional / data required,C-EVSI; C-CAPACITY-MARKETING; hypothesis-register.csv,Mechanism counterexamples executed; distinctive empirical insights unvalidated on Olam cases.,Mechanism counterexamples executed; distinctive empirical insights unvalidated on Olam cases.,Named owner in evidence/monitoring register; author for presentation implementation,Manual requirement review plus executable checks; section-level status conservatively inherited by its instruction blocks
R42.005,42,Two potentially distinctive insights to investigate,724,Test interactions between commercial interventions and service capacity using data or a controlled pilot. Derive switching conditions from the operational cash model. An interaction term in an observational regression alone does not prove that changing the interacting variables will cause the predicted improvement.,Conditional / data required,C-EVSI; C-CAPACITY-MARKETING; hypothesis-register.csv,Mechanism counterexamples executed; distinctive empirical insights unvalidated on Olam cases.,Mechanism counterexamples executed; distinctive empirical insights unvalidated on Olam cases.,Named owner in evidence/monitoring register; author for presentation implementation,Manual requirement review plus executable checks; section-level status conservatively inherited by its instruction blocks
R42.006,42,Two potentially distinctive insights to investigate,726,"Investigate whether the combination supports a useful decision rule: **invest first in the constraint or evidence whose removal changes the next best allocation the most**. Demonstrate when it works, when it fails, and whether the idea is already represented in operations research, value-of-information, development economics, marketing allocation, or real-options literature.",Conditional / data required,C-EVSI; C-CAPACITY-MARKETING; hypothesis-register.csv,Mechanism counterexamples executed; distinctive empirical insights unvalidated on Olam cases.,Mechanism counterexamples executed; distinctive empirical insights unvalidated on Olam cases.,Named owner in evidence/monitoring register; author for presentation implementation,Manual requirement review plus executable checks; section-level status conservatively inherited by its instruction blocks
R42.007,42,Two potentially distinctive insights to investigate,728,"The desired fundamental outcome is an insight that changes decisions and survives challenge. If the literature already contains the principle, credit it and make the contribution an Olam-specific operationalisation. Do not force a claim of worldwide discovery.",Conditional / data required,C-EVSI; C-CAPACITY-MARKETING; hypothesis-register.csv,Mechanism counterexamples executed; distinctive empirical insights unvalidated on Olam cases.,Mechanism counterexamples executed; distinctive empirical insights unvalidated on Olam cases.,Named owner in evidence/monitoring register; author for presentation implementation,Manual requirement review plus executable checks; section-level status conservatively inherited by its instruction blocks
R43.001,43,Value of information and the cost of learning,732,"Calculate, when feasible:",Conditional / data required,C-EVSI; Information_Value; evidence-request-queue.csv,Chosen EVSI/accuracy sensitivity executed; actual research quote/delay and uncertainty needed.,Chosen EVSI/accuracy sensitivity executed; actual research quote/delay and uncertainty needed.,Named owner in evidence/monitoring register; author for presentation implementation,Manual requirement review plus executable checks; section-level status conservatively inherited by its instruction blocks
R43.002,43,Value of information and the cost of learning,734,"`EVSI = E_y[max_a E(V(a,θ) | y)] − max_a E(V(a,θ))`,",Conditional / data required,C-EVSI; Information_Value; evidence-request-queue.csv,Chosen EVSI/accuracy sensitivity executed; actual research quote/delay and uncertainty needed.,Chosen EVSI/accuracy sensitivity executed; actual research quote/delay and uncertainty needed.,Named owner in evidence/monitoring register; author for presentation implementation,Manual requirement review plus executable checks; section-level status conservatively inherited by its instruction blocks
R43.003,43,Value of information and the cost of learning,736,where `θ` represents unknown business parameters and `y` a possible study result. Net EVSI subtracts research cost and the economic cost of delay or implementation.,Conditional / data required,C-EVSI; Information_Value; evidence-request-queue.csv,Chosen EVSI/accuracy sensitivity executed; actual research quote/delay and uncertainty needed.,Chosen EVSI/accuracy sensitivity executed; actual research quote/delay and uncertainty needed.,Named owner in evidence/monitoring register; author for presentation implementation,Manual requirement review plus executable checks; section-level status conservatively inherited by its instruction blocks
R43.004,43,Value of information and the cost of learning,738,Explain why a study is useful only if its plausible results could change an action. A more precise estimate of an irrelevant parameter does not necessarily improve the business decision.,Conditional / data required,C-EVSI; Information_Value; evidence-request-queue.csv,Chosen EVSI/accuracy sensitivity executed; actual research quote/delay and uncertainty needed.,Chosen EVSI/accuracy sensitivity executed; actual research quote/delay and uncertainty needed.,Named owner in evidence/monitoring register; author for presentation implementation,Manual requirement review plus executable checks; section-level status conservatively inherited by its instruction blocks
R43.005,43,Value of information and the cost of learning,740,"Compare research options: customer interviews, price/pack experiments, route availability tests, contract pilot, technical-service trial, supplier trial, or climate exposure study. Identify which uncertainty each resolves and whether it transfers to other markets.",Conditional / data required,C-EVSI; Information_Value; evidence-request-queue.csv,Chosen EVSI/accuracy sensitivity executed; actual research quote/delay and uncertainty needed.,Chosen EVSI/accuracy sensitivity executed; actual research quote/delay and uncertainty needed.,Named owner in evidence/monitoring register; author for presentation implementation,Manual requirement review plus executable checks; section-level status conservatively inherited by its instruction blocks
R43.006,43,Value of information and the cost of learning,742,"Evaluate sample size, speed, cost, and minimum economically meaningful effect. Stop collecting evidence when expected decision improvement is lower than the next unit of research cost, subject to required due diligence and governance.",Conditional / data required,C-EVSI; Information_Value; evidence-request-queue.csv,Chosen EVSI/accuracy sensitivity executed; actual research quote/delay and uncertainty needed.,Chosen EVSI/accuracy sensitivity executed; actual research quote/delay and uncertainty needed.,Named owner in evidence/monitoring register; author for presentation implementation,Manual requirement review plus executable checks; section-level status conservatively inherited by its instruction blocks
R43.007,43,Value of information and the cost of learning,744,"Use Bayesian updating if the prior, likelihood, and observations can be responsibly specified. Show sensitivity to prior strength and transferable evidence. Do not present a subjective prior as a measured frequency.",Conditional / data required,C-EVSI; Information_Value; evidence-request-queue.csv,Chosen EVSI/accuracy sensitivity executed; actual research quote/delay and uncertainty needed.,Chosen EVSI/accuracy sensitivity executed; actual research quote/delay and uncertainty needed.,Named owner in evidence/monitoring register; author for presentation implementation,Manual requirement review plus executable checks; section-level status conservatively inherited by its instruction blocks
R44.001,44,Proving that the proposed model is useful,748,Benchmark the proposed decision system against: equal allocation; market-size ranking; simple NPV ranking; the existing Nigeria screening case; a standard country-score approach; and a feasible current-management policy where supplied.,Conditional / data required,policy-benchmarks.csv; model-ablations.csv; prior-art-and-originality.md,Common-payoff benchmarks/ablations executed; actual management/country-score policy data missing.,Common-payoff benchmarks/ablations executed; actual management/country-score policy data missing.,Named owner in evidence/monitoring register; author for presentation implementation,Manual requirement review plus executable checks; section-level status conservatively inherited by its instruction blocks
R44.002,44,Proving that the proposed model is useful,750,"Use historical decision replays and prospective pilots. Evaluate held-out cash, forecast accuracy, liquidity stress, regret, execution feasibility, evidence cost, and resilience. Make comparisons under identical information, budgets, and constraints.",Conditional / data required,policy-benchmarks.csv; model-ablations.csv; prior-art-and-originality.md,Common-payoff benchmarks/ablations executed; actual management/country-score policy data missing.,Common-payoff benchmarks/ablations executed; actual management/country-score policy data missing.,Named owner in evidence/monitoring register; author for presentation implementation,Manual requirement review plus executable checks; section-level status conservatively inherited by its instruction blocks
R44.003,44,Proving that the proposed model is useful,752,"Conduct ablation tests: remove dependency modelling, customer economics, working capital, adaptive learning, portfolio constraints, and climate mechanisms one at a time. Determine whether each component changes decisions and improves outcomes.",Conditional / data required,policy-benchmarks.csv; model-ablations.csv; prior-art-and-originality.md,Common-payoff benchmarks/ablations executed; actual management/country-score policy data missing.,Common-payoff benchmarks/ablations executed; actual management/country-score policy data missing.,Named owner in evidence/monitoring register; author for presentation implementation,Manual requirement review plus executable checks; section-level status conservatively inherited by its instruction blocks
R44.004,44,Proving that the proposed model is useful,754,"Do not confuse a simulated improvement under the model's own assumptions with independent empirical proof. Label simulation evidence, backtest evidence, and prospective causal evidence separately.",Conditional / data required,policy-benchmarks.csv; model-ablations.csv; prior-art-and-originality.md,Common-payoff benchmarks/ablations executed; actual management/country-score policy data missing.,Common-payoff benchmarks/ablations executed; actual management/country-score policy data missing.,Named owner in evidence/monitoring register; author for presentation implementation,Manual requirement review plus executable checks; section-level status conservatively inherited by its instruction blocks
R44.005,44,Proving that the proposed model is useful,756,"Show a deliberately simple worked example with a small number of markets, products, scenarios, and decisions. Trace inputs to recommendation and demonstrate a counterexample where the proposed framework chooses differently from raw market size. Then show what data would be needed to scale it responsibly.",Conditional / data required,policy-benchmarks.csv; model-ablations.csv; prior-art-and-originality.md,Common-payoff benchmarks/ablations executed; actual management/country-score policy data missing.,Common-payoff benchmarks/ablations executed; actual management/country-score policy data missing.,Named owner in evidence/monitoring register; author for presentation implementation,Manual requirement review plus executable checks; section-level status conservatively inherited by its instruction blocks
R45.001,45,Originality review and the limits of a novelty claim,760,"Conduct a documented literature and prior-art review across agricultural economics, robust portfolio optimisation, stochastic programming, Bayesian experimental design, real options, marketing resource allocation, supply-chain digital twins, and climate-finance modelling.",Conditional / data required,prior-art-search-log.csv; prior-art-and-originality.md,Bounded primary-source search documented; exhaustive novelty/patent/commercial review unavailable.,Bounded primary-source search documented; exhaustive novelty/patent/commercial review unavailable.,Named owner in evidence/monitoring register; author for presentation implementation,Manual requirement review plus executable checks; section-level status conservatively inherited by its instruction blocks
R45.002,45,Originality review and the limits of a novelty claim,762,"Record search terms, databases, dates, relevant papers, exact methods, overlaps, differences, and unresolved comparisons. Prioritise original papers and primary documentation. Include working papers and practitioner systems where discoverable; peer-reviewed literature alone does not prove an idea has never been used.",Conditional / data required,prior-art-search-log.csv; prior-art-and-originality.md,Bounded primary-source search documented; exhaustive novelty/patent/commercial review unavailable.,Bounded primary-source search documented; exhaustive novelty/patent/commercial review unavailable.,Named owner in evidence/monitoring register; author for presentation implementation,Manual requirement review plus executable checks; section-level status conservatively inherited by its instruction blocks
R45.003,45,Originality review and the limits of a novelty claim,764,"Classify the proposed contribution as an application, integration, extension, decision rule, empirical finding, or mathematical theorem. Do not call it a theorem unless assumptions and a valid proof are supplied. Do not call it a discovery unless the evidence supports that claim.",Conditional / data required,prior-art-search-log.csv; prior-art-and-originality.md,Bounded primary-source search documented; exhaustive novelty/patent/commercial review unavailable.,Bounded primary-source search documented; exhaustive novelty/patent/commercial review unavailable.,Named owner in evidence/monitoring register; author for presentation implementation,Manual requirement review plus executable checks; section-level status conservatively inherited by its instruction blocks
R45.004,45,Originality review and the limits of a novelty claim,766,"Use language such as `a proposed business-specific synthesis` or `a potentially distinctive integration within the reviewed literature`. A search can identify related work but cannot establish that no mathematician, economist, statistician, scientist, agronomist, or marketer anywhere has considered an idea.",Conditional / data required,prior-art-search-log.csv; prior-art-and-originality.md,Bounded primary-source search documented; exhaustive novelty/patent/commercial review unavailable.,Bounded primary-source search documented; exhaustive novelty/patent/commercial review unavailable.,Named owner in evidence/monitoring register; author for presentation implementation,Manual requirement review plus executable checks; section-level status conservatively inherited by its instruction blocks
R45.005,45,Originality review and the limits of a novelty claim,768,"If genuinely new mathematical results emerge, isolate them, specify assumptions, provide proof or numerical evidence as appropriate, disclose the literature scope, and seek independent expert review. Do not let the aspiration for novelty weaken the defensibility of the CEO presentation.",Conditional / data required,prior-art-search-log.csv; prior-art-and-originality.md,Bounded primary-source search documented; exhaustive novelty/patent/commercial review unavailable.,Bounded primary-source search documented; exhaustive novelty/patent/commercial review unavailable.,Named owner in evidence/monitoring register; author for presentation implementation,Manual requirement review plus executable checks; section-level status conservatively inherited by its instruction blocks
R46.001,46,"My contribution: credible, specific, and measurable",772,"Position Manash Protim Deori as a candidate who can build and operate the commercial intelligence, analytical, experimentation, and marketing layer supporting better expansion decisions. Do not portray me as already possessing decades of agribusiness leadership, specialised treasury authority, or proven global category-management experience.",Verified scope / implementation,contribution; pilot-charter.md; BASELINE,Implementation/evidence present at referenced artifact; verify substantive limits rather than treating populated fields as business proof.,"Retain regression, source and artifact checks on refresh.",Named owner in evidence/monitoring register; author for presentation implementation,Manual requirement review plus executable checks; section-level status conservatively inherited by its instruction blocks
R46.002,46,"My contribution: credible, specific, and measurable",774,"Read the current portfolio and resume evidence. The inspected resume lists an MBA from IIM Shillong, a chemical-engineering background, marketing and strategy work, campaign analytics, budget allocation, and a Meghalaya public-distribution supply-chain project. Treat these as portfolio-listed credentials and experience; do not imply independent employer verification unless supporting evidence is actually supplied.",Verified scope / implementation,contribution; pilot-charter.md; BASELINE,Implementation/evidence present at referenced artifact; verify substantive limits rather than treating populated fields as business proof.,"Retain regression, source and artifact checks on refresh.",Named owner in evidence/monitoring register; author for presentation implementation,Manual requirement review plus executable checks; section-level status conservatively inherited by its instruction blocks
R46.003,46,"My contribution: credible, specific, and measurable",776,"The inspected portfolio lists responsibility for a ₹20M marketing budget and a CPM change from ₹35.8 to ₹15.5. The arithmetic reduction is `(35.8−15.5)/35.8 ×100 ≈56.7%`, commonly rounded to 57%. Distinguish this past campaign metric from profitability, sales lift, an Olam result, or a forecast of future business performance.",Verified scope / implementation,contribution; pilot-charter.md; BASELINE,Implementation/evidence present at referenced artifact; verify substantive limits rather than treating populated fields as business proof.,"Retain regression, source and artifact checks on refresh.",Named owner in evidence/monitoring register; author for presentation implementation,Manual requirement review plus executable checks; section-level status conservatively inherited by its instruction blocks
R46.004,46,"My contribution: credible, specific, and measurable",778,"The listed Meghalaya project includes supply-chain simulation, warehouse/distribution analysis, sensitivity and break-even work, and government-record analysis. Use the project to support a relevant analytical capability, with accurate source wording and without inventing implemented savings or outcomes.",Verified scope / implementation,contribution; pilot-charter.md; BASELINE,Implementation/evidence present at referenced artifact; verify substantive limits rather than treating populated fields as business proof.,"Retain regression, source and artifact checks on refresh.",Named owner in evidence/monitoring register; author for presentation implementation,Manual requirement review plus executable checks; section-level status conservatively inherited by its instruction blocks
R46.005,46,"My contribution: credible, specific, and measurable",780,Translate my background into an operating offer:,Verified scope / implementation,contribution; pilot-charter.md; BASELINE,Implementation/evidence present at referenced artifact; verify substantive limits rather than treating populated fields as business proof.,"Retain regression, source and artifact checks on refresh.",Named owner in evidence/monitoring register; author for presentation implementation,Manual requirement review plus executable checks; section-level status conservatively inherited by its instruction blocks
R46.006,46,"My contribution: credible, specific, and measurable",782,- Build a country-category evidence register and signal-monitoring process.,Verified scope / implementation,contribution; pilot-charter.md; BASELINE,Implementation/evidence present at referenced artifact; verify substantive limits rather than treating populated fields as business proof.,"Retain regression, source and artifact checks on refresh.",Named owner in evidence/monitoring register; author for presentation implementation,Manual requirement review plus executable checks; section-level status conservatively inherited by its instruction blocks
R46.007,46,"My contribution: credible, specific, and measurable",783,"- Connect demand signals to price, pack, route, customer, and economic explanations.",Verified scope / implementation,contribution; pilot-charter.md; BASELINE,Implementation/evidence present at referenced artifact; verify substantive limits rather than treating populated fields as business proof.,"Retain regression, source and artifact checks on refresh.",Named owner in evidence/monitoring register; author for presentation implementation,Manual requirement review plus executable checks; section-level status conservatively inherited by its instruction blocks
R46.008,46,"My contribution: credible, specific, and measurable",784,"- Design practical tests of customer value, availability, repeat, and promotion.",Verified scope / implementation,contribution; pilot-charter.md; BASELINE,Implementation/evidence present at referenced artifact; verify substantive limits rather than treating populated fields as business proof.,"Retain regression, source and artifact checks on refresh.",Named owner in evidence/monitoring register; author for presentation implementation,Manual requirement review plus executable checks; section-level status conservatively inherited by its instruction blocks
R46.009,46,"My contribution: credible, specific, and measurable",785,- Maintain a transparent model with Finance and Treasury validation.,Verified scope / implementation,contribution; pilot-charter.md; BASELINE,Implementation/evidence present at referenced artifact; verify substantive limits rather than treating populated fields as business proof.,"Retain regression, source and artifact checks on refresh.",Named owner in evidence/monitoring register; author for presentation implementation,Manual requirement review plus executable checks; section-level status conservatively inherited by its instruction blocks
R46.010,46,"My contribution: credible, specific, and measurable",786,- Explain uncertainty and switching thresholds in executive language.,Verified scope / implementation,contribution; pilot-charter.md; BASELINE,Implementation/evidence present at referenced artifact; verify substantive limits rather than treating populated fields as business proof.,"Retain regression, source and artifact checks on refresh.",Named owner in evidence/monitoring register; author for presentation implementation,Manual requirement review plus executable checks; section-level status conservatively inherited by its instruction blocks
R46.011,46,"My contribution: credible, specific, and measurable",787,- Create a feedback loop from field evidence to marketing and expansion decisions.,Verified scope / implementation,contribution; pilot-charter.md; BASELINE,Implementation/evidence present at referenced artifact; verify substantive limits rather than treating populated fields as business proof.,"Retain regression, source and artifact checks on refresh.",Named owner in evidence/monitoring register; author for presentation implementation,Manual requirement review plus executable checks; section-level status conservatively inherited by its instruction blocks
R46.012,46,"My contribution: credible, specific, and measurable",788,"- Document what should stop, change, or scale.",Verified scope / implementation,contribution; pilot-charter.md; BASELINE,Implementation/evidence present at referenced artifact; verify substantive limits rather than treating populated fields as business proof.,"Retain regression, source and artifact checks on refresh.",Named owner in evidence/monitoring register; author for presentation implementation,Manual requirement review plus executable checks; section-level status conservatively inherited by its instruction blocks
R46.013,46,"My contribution: credible, specific, and measurable",790,"Specify what I would own, influence, or support. Treasury should own hedging and discount-rate policy; Finance should validate P&L and cash; category teams should own product expertise; procurement and supply chain should own execution; legal should determine legal feasibility. My contribution should connect and clarify their decisions, not substitute for their authority.",Verified scope / implementation,contribution; pilot-charter.md; BASELINE,Implementation/evidence present at referenced artifact; verify substantive limits rather than treating populated fields as business proof.,"Retain regression, source and artifact checks on refresh.",Named owner in evidence/monitoring register; author for presentation implementation,Manual requirement review plus executable checks; section-level status conservatively inherited by its instruction blocks
R46.014,46,"My contribution: credible, specific, and measurable",792,Show a realistic first assignment and how success would be measured. Avoid promising quantified savings or expansion returns before the baseline and causal evidence exist.,Verified scope / implementation,contribution; pilot-charter.md; BASELINE,Implementation/evidence present at referenced artifact; verify substantive limits rather than treating populated fields as business proof.,"Retain regression, source and artifact checks on refresh.",Named owner in evidence/monitoring register; author for presentation implementation,Manual requirement review plus executable checks; section-level status conservatively inherited by its instruction blocks
R47.001,47,A concrete 90-day proof plan,796,"Design a 90-day initial pilot grounded in the existing Nigeria semolina and edible-oil thesis, unless current evidence suggests a better learning market. Explain why this starting point offers available data, meaningful decisions, manageable execution, and potential transferability.",Conditional / data required,pilot-charter.md; priority-commercial-plans.md,"90-day plan specified; actual approved budget, access and baseline-derived power not supplied.","90-day plan specified; actual approved budget, access and baseline-derived power not supplied.",Named owner in evidence/monitoring register; author for presentation implementation,Manual requirement review plus executable checks; section-level status conservatively inherited by its instruction blocks
R47.002,47,A concrete 90-day proof plan,798,"Use the following sequence, adapting timing to actual field conditions:",Conditional / data required,pilot-charter.md; priority-commercial-plans.md,"90-day plan specified; actual approved budget, access and baseline-derived power not supplied.","90-day plan specified; actual approved budget, access and baseline-derived power not supplied.",Named owner in evidence/monitoring register; author for presentation implementation,Manual requirement review plus executable checks; section-level status conservatively inherited by its instruction blocks
R47.003,47,A concrete 90-day proof plan,800,| Phase | Work | Reviewable evidence | Decision |,Conditional / data required,pilot-charter.md; priority-commercial-plans.md,"90-day plan specified; actual approved budget, access and baseline-derived power not supplied.","90-day plan specified; actual approved budget, access and baseline-derived power not supplied.",Named owner in evidence/monitoring register; author for presentation implementation,Manual requirement review plus executable checks; section-level status conservatively inherited by its instruction blocks
R47.004,47,A concrete 90-day proof plan,801,|---|---|---|---|,Conditional / data required,pilot-charter.md; priority-commercial-plans.md,"90-day plan specified; actual approved budget, access and baseline-derived power not supplied.","90-day plan specified; actual approved budget, access and baseline-derived power not supplied.",Named owner in evidence/monitoring register; author for presentation implementation,Manual requirement review plus executable checks; section-level status conservatively inherited by its instruction blocks
R47.005,47,A concrete 90-day proof plan,802,"| Days 1–15 | Establish perimeter, data access, metric definitions, source ledger, baseline | Reconciled data dictionary and economic baseline | Is a credible pilot measurable? |",Conditional / data required,pilot-charter.md; priority-commercial-plans.md,"90-day plan specified; actual approved budget, access and baseline-derived power not supplied.","90-day plan specified; actual approved budget, access and baseline-derived power not supplied.",Named owner in evidence/monitoring register; author for presentation implementation,Manual requirement review plus executable checks; section-level status conservatively inherited by its instruction blocks
R47.006,47,A concrete 90-day proof plan,803,"| Days 16–30 | Identify binding constraints and competing explanations | Customer/route diagnosis, test design, sample and power justification | Which intervention and control are feasible? |",Conditional / data required,pilot-charter.md; priority-commercial-plans.md,"90-day plan specified; actual approved budget, access and baseline-derived power not supplied.","90-day plan specified; actual approved budget, access and baseline-derived power not supplied.",Named owner in evidence/monitoring register; author for presentation implementation,Manual requirement review plus executable checks; section-level status conservatively inherited by its instruction blocks
R47.007,47,A concrete 90-day proof plan,804,"| Days 31–60 | Execute controlled price/pack, service, or availability tests | Treatment delivery, sell-through, customer economics, repeat, contribution | Does the mechanism improve incremental business value? |",Conditional / data required,pilot-charter.md; priority-commercial-plans.md,"90-day plan specified; actual approved budget, access and baseline-derived power not supplied.","90-day plan specified; actual approved budget, access and baseline-derived power not supplied.",Named owner in evidence/monitoring register; author for presentation implementation,Manual requirement review plus executable checks; section-level status conservatively inherited by its instruction blocks
R47.008,47,A concrete 90-day proof plan,805,"| Days 61–75 | Reconcile cash, risks, and transferability | Finance-approved incremental model and sensitivity | Should the intervention stop, change, or scale? |",Conditional / data required,pilot-charter.md; priority-commercial-plans.md,"90-day plan specified; actual approved budget, access and baseline-derived power not supplied.","90-day plan specified; actual approved budget, access and baseline-derived power not supplied.",Named owner in evidence/monitoring register; author for presentation implementation,Manual requirement review plus executable checks; section-level status conservatively inherited by its instruction blocks
R47.009,47,A concrete 90-day proof plan,806,"| Days 76–90 | Recommend next capital/evidence commitment and codify learning | Decision memo, dashboard, audited appendix, next-market test | What is the smallest justified next step? |",Conditional / data required,pilot-charter.md; priority-commercial-plans.md,"90-day plan specified; actual approved budget, access and baseline-derived power not supplied.","90-day plan specified; actual approved budget, access and baseline-derived power not supplied.",Named owner in evidence/monitoring register; author for presentation implementation,Manual requirement review plus executable checks; section-level status conservatively inherited by its instruction blocks
R47.010,47,A concrete 90-day proof plan,808,"Specify actual sample size from baseline variation, clustering, minimum useful effect, and acceptable error; do not write an arbitrary number of stores or customers to look scientific. Include spillovers, seasonality, intervention compliance, and rollout feasibility.",Conditional / data required,pilot-charter.md; priority-commercial-plans.md,"90-day plan specified; actual approved budget, access and baseline-derived power not supplied.","90-day plan specified; actual approved budget, access and baseline-derived power not supplied.",Named owner in evidence/monitoring register; author for presentation implementation,Manual requirement review plus executable checks; section-level status conservatively inherited by its instruction blocks
R47.011,47,A concrete 90-day proof plan,810,Separate pilot success from national-scale proof. A positive 90-day result may justify another test or controlled rollout; it does not automatically validate a 25-year country strategy.,Conditional / data required,pilot-charter.md; priority-commercial-plans.md,"90-day plan specified; actual approved budget, access and baseline-derived power not supplied.","90-day plan specified; actual approved budget, access and baseline-derived power not supplied.",Named owner in evidence/monitoring register; author for presentation implementation,Manual requirement review plus executable checks; section-level status conservatively inherited by its instruction blocks
R47.012,47,A concrete 90-day proof plan,812,"Set stop rules for data integrity failure, negative incremental contribution, unacceptable cash strain, customer harm, missing availability, illegal claims, or uncontrolled treatment spillover. Define success thresholds before observing results and disclose any changes.",Conditional / data required,pilot-charter.md; priority-commercial-plans.md,"90-day plan specified; actual approved budget, access and baseline-derived power not supplied.","90-day plan specified; actual approved budget, access and baseline-derived power not supplied.",Named owner in evidence/monitoring register; author for presentation implementation,Manual requirement review plus executable checks; section-level status conservatively inherited by its instruction blocks
R48.001,48,Global country dossiers and mandatory dispositions,816,"Create a structured dossier for every country in the coverage universe. Each dossier must be generated from the same evidence and model spine, so that the executive ranking, workbook, and country narrative cannot contradict one another.",Conditional / data required,country-register.csv; country atlas; priority-product-plans.csv,All195 dossiers complete as threshold scaffold; asset/legal/cost/competitor evidence open.,All195 dossiers complete as threshold scaffold; asset/legal/cost/competitor evidence open.,Named owner in evidence/monitoring register; author for presentation implementation,Manual requirement review plus executable checks; section-level status conservatively inherited by its instruction blocks
R48.002,48,Global country dossiers and mandatory dispositions,818,Include:,Conditional / data required,country-register.csv; country atlas; priority-product-plans.csv,All195 dossiers complete as threshold scaffold; asset/legal/cost/competitor evidence open.,All195 dossiers complete as threshold scaffold; asset/legal/cost/competitor evidence open.,Named owner in evidence/monitoring register; author for presentation implementation,Manual requirement review plus executable checks; section-level status conservatively inherited by its instruction blocks
R48.003,48,Global country dossiers and mandatory dispositions,820,"1. Country identifiers, region, research date, and data quality.",Conditional / data required,country-register.csv; country atlas; priority-product-plans.csv,All195 dossiers complete as threshold scaffold; asset/legal/cost/competitor evidence open.,All195 dossiers complete as threshold scaffold; asset/legal/cost/competitor evidence open.,Named owner in evidence/monitoring register; author for presentation implementation,Manual requirement review plus executable checks; section-level status conservatively inherited by its instruction blocks
R48.004,48,Global country dossiers and mandatory dispositions,821,"2. Current verified Olam Agri presence, assets, products, or trade links.",Conditional / data required,country-register.csv; country atlas; priority-product-plans.csv,All195 dossiers complete as threshold scaffold; asset/legal/cost/competitor evidence open.,All195 dossiers complete as threshold scaffold; asset/legal/cost/competitor evidence open.,Named owner in evidence/monitoring register; author for presentation implementation,Manual requirement review plus executable checks; section-level status conservatively inherited by its instruction blocks
R48.005,48,Global country dossiers and mandatory dispositions,822,3. Relevant food/feed/fibre demand and population-income trajectory.,Conditional / data required,country-register.csv; country atlas; priority-product-plans.csv,All195 dossiers complete as threshold scaffold; asset/legal/cost/competitor evidence open.,All195 dossiers complete as threshold scaffold; asset/legal/cost/competitor evidence open.,Named owner in evidence/monitoring register; author for presentation implementation,Manual requirement review plus executable checks; section-level status conservatively inherited by its instruction blocks
R48.006,48,Global country dossiers and mandatory dispositions,823,4. Priority customer segments and specific unmet needs.,Conditional / data required,country-register.csv; country atlas; priority-product-plans.csv,All195 dossiers complete as threshold scaffold; asset/legal/cost/competitor evidence open.,All195 dossiers complete as threshold scaffold; asset/legal/cost/competitor evidence open.,Named owner in evidence/monitoring register; author for presentation implementation,Manual requirement review plus executable checks; section-level status conservatively inherited by its instruction blocks
R48.007,48,Global country dossiers and mandatory dispositions,824,"5. Relevant domestic supply, imports, exports, and competitor context.",Conditional / data required,country-register.csv; country atlas; priority-product-plans.csv,All195 dossiers complete as threshold scaffold; asset/legal/cost/competitor evidence open.,All195 dossiers complete as threshold scaffold; asset/legal/cost/competitor evidence open.,Named owner in evidence/monitoring register; author for presentation implementation,Manual requirement review plus executable checks; section-level status conservatively inherited by its instruction blocks
R48.008,48,Global country dossiers and mandatory dispositions,825,6. Accessible products and feasible entry modes.,Conditional / data required,country-register.csv; country atlas; priority-product-plans.csv,All195 dossiers complete as threshold scaffold; asset/legal/cost/competitor evidence open.,All195 dossiers complete as threshold scaffold; asset/legal/cost/competitor evidence open.,Named owner in evidence/monitoring register; author for presentation implementation,Manual requirement review plus executable checks; section-level status conservatively inherited by its instruction blocks
R48.009,48,Global country dossiers and mandatory dispositions,826,7. Key policy and product-specific trade constraints.,Conditional / data required,country-register.csv; country atlas; priority-product-plans.csv,All195 dossiers complete as threshold scaffold; asset/legal/cost/competitor evidence open.,All195 dossiers complete as threshold scaffold; asset/legal/cost/competitor evidence open.,Named owner in evidence/monitoring register; author for presentation implementation,Manual requirement review plus executable checks; section-level status conservatively inherited by its instruction blocks
R48.010,48,Global country dossiers and mandatory dispositions,827,"8. Climate and disaster exposure by actual basin, asset, or corridor.",Conditional / data required,country-register.csv; country atlas; priority-product-plans.csv,All195 dossiers complete as threshold scaffold; asset/legal/cost/competitor evidence open.,All195 dossiers complete as threshold scaffold; asset/legal/cost/competitor evidence open.,Named owner in evidence/monitoring register; author for presentation implementation,Manual requirement review plus executable checks; section-level status conservatively inherited by its instruction blocks
R48.011,48,Global country dossiers and mandatory dispositions,828,"9. Central, favourable, adverse, and compound-stress economics.",Conditional / data required,country-register.csv; country atlas; priority-product-plans.csv,All195 dossiers complete as threshold scaffold; asset/legal/cost/competitor evidence open.,All195 dossiers complete as threshold scaffold; asset/legal/cost/competitor evidence open.,Named owner in evidence/monitoring register; author for presentation implementation,Manual requirement review plus executable checks; section-level status conservatively inherited by its instruction blocks
R48.012,48,Global country dossiers and mandatory dispositions,829,"10. Margins, volumes, capex, working capital, liquidity, and discounting basis.",Conditional / data required,country-register.csv; country atlas; priority-product-plans.csv,All195 dossiers complete as threshold scaffold; asset/legal/cost/competitor evidence open.,All195 dossiers complete as threshold scaffold; asset/legal/cost/competitor evidence open.,Named owner in evidence/monitoring register; author for presentation implementation,Manual requirement review plus executable checks; section-level status conservatively inherited by its instruction blocks
R48.013,48,Global country dossiers and mandatory dispositions,830,"11. NPV or a provisional break-even/threshold case, with explicit evidence status.",Conditional / data required,country-register.csv; country atlas; priority-product-plans.csv,All195 dossiers complete as threshold scaffold; asset/legal/cost/competitor evidence open.,All195 dossiers complete as threshold scaffold; asset/legal/cost/competitor evidence open.,Named owner in evidence/monitoring register; author for presentation implementation,Manual requirement review plus executable checks; section-level status conservatively inherited by its instruction blocks
R48.014,48,Global country dossiers and mandatory dispositions,831,12. Portfolio contribution and common dependencies.,Conditional / data required,country-register.csv; country atlas; priority-product-plans.csv,All195 dossiers complete as threshold scaffold; asset/legal/cost/competitor evidence open.,All195 dossiers complete as threshold scaffold; asset/legal/cost/competitor evidence open.,Named owner in evidence/monitoring register; author for presentation implementation,Manual requirement review plus executable checks; section-level status conservatively inherited by its instruction blocks
R48.015,48,Global country dossiers and mandatory dispositions,832,13. Proposed marketing and commercial mechanism.,Conditional / data required,country-register.csv; country atlas; priority-product-plans.csv,All195 dossiers complete as threshold scaffold; asset/legal/cost/competitor evidence open.,All195 dossiers complete as threshold scaffold; asset/legal/cost/competitor evidence open.,Named owner in evidence/monitoring register; author for presentation implementation,Manual requirement review plus executable checks; section-level status conservatively inherited by its instruction blocks
R48.016,48,Global country dossiers and mandatory dispositions,833,"14. Recommendation, owner, timing, and evidence gate.",Conditional / data required,country-register.csv; country atlas; priority-product-plans.csv,All195 dossiers complete as threshold scaffold; asset/legal/cost/competitor evidence open.,All195 dossiers complete as threshold scaffold; asset/legal/cost/competitor evidence open.,Named owner in evidence/monitoring register; author for presentation implementation,Manual requirement review plus executable checks; section-level status conservatively inherited by its instruction blocks
R48.017,48,Global country dossiers and mandatory dispositions,834,15. What changes the decision and what would invalidate it.,Conditional / data required,country-register.csv; country atlas; priority-product-plans.csv,All195 dossiers complete as threshold scaffold; asset/legal/cost/competitor evidence open.,All195 dossiers complete as threshold scaffold; asset/legal/cost/competitor evidence open.,Named owner in evidence/monitoring register; author for presentation implementation,Manual requirement review plus executable checks; section-level status conservatively inherited by its instruction blocks
R48.018,48,Global country dossiers and mandatory dispositions,835,16. Pinpoint sources and calculation IDs.,Conditional / data required,country-register.csv; country atlas; priority-product-plans.csv,All195 dossiers complete as threshold scaffold; asset/legal/cost/competitor evidence open.,All195 dossiers complete as threshold scaffold; asset/legal/cost/competitor evidence open.,Named owner in evidence/monitoring register; author for presentation implementation,Manual requirement review plus executable checks; section-level status conservatively inherited by its instruction blocks
R48.019,48,Global country dossiers and mandatory dispositions,836,17. Internal data needed and the cost of resolving the key uncertainty.,Conditional / data required,country-register.csv; country atlas; priority-product-plans.csv,All195 dossiers complete as threshold scaffold; asset/legal/cost/competitor evidence open.,All195 dossiers complete as threshold scaffold; asset/legal/cost/competitor evidence open.,Named owner in evidence/monitoring register; author for presentation implementation,Manual requirement review plus executable checks; section-level status conservatively inherited by its instruction blocks
R48.020,48,Global country dossiers and mandatory dispositions,838,"Include countries with no immediate priority. Their conclusion may be maintain trade-only relationships, monitor, do not enter, or develop a small option. Explain the financial and feasibility logic. If no meaningful Olam product opportunity is identified, say so instead of forcing an invented one.",Conditional / data required,country-register.csv; country atlas; priority-product-plans.csv,All195 dossiers complete as threshold scaffold; asset/legal/cost/competitor evidence open.,All195 dossiers complete as threshold scaffold; asset/legal/cost/competitor evidence open.,Named owner in evidence/monitoring register; author for presentation implementation,Manual requirement review plus executable checks; section-level status conservatively inherited by its instruction blocks
R48.021,48,Global country dossiers and mandatory dispositions,840,"For countries with multiple viable roles, distinguish consumption market, sourcing origin, processing hub, trade hub, logistics connector, and food-security partner. A sourcing-only country can be commercially important without a large domestic consumer market.",Conditional / data required,country-register.csv; country atlas; priority-product-plans.csv,All195 dossiers complete as threshold scaffold; asset/legal/cost/competitor evidence open.,All195 dossiers complete as threshold scaffold; asset/legal/cost/competitor evidence open.,Named owner in evidence/monitoring register; author for presentation implementation,Manual requirement review plus executable checks; section-level status conservatively inherited by its instruction blocks
R49.001,49,"The all-country, all-scenario calculation matrix",844,Build a machine-readable matrix with one row per analytical decision unit and scenario. At minimum include:,Verified scope / implementation,country-scenario-matrix.csv; analysis.json:summary,Implementation/evidence present at referenced artifact; verify substantive limits rather than treating populated fields as business proof.,"Retain regression, source and artifact checks on refresh.",Named owner in evidence/monitoring register; author for presentation implementation,Manual requirement review plus executable checks; section-level status conservatively inherited by its instruction blocks
R49.002,49,"The all-country, all-scenario calculation matrix",846,"`country_id, product_id, customer_segment, entry_mode, corridor_id, scenario_id, horizon_year, current_presence, feasible_flag, evidence_grade, category_demand, attainable_capture, capacity, delivered_volume, net_price, revenue, variable_cost, fixed_cash_cost, EBITDA, depreciation, EBIT, tax, capex, working_capital, delta_working_capital, free_cash_flow, discount_rate, NPV, liquidity_shortfall, carbon_water_metrics_if_applicable, recommendation, decision_gate, source_ids, assumption_ids, calculation_ids`.",Verified scope / implementation,country-scenario-matrix.csv; analysis.json:summary,Implementation/evidence present at referenced artifact; verify substantive limits rather than treating populated fields as business proof.,"Retain regression, source and artifact checks on refresh.",Named owner in evidence/monitoring register; author for presentation implementation,Manual requirement review plus executable checks; section-level status conservatively inherited by its instruction blocks
R49.003,49,"The all-country, all-scenario calculation matrix",848,"Where data are unavailable, use explicit null/status fields or documented assumption distributions, not silently inserted zeros. Zero demand, zero presence, and missing demand are different states.",Verified scope / implementation,country-scenario-matrix.csv; analysis.json:summary,Implementation/evidence present at referenced artifact; verify substantive limits rather than treating populated fields as business proof.,"Retain regression, source and artifact checks on refresh.",Named owner in evidence/monitoring register; author for presentation implementation,Manual requirement review plus executable checks; section-level status conservatively inherited by its instruction blocks
R49.004,49,"The all-country, all-scenario calculation matrix",850,"Publish a coverage count: country universe, dossiers completed, feasible cases, provisional cases, cases blocked by evidence, and countries with no near-term opportunity. Do not call the work complete if countries were dropped by a join, model fit, or spreadsheet filter.",Verified scope / implementation,country-scenario-matrix.csv; analysis.json:summary,Implementation/evidence present at referenced artifact; verify substantive limits rather than treating populated fields as business proof.,"Retain regression, source and artifact checks on refresh.",Named owner in evidence/monitoring register; author for presentation implementation,Manual requirement review plus executable checks; section-level status conservatively inherited by its instruction blocks
R49.005,49,"The all-country, all-scenario calculation matrix",852,"A country-scenario business case should state the proposed action and its counterfactual, not simply list GDP, population, and an investment score. Provide scenario outcomes at the strategic milestones and annual financial calculations for modelled investment cases.",Verified scope / implementation,country-scenario-matrix.csv; analysis.json:summary,Implementation/evidence present at referenced artifact; verify substantive limits rather than treating populated fields as business proof.,"Retain regression, source and artifact checks on refresh.",Named owner in evidence/monitoring register; author for presentation implementation,Manual requirement review plus executable checks; section-level status conservatively inherited by its instruction blocks
R49.006,49,"The all-country, all-scenario calculation matrix",854,"If product-country combinations are structurally irrelevant, mark them as not applicable with a reason. Do not confuse complete country coverage with analysing physically meaningless combinations.",Verified scope / implementation,country-scenario-matrix.csv; analysis.json:summary,Implementation/evidence present at referenced artifact; verify substantive limits rather than treating populated fields as business proof.,"Retain regression, source and artifact checks on refresh.",Named owner in evidence/monitoring register; author for presentation implementation,Manual requirement review plus executable checks; section-level status conservatively inherited by its instruction blocks
R50.001,50,Executive narrative and slide architecture,858,"Build a concise executive presentation supported by a very extensive appendix and country atlas. Aim for roughly 35–40 main slides when the evidence warrants them; preserve narrative clarity rather than treating slide count as a quality metric. All-country detail belongs in navigable supporting material, with selected examples in the main presentation.",Verified scope / implementation,deck.json:slides1–37; thank-you before appendix,Implementation/evidence present at referenced artifact; verify substantive limits rather than treating populated fields as business proof.,"Retain regression, source and artifact checks on refresh.",Named owner in evidence/monitoring register; author for presentation implementation,Manual requirement review plus executable checks; section-level status conservatively inherited by its instruction blocks
R50.002,50,Executive narrative and slide architecture,860,Use the following initial storyline. Change the exact count and grouping only to strengthen the decision sequence:,Verified scope / implementation,deck.json:slides1–37; thank-you before appendix,Implementation/evidence present at referenced artifact; verify substantive limits rather than treating populated fields as business proof.,"Retain regression, source and artifact checks on refresh.",Named owner in evidence/monitoring register; author for presentation implementation,Manual requirement review plus executable checks; section-level status conservatively inherited by its instruction blocks
R50.003,50,Executive narrative and slide architecture,862,| Main slide | Purpose | Required evidence or output |,Verified scope / implementation,deck.json:slides1–37; thank-you before appendix,Implementation/evidence present at referenced artifact; verify substantive limits rather than treating populated fields as business proof.,"Retain regression, source and artifact checks on refresh.",Named owner in evidence/monitoring register; author for presentation implementation,Manual requirement review plus executable checks; section-level status conservatively inherited by its instruction blocks
R50.004,50,Executive narrative and slide architecture,863,|---:|---|---|,Verified scope / implementation,deck.json:slides1–37; thank-you before appendix,Implementation/evidence present at referenced artifact; verify substantive limits rather than treating populated fields as business proof.,"Retain regression, source and artifact checks on refresh.",Named owner in evidence/monitoring register; author for presentation implementation,Manual requirement review plus executable checks; section-level status conservatively inherited by its instruction blocks
R50.005,50,Executive narrative and slide architecture,864,"| 1 | Title, horizon, author, cutoff | Correct entity and scope |",Verified scope / implementation,deck.json:slides1–37; thank-you before appendix,Implementation/evidence present at referenced artifact; verify substantive limits rather than treating populated fields as business proof.,"Retain regression, source and artifact checks on refresh.",Named owner in evidence/monitoring register; author for presentation implementation,Manual requirement review plus executable checks; section-level status conservatively inherited by its instruction blocks
R50.006,50,Executive narrative and slide architecture,865,| 2 | Executive decision and recommended next commitment | Concrete asks with evidence conditions |,Verified scope / implementation,deck.json:slides1–37; thank-you before appendix,Implementation/evidence present at referenced artifact; verify substantive limits rather than treating populated fields as business proof.,"Retain regression, source and artifact checks on refresh.",Named owner in evidence/monitoring register; author for presentation implementation,Manual requirement review plus executable checks; section-level status conservatively inherited by its instruction blocks
R50.007,50,Executive narrative and slide architecture,866,"| 3 | What changed from the existing deck | Material analytical improvements, not edit history |",Verified scope / implementation,deck.json:slides1–37; thank-you before appendix,Implementation/evidence present at referenced artifact; verify substantive limits rather than treating populated fields as business proof.,"Retain regression, source and artifact checks on refresh.",Named owner in evidence/monitoring register; author for presentation implementation,Manual requirement review plus executable checks; section-level status conservatively inherited by its instruction blocks
R50.008,50,Executive narrative and slide architecture,867,| 4 | Current company economics and strategic perimeter | Reconciled company disclosures |,Verified scope / implementation,deck.json:slides1–37; thank-you before appendix,Implementation/evidence present at referenced artifact; verify substantive limits rather than treating populated fields as business proof.,"Retain regression, source and artifact checks on refresh.",Named owner in evidence/monitoring register; author for presentation implementation,Manual requirement review plus executable checks; section-level status conservatively inherited by its instruction blocks
R50.009,50,Executive narrative and slide architecture,868,"| 5 | The global system in which Olam competes | Demand, supply, trade, customer, and capital connections |",Verified scope / implementation,deck.json:slides1–37; thank-you before appendix,Implementation/evidence present at referenced artifact; verify substantive limits rather than treating populated fields as business proof.,"Retain regression, source and artifact checks on refresh.",Named owner in evidence/monitoring register; author for presentation implementation,Manual requirement review plus executable checks; section-level status conservatively inherited by its instruction blocks
R50.010,50,Executive narrative and slide architecture,869,| 6 | Why a 25-year view changes today's priorities | Durable exposures and capability investments |,Verified scope / implementation,deck.json:slides1–37; thank-you before appendix,Implementation/evidence present at referenced artifact; verify substantive limits rather than treating populated fields as business proof.,"Retain regression, source and artifact checks on refresh.",Named owner in evidence/monitoring register; author for presentation implementation,Manual requirement review plus executable checks; section-level status conservatively inherited by its instruction blocks
R50.011,50,Executive narrative and slide architecture,870,"| 7 | Demographic and income demand pathways | Official data, projections, and bounded extensions |",Verified scope / implementation,deck.json:slides1–37; thank-you before appendix,Implementation/evidence present at referenced artifact; verify substantive limits rather than treating populated fields as business proof.,"Retain regression, source and artifact checks on refresh.",Named owner in evidence/monitoring register; author for presentation implementation,Manual requirement review plus executable checks; section-level status conservatively inherited by its instruction blocks
R50.012,50,Executive narrative and slide architecture,871,"| 8 | Diet, health, affordability, and customer economics | Segment and product evidence |",Verified scope / implementation,deck.json:slides1–37; thank-you before appendix,Implementation/evidence present at referenced artifact; verify substantive limits rather than treating populated fields as business proof.,"Retain regression, source and artifact checks on refresh.",Named owner in evidence/monitoring register; author for presentation implementation,Manual requirement review plus executable checks; section-level status conservatively inherited by its instruction blocks
R50.013,50,Executive narrative and slide architecture,872,"| 9 | Climate, water, and supply migration | Location-specific conditional impacts |",Verified scope / implementation,deck.json:slides1–37; thank-you before appendix,Implementation/evidence present at referenced artifact; verify substantive limits rather than treating populated fields as business proof.,"Retain regression, source and artifact checks on refresh.",Named owner in evidence/monitoring register; author for presentation implementation,Manual requirement review plus executable checks; section-level status conservatively inherited by its instruction blocks
R50.014,50,Executive narrative and slide architecture,873,| 10 | Trade fragmentation and corridor exposure | Verified rules and stress mechanisms |,Verified scope / implementation,deck.json:slides1–37; thank-you before appendix,Implementation/evidence present at referenced artifact; verify substantive limits rather than treating populated fields as business proof.,"Retain regression, source and artifact checks on refresh.",Named owner in evidence/monitoring register; author for presentation implementation,Manual requirement review plus executable checks; section-level status conservatively inherited by its instruction blocks
R50.015,50,Executive narrative and slide architecture,874,| 11 | Product/value-chain opportunity map | Olam-specific scope and constraints |,Verified scope / implementation,deck.json:slides1–37; thank-you before appendix,Implementation/evidence present at referenced artifact; verify substantive limits rather than treating populated fields as business proof.,"Retain regression, source and artifact checks on refresh.",Named owner in evidence/monitoring register; author for presentation implementation,Manual requirement review plus executable checks; section-level status conservatively inherited by its instruction blocks
R50.016,50,Executive narrative and slide architecture,875,| 12 | Country universe and evidence coverage | All countries accounted for |,Verified scope / implementation,deck.json:slides1–37; thank-you before appendix,Implementation/evidence present at referenced artifact; verify substantive limits rather than treating populated fields as business proof.,"Retain regression, source and artifact checks on refresh.",Named owner in evidence/monitoring register; author for presentation implementation,Manual requirement review plus executable checks; section-level status conservatively inherited by its instruction blocks
R50.017,50,Executive narrative and slide architecture,876,| 13 | Priority country-product-entry-mode choices | Financial and feasibility logic |,Verified scope / implementation,deck.json:slides1–37; thank-you before appendix,Implementation/evidence present at referenced artifact; verify substantive limits rather than treating populated fields as business proof.,"Retain regression, source and artifact checks on refresh.",Named owner in evidence/monitoring register; author for presentation implementation,Manual requirement review plus executable checks; section-level status conservatively inherited by its instruction blocks
R50.018,50,Executive narrative and slide architecture,877,| 14 | Central planning case | Conditional assumptions and uncertainty |,Verified scope / implementation,deck.json:slides1–37; thank-you before appendix,Implementation/evidence present at referenced artifact; verify substantive limits rather than treating populated fields as business proof.,"Retain regression, source and artifact checks on refresh.",Named owner in evidence/monitoring register; author for presentation implementation,Manual requirement review plus executable checks; section-level status conservatively inherited by its instruction blocks
R50.019,50,Executive narrative and slide architecture,878,| 15 | Scenario comparison | Consistent global mechanisms and local sign changes |,Verified scope / implementation,deck.json:slides1–37; thank-you before appendix,Implementation/evidence present at referenced artifact; verify substantive limits rather than treating populated fields as business proof.,"Retain regression, source and artifact checks on refresh.",Named owner in evidence/monitoring register; author for presentation implementation,Manual requirement review plus executable checks; section-level status conservatively inherited by its instruction blocks
R50.020,50,Executive narrative and slide architecture,879,| 16 | Most resilient opportunities | Decisions stable across tested futures |,Verified scope / implementation,deck.json:slides1–37; thank-you before appendix,Implementation/evidence present at referenced artifact; verify substantive limits rather than treating populated fields as business proof.,"Retain regression, source and artifact checks on refresh.",Named owner in evidence/monitoring register; author for presentation implementation,Manual requirement review plus executable checks; section-level status conservatively inherited by its instruction blocks
R50.021,50,Executive narrative and slide architecture,880,| 17 | Opportunities that require evidence or timing | Switching thresholds and options |,Verified scope / implementation,deck.json:slides1–37; thank-you before appendix,Implementation/evidence present at referenced artifact; verify substantive limits rather than treating populated fields as business proof.,"Retain regression, source and artifact checks on refresh.",Named owner in evidence/monitoring register; author for presentation implementation,Manual requirement review plus executable checks; section-level status conservatively inherited by its instruction blocks
R50.022,50,Executive narrative and slide architecture,881,| 18 | Selected regional/corridor case | Source-to-finance chain |,Verified scope / implementation,deck.json:slides1–37; thank-you before appendix,Implementation/evidence present at referenced artifact; verify substantive limits rather than treating populated fields as business proof.,"Retain regression, source and artifact checks on refresh.",Named owner in evidence/monitoring register; author for presentation implementation,Manual requirement review plus executable checks; section-level status conservatively inherited by its instruction blocks
R50.023,50,Executive narrative and slide architecture,882,| 19 | A second contrasting country case | Why a different market needs a different playbook |,Verified scope / implementation,deck.json:slides1–37; thank-you before appendix,Implementation/evidence present at referenced artifact; verify substantive limits rather than treating populated fields as business proof.,"Retain regression, source and artifact checks on refresh.",Named owner in evidence/monitoring register; author for presentation implementation,Manual requirement review plus executable checks; section-level status conservatively inherited by its instruction blocks
R50.024,50,Executive narrative and slide architecture,883,| 20 | Nigeria semolina and edible-oil laboratory | Corrected inherited model and relevant tests |,Verified scope / implementation,deck.json:slides1–37; thank-you before appendix,Implementation/evidence present at referenced artifact; verify substantive limits rather than treating populated fields as business proof.,"Retain regression, source and artifact checks on refresh.",Named owner in evidence/monitoring register; author for presentation implementation,Manual requirement review plus executable checks; section-level status conservatively inherited by its instruction blocks
R50.025,50,Executive narrative and slide architecture,884,| 21 | Customer value proposition and adoption proof | Measured customer economics |,Verified scope / implementation,deck.json:slides1–37; thank-you before appendix,Implementation/evidence present at referenced artifact; verify substantive limits rather than treating populated fields as business proof.,"Retain regression, source and artifact checks on refresh.",Named owner in evidence/monitoring register; author for presentation implementation,Manual requirement review plus executable checks; section-level status conservatively inherited by its instruction blocks
R50.026,50,Executive narrative and slide architecture,885,"| 22 | Pricing, pack, channel, and commercial interventions | Incremental contribution mechanism |",Verified scope / implementation,deck.json:slides1–37; thank-you before appendix,Implementation/evidence present at referenced artifact; verify substantive limits rather than treating populated fields as business proof.,"Retain regression, source and artifact checks on refresh.",Named owner in evidence/monitoring register; author for presentation implementation,Manual requirement review plus executable checks; section-level status conservatively inherited by its instruction blocks
R50.027,50,Executive narrative and slide architecture,886,| 23 | Capacity and reliable delivery | Physical and route feasibility |,Verified scope / implementation,deck.json:slides1–37; thank-you before appendix,Implementation/evidence present at referenced artifact; verify substantive limits rather than treating populated fields as business proof.,"Retain regression, source and artifact checks on refresh.",Named owner in evidence/monitoring register; author for presentation implementation,Manual requirement review plus executable checks; section-level status conservatively inherited by its instruction blocks
R50.028,50,Executive narrative and slide architecture,887,| 24 | Cash conversion and funding | Full working-capital and liquidity model |,Verified scope / implementation,deck.json:slides1–37; thank-you before appendix,Implementation/evidence present at referenced artifact; verify substantive limits rather than treating populated fields as business proof.,"Retain regression, source and artifact checks on refresh.",Named owner in evidence/monitoring register; author for presentation implementation,Manual requirement review plus executable checks; section-level status conservatively inherited by its instruction blocks
R50.029,50,Executive narrative and slide architecture,888,"| 25 | Full financial case and capital efficiency | NPV, cash, ROIC, utilisation, assumptions |",Verified scope / implementation,deck.json:slides1–37; thank-you before appendix,Implementation/evidence present at referenced artifact; verify substantive limits rather than treating populated fields as business proof.,"Retain regression, source and artifact checks on refresh.",Named owner in evidence/monitoring register; author for presentation implementation,Manual requirement review plus executable checks; section-level status conservatively inherited by its instruction blocks
R50.030,50,Executive narrative and slide architecture,889,| 26 | Compound downside and reverse stress | Failure boundaries and available responses |,Verified scope / implementation,deck.json:slides1–37; thank-you before appendix,Implementation/evidence present at referenced artifact; verify substantive limits rather than treating populated fields as business proof.,"Retain regression, source and artifact checks on refresh.",Named owner in evidence/monitoring register; author for presentation implementation,Manual requirement review plus executable checks; section-level status conservatively inherited by its instruction blocks
R50.031,50,Executive narrative and slide architecture,890,| 27 | Portfolio allocation | Correlated exposure and budget constraints |,Verified scope / implementation,deck.json:slides1–37; thank-you before appendix,Implementation/evidence present at referenced artifact; verify substantive limits rather than treating populated fields as business proof.,"Retain regression, source and artifact checks on refresh.",Named owner in evidence/monitoring register; author for presentation implementation,Manual requirement review plus executable checks; section-level status conservatively inherited by its instruction blocks
R50.032,50,Executive narrative and slide architecture,891,| 28 | Proposed adaptive decision model | Plain-language diagram and economic objective |,Verified scope / implementation,deck.json:slides1–37; thank-you before appendix,Implementation/evidence present at referenced artifact; verify substantive limits rather than treating populated fields as business proof.,"Retain regression, source and artifact checks on refresh.",Named owner in evidence/monitoring register; author for presentation implementation,Manual requirement review plus executable checks; section-level status conservatively inherited by its instruction blocks
R50.033,50,Executive narrative and slide architecture,892,| 29 | One worked example that changes the decision | Transparent comparison to simpler methods |,Verified scope / implementation,deck.json:slides1–37; thank-you before appendix,Implementation/evidence present at referenced artifact; verify substantive limits rather than treating populated fields as business proof.,"Retain regression, source and artifact checks on refresh.",Named owner in evidence/monitoring register; author for presentation implementation,Manual requirement review plus executable checks; section-level status conservatively inherited by its instruction blocks
R50.034,50,Executive narrative and slide architecture,893,"| 30 | Potentially distinctive findings and validation | Tested evidence, novelty status, limits |",Verified scope / implementation,deck.json:slides1–37; thank-you before appendix,Implementation/evidence present at referenced artifact; verify substantive limits rather than treating populated fields as business proof.,"Retain regression, source and artifact checks on refresh.",Named owner in evidence/monitoring register; author for presentation implementation,Manual requirement review plus executable checks; section-level status conservatively inherited by its instruction blocks
R50.035,50,Executive narrative and slide architecture,894,"| 31 | Marketing measurement and causal proof | Counterfactual, contribution, and cash |",Verified scope / implementation,deck.json:slides1–37; thank-you before appendix,Implementation/evidence present at referenced artifact; verify substantive limits rather than treating populated fields as business proof.,"Retain regression, source and artifact checks on refresh.",Named owner in evidence/monitoring register; author for presentation implementation,Manual requirement review plus executable checks; section-level status conservatively inherited by its instruction blocks
R50.036,50,Executive narrative and slide architecture,895,| 32 | Roadmap across 25 years | Trigger-based stages and dependencies |,Verified scope / implementation,deck.json:slides1–37; thank-you before appendix,Implementation/evidence present at referenced artifact; verify substantive limits rather than treating populated fields as business proof.,"Retain regression, source and artifact checks on refresh.",Named owner in evidence/monitoring register; author for presentation implementation,Manual requirement review plus executable checks; section-level status conservatively inherited by its instruction blocks
R50.037,50,Executive narrative and slide architecture,896,"| 33 | Governance and evidence gates | Owners, thresholds, monitoring, stop rules |",Verified scope / implementation,deck.json:slides1–37; thank-you before appendix,Implementation/evidence present at referenced artifact; verify substantive limits rather than treating populated fields as business proof.,"Retain regression, source and artifact checks on refresh.",Named owner in evidence/monitoring register; author for presentation implementation,Manual requirement review plus executable checks; section-level status conservatively inherited by its instruction blocks
R50.038,50,Executive narrative and slide architecture,897,| 34 | How I can contribute | Accurate background tied to deliverables |,Verified scope / implementation,deck.json:slides1–37; thank-you before appendix,Implementation/evidence present at referenced artifact; verify substantive limits rather than treating populated fields as business proof.,"Retain regression, source and artifact checks on refresh.",Named owner in evidence/monitoring register; author for presentation implementation,Manual requirement review plus executable checks; section-level status conservatively inherited by its instruction blocks
R50.039,50,Executive narrative and slide architecture,898,"| 35 | 90-day pilot and practical business offer | Measurable work, data, responsibilities |",Verified scope / implementation,deck.json:slides1–37; thank-you before appendix,Implementation/evidence present at referenced artifact; verify substantive limits rather than treating populated fields as business proof.,"Retain regression, source and artifact checks on refresh.",Named owner in evidence/monitoring register; author for presentation implementation,Manual requirement review plus executable checks; section-level status conservatively inherited by its instruction blocks
R50.040,50,Executive narrative and slide architecture,899,"| 36 | Final decision ask | What leadership should approve, request, or challenge |",Verified scope / implementation,deck.json:slides1–37; thank-you before appendix,Implementation/evidence present at referenced artifact; verify substantive limits rather than treating populated fields as business proof.,"Retain regression, source and artifact checks on refresh.",Named owner in evidence/monitoring register; author for presentation implementation,Manual requirement review plus executable checks; section-level status conservatively inherited by its instruction blocks
R50.041,50,Executive narrative and slide architecture,900,| Final main slide | **Thank you** | Place directly before the appendix begins |,Verified scope / implementation,deck.json:slides1–37; thank-you before appendix,Implementation/evidence present at referenced artifact; verify substantive limits rather than treating populated fields as business proof.,"Retain regression, source and artifact checks on refresh.",Named owner in evidence/monitoring register; author for presentation implementation,Manual requirement review plus executable checks; section-level status conservatively inherited by its instruction blocks
R50.042,50,Executive narrative and slide architecture,902,The thank-you slide must be after the final substantive main slide and immediately before the first appendix slide. Do not place the appendix before thank you or bury thank you after the technical material. A restrained subtitle can invite questions about the assumptions and the next evidence commitment.,Verified scope / implementation,deck.json:slides1–37; thank-you before appendix,Implementation/evidence present at referenced artifact; verify substantive limits rather than treating populated fields as business proof.,"Retain regression, source and artifact checks on refresh.",Named owner in evidence/monitoring register; author for presentation implementation,Manual requirement review plus executable checks; section-level status conservatively inherited by its instruction blocks
R50.043,50,Executive narrative and slide architecture,904,"Use headline conclusions that are supported by the slide, with uncertainty where needed. Replace broad claims such as `Africa is the next growth frontier` with specific conditional statements about product, customer, cash, and action.",Verified scope / implementation,deck.json:slides1–37; thank-you before appendix,Implementation/evidence present at referenced artifact; verify substantive limits rather than treating populated fields as business proof.,"Retain regression, source and artifact checks on refresh.",Named owner in evidence/monitoring register; author for presentation implementation,Manual requirement review plus executable checks; section-level status conservatively inherited by its instruction blocks
R51.001,51,Appendix structure and calculation education,908,"The appendix must explain all calculation types used in the deck, all material displayed derived figures, and every model assumption. It must also provide an indexed route to the complete all-country calculation tables. No material number should depend on a hidden spreadsheet cell or unexplained software output.",Verified scope / implementation,appendix-navigation; calculation-appendix.md; country atlas,Implementation/evidence present at referenced artifact; verify substantive limits rather than treating populated fields as business proof.,"Retain regression, source and artifact checks on refresh.",Named owner in evidence/monitoring register; author for presentation implementation,Manual requirement review plus executable checks; section-level status conservatively inherited by its instruction blocks
R51.002,51,Appendix structure and calculation education,910,Organise the appendix into modules:,Verified scope / implementation,appendix-navigation; calculation-appendix.md; country atlas,Implementation/evidence present at referenced artifact; verify substantive limits rather than treating populated fields as business proof.,"Retain regression, source and artifact checks on refresh.",Named owner in evidence/monitoring register; author for presentation implementation,Manual requirement review plus executable checks; section-level status conservatively inherited by its instruction blocks
R51.003,51,Appendix structure and calculation education,912,"**A. Reading guide and notation:** evidence classes, currency, units, percentage vs percentage-point changes, time periods, scenario vs probability, confidence vs prediction intervals.",Verified scope / implementation,appendix-navigation; calculation-appendix.md; country atlas,Implementation/evidence present at referenced artifact; verify substantive limits rather than treating populated fields as business proof.,"Retain regression, source and artifact checks on refresh.",Named owner in evidence/monitoring register; author for presentation implementation,Manual requirement review plus executable checks; section-level status conservatively inherited by its instruction blocks
R51.004,51,Appendix structure and calculation education,914,"**B. Source and claim register:** direct sources, pinpoints, revisions, conflicts, and slide mapping.",Verified scope / implementation,appendix-navigation; calculation-appendix.md; country atlas,Implementation/evidence present at referenced artifact; verify substantive limits rather than treating populated fields as business proof.,"Retain regression, source and artifact checks on refresh.",Named owner in evidence/monitoring register; author for presentation implementation,Manual requirement review plus executable checks; section-level status conservatively inherited by its instruction blocks
R51.005,51,Appendix structure and calculation education,916,"**C. Data dictionary and coverage:** countries, product concordances, panel construction, missing data, and imputation.",Verified scope / implementation,appendix-navigation; calculation-appendix.md; country atlas,Implementation/evidence present at referenced artifact; verify substantive limits rather than treating populated fields as business proof.,"Retain regression, source and artifact checks on refresh.",Named owner in evidence/monitoring register; author for presentation implementation,Manual requirement review plus executable checks; section-level status conservatively inherited by its instruction blocks
R51.006,51,Appendix structure and calculation education,918,"**D. Current-deck arithmetic:** reproduce and explain the inherited Nigeria model, its assumptions, and why it is a screening model.",Verified scope / implementation,appendix-navigation; calculation-appendix.md; country atlas,Implementation/evidence present at referenced artifact; verify substantive limits rather than treating populated fields as business proof.,"Retain regression, source and artifact checks on refresh.",Named owner in evidence/monitoring register; author for presentation implementation,Manual requirement review plus executable checks; section-level status conservatively inherited by its instruction blocks
R51.007,51,Appendix structure and calculation education,920,"**E. Demand and trade:** equations, estimates, elasticities, tests, and country forecasts.",Verified scope / implementation,appendix-navigation; calculation-appendix.md; country atlas,Implementation/evidence present at referenced artifact; verify substantive limits rather than treating populated fields as business proof.,"Retain regression, source and artifact checks on refresh.",Named owner in evidence/monitoring register; author for presentation implementation,Manual requirement review plus executable checks; section-level status conservatively inherited by its instruction blocks
R51.008,51,Appendix structure and calculation education,922,"**F. Climate and physical supply:** crop and asset exposures, scenario translation, adaptation, and dependencies.",Verified scope / implementation,appendix-navigation; calculation-appendix.md; country atlas,Implementation/evidence present at referenced artifact; verify substantive limits rather than treating populated fields as business proof.,"Retain regression, source and artifact checks on refresh.",Named owner in evidence/monitoring register; author for presentation implementation,Manual requirement review plus executable checks; section-level status conservatively inherited by its instruction blocks
R51.009,51,Appendix structure and calculation education,924,"**G. Operating and financial calculations:** volume, pricing, yield, cost, capex, tax, working capital, currency, discounting, and valuation.",Verified scope / implementation,appendix-navigation; calculation-appendix.md; country atlas,Implementation/evidence present at referenced artifact; verify substantive limits rather than treating populated fields as business proof.,"Retain regression, source and artifact checks on refresh.",Named owner in evidence/monitoring register; author for presentation implementation,Manual requirement review plus executable checks; section-level status conservatively inherited by its instruction blocks
R51.010,51,Appendix structure and calculation education,926,"**H. Risk and scenario calculations:** distributions, dependencies, simulation convergence, stress, CVaR, regret, and scenario sensitivity.",Verified scope / implementation,appendix-navigation; calculation-appendix.md; country atlas,Implementation/evidence present at referenced artifact; verify substantive limits rather than treating populated fields as business proof.,"Retain regression, source and artifact checks on refresh.",Named owner in evidence/monitoring register; author for presentation implementation,Manual requirement review plus executable checks; section-level status conservatively inherited by its instruction blocks
R51.011,51,Appendix structure and calculation education,928,"**I. Proposed decision model:** objective, feasible set, solution procedure, worked example, validation, and novelty review.",Verified scope / implementation,appendix-navigation; calculation-appendix.md; country atlas,Implementation/evidence present at referenced artifact; verify substantive limits rather than treating populated fields as business proof.,"Retain regression, source and artifact checks on refresh.",Named owner in evidence/monitoring register; author for presentation implementation,Manual requirement review plus executable checks; section-level status conservatively inherited by its instruction blocks
R51.012,51,Appendix structure and calculation education,930,"**J. Marketing evidence:** pilot design, attribution, customer economics, ROMI, cannibalisation, and statistical power.",Verified scope / implementation,appendix-navigation; calculation-appendix.md; country atlas,Implementation/evidence present at referenced artifact; verify substantive limits rather than treating populated fields as business proof.,"Retain regression, source and artifact checks on refresh.",Named owner in evidence/monitoring register; author for presentation implementation,Manual requirement review plus executable checks; section-level status conservatively inherited by its instruction blocks
R51.013,51,Appendix structure and calculation education,932,"**K. Country atlas:** every country, scenarios, disposition, evidence, and financial boundaries.",Verified scope / implementation,appendix-navigation; calculation-appendix.md; country atlas,Implementation/evidence present at referenced artifact; verify substantive limits rather than treating populated fields as business proof.,"Retain regression, source and artifact checks on refresh.",Named owner in evidence/monitoring register; author for presentation implementation,Manual requirement review plus executable checks; section-level status conservatively inherited by its instruction blocks
R51.014,51,Appendix structure and calculation education,934,"**L. My contribution and work plan:** personal evidence, scope, deliverables, and measurement.",Verified scope / implementation,appendix-navigation; calculation-appendix.md; country atlas,Implementation/evidence present at referenced artifact; verify substantive limits rather than treating populated fields as business proof.,"Retain regression, source and artifact checks on refresh.",Named owner in evidence/monitoring register; author for presentation implementation,Manual requirement review plus executable checks; section-level status conservatively inherited by its instruction blocks
R51.015,51,Appendix structure and calculation education,936,"**M. Limitations and update policy:** missing data, unresolved assumptions, research cutoff, model refresh, and decision triggers.",Verified scope / implementation,appendix-navigation; calculation-appendix.md; country atlas,Implementation/evidence present at referenced artifact; verify substantive limits rather than treating populated fields as business proof.,"Retain regression, source and artifact checks on refresh.",Named owner in evidence/monitoring register; author for presentation implementation,Manual requirement review plus executable checks; section-level status conservatively inherited by its instruction blocks
R51.016,51,Appendix structure and calculation education,938,"For every calculation explanation, use this order:",Verified scope / implementation,appendix-navigation; calculation-appendix.md; country atlas,Implementation/evidence present at referenced artifact; verify substantive limits rather than treating populated fields as business proof.,"Retain regression, source and artifact checks on refresh.",Named owner in evidence/monitoring register; author for presentation implementation,Manual requirement review plus executable checks; section-level status conservatively inherited by its instruction blocks
R51.017,51,Appendix structure and calculation education,940,1. Business question.,Verified scope / implementation,appendix-navigation; calculation-appendix.md; country atlas,Implementation/evidence present at referenced artifact; verify substantive limits rather than treating populated fields as business proof.,"Retain regression, source and artifact checks on refresh.",Named owner in evidence/monitoring register; author for presentation implementation,Manual requirement review plus executable checks; section-level status conservatively inherited by its instruction blocks
R51.018,51,Appendix structure and calculation education,941,2. Plain-language intuition.,Verified scope / implementation,appendix-navigation; calculation-appendix.md; country atlas,Implementation/evidence present at referenced artifact; verify substantive limits rather than treating populated fields as business proof.,"Retain regression, source and artifact checks on refresh.",Named owner in evidence/monitoring register; author for presentation implementation,Manual requirement review plus executable checks; section-level status conservatively inherited by its instruction blocks
R51.019,51,Appendix structure and calculation education,942,3. Formula.,Verified scope / implementation,appendix-navigation; calculation-appendix.md; country atlas,Implementation/evidence present at referenced artifact; verify substantive limits rather than treating populated fields as business proof.,"Retain regression, source and artifact checks on refresh.",Named owner in evidence/monitoring register; author for presentation implementation,Manual requirement review plus executable checks; section-level status conservatively inherited by its instruction blocks
R51.020,51,Appendix structure and calculation education,943,4. Variable definitions and units.,Verified scope / implementation,appendix-navigation; calculation-appendix.md; country atlas,Implementation/evidence present at referenced artifact; verify substantive limits rather than treating populated fields as business proof.,"Retain regression, source and artifact checks on refresh.",Named owner in evidence/monitoring register; author for presentation implementation,Manual requirement review plus executable checks; section-level status conservatively inherited by its instruction blocks
R51.021,51,Appendix structure and calculation education,944,5. Actual source inputs or clearly labelled illustrative inputs.,Verified scope / implementation,appendix-navigation; calculation-appendix.md; country atlas,Implementation/evidence present at referenced artifact; verify substantive limits rather than treating populated fields as business proof.,"Retain regression, source and artifact checks on refresh.",Named owner in evidence/monitoring register; author for presentation implementation,Manual requirement review plus executable checks; section-level status conservatively inherited by its instruction blocks
R51.022,51,Appendix structure and calculation education,945,6. Step-by-step substitution.,Verified scope / implementation,appendix-navigation; calculation-appendix.md; country atlas,Implementation/evidence present at referenced artifact; verify substantive limits rather than treating populated fields as business proof.,"Retain regression, source and artifact checks on refresh.",Named owner in evidence/monitoring register; author for presentation implementation,Manual requirement review plus executable checks; section-level status conservatively inherited by its instruction blocks
R51.023,51,Appendix structure and calculation education,946,7. Result and sensible rounding.,Verified scope / implementation,appendix-navigation; calculation-appendix.md; country atlas,Implementation/evidence present at referenced artifact; verify substantive limits rather than treating populated fields as business proof.,"Retain regression, source and artifact checks on refresh.",Named owner in evidence/monitoring register; author for presentation implementation,Manual requirement review plus executable checks; section-level status conservatively inherited by its instruction blocks
R51.024,51,Appendix structure and calculation education,947,8. Interpretation.,Verified scope / implementation,appendix-navigation; calculation-appendix.md; country atlas,Implementation/evidence present at referenced artifact; verify substantive limits rather than treating populated fields as business proof.,"Retain regression, source and artifact checks on refresh.",Named owner in evidence/monitoring register; author for presentation implementation,Manual requirement review plus executable checks; section-level status conservatively inherited by its instruction blocks
R51.025,51,Appendix structure and calculation education,948,9. Assumptions and failure conditions.,Verified scope / implementation,appendix-navigation; calculation-appendix.md; country atlas,Implementation/evidence present at referenced artifact; verify substantive limits rather than treating populated fields as business proof.,"Retain regression, source and artifact checks on refresh.",Named owner in evidence/monitoring register; author for presentation implementation,Manual requirement review plus executable checks; section-level status conservatively inherited by its instruction blocks
R51.026,51,Appendix structure and calculation education,949,10. Sensitivity or alternative case.,Verified scope / implementation,appendix-navigation; calculation-appendix.md; country atlas,Implementation/evidence present at referenced artifact; verify substantive limits rather than treating populated fields as business proof.,"Retain regression, source and artifact checks on refresh.",Named owner in evidence/monitoring register; author for presentation implementation,Manual requirement review plus executable checks; section-level status conservatively inherited by its instruction blocks
R51.027,51,Appendix structure and calculation education,950,"11. Source IDs, assumption IDs, and workbook/code location.",Verified scope / implementation,appendix-navigation; calculation-appendix.md; country atlas,Implementation/evidence present at referenced artifact; verify substantive limits rather than treating populated fields as business proof.,"Retain regression, source and artifact checks on refresh.",Named owner in evidence/monitoring register; author for presentation implementation,Manual requirement review plus executable checks; section-level status conservatively inherited by its instruction blocks
R51.028,51,Appendix structure and calculation education,952,Keep long equations and diagnostics in the appendix. The main deck should show the decision they support. A calculation appendix can be extensive without making each individual page dense or unreadable.,Verified scope / implementation,appendix-navigation; calculation-appendix.md; country atlas,Implementation/evidence present at referenced artifact; verify substantive limits rather than treating populated fields as business proof.,"Retain regression, source and artifact checks on refresh.",Named owner in evidence/monitoring register; author for presentation implementation,Manual requirement review plus executable checks; section-level status conservatively inherited by its instruction blocks
R52.001,52,Plain-language calculation examples required in the appendix,956,Create at least the following teaching examples. Use actual data when supportable; otherwise visibly mark them `Illustrative example—not Olam data`. Use one consistent set of input units within each example and recompute all arithmetic.,Verified scope / implementation,C-E01 through C-E22; calculation-appendix.md,Implementation/evidence present at referenced artifact; verify substantive limits rather than treating populated fields as business proof.,"Retain regression, source and artifact checks on refresh.",Named owner in evidence/monitoring register; author for presentation implementation,Manual requirement review plus executable checks; section-level status conservatively inherited by its instruction blocks
R52.002,52,Plain-language calculation examples required in the appendix,958,### Example 1: reported revenue versus derived margin,Verified scope / implementation,C-E01 through C-E22; calculation-appendix.md,Implementation/evidence present at referenced artifact; verify substantive limits rather than treating populated fields as business proof.,"Retain regression, source and artifact checks on refresh.",Named owner in evidence/monitoring register; author for presentation implementation,Manual requirement review plus executable checks; section-level status conservatively inherited by its instruction blocks
R52.003,52,Plain-language calculation examples required in the appendix,960,"Explain that EBIT margin equals EBIT divided by revenue, expressed as a percentage. Identify the company, period, reporting currency, and perimeter. Show how rounded revenue can produce a slightly different displayed ratio. Explain why a high revenue-growth percentage can coexist with weaker earnings quality.",Verified scope / implementation,C-E01 through C-E22; calculation-appendix.md,Implementation/evidence present at referenced artifact; verify substantive limits rather than treating populated fields as business proof.,"Retain regression, source and artifact checks on refresh.",Named owner in evidence/monitoring register; author for presentation implementation,Manual requirement review plus executable checks; section-level status conservatively inherited by its instruction blocks
R52.004,52,Plain-language calculation examples required in the appendix,962,"### Example 2: demand, attainable capture, and delivered sales",Verified scope / implementation,C-E01 through C-E22; calculation-appendix.md,Implementation/evidence present at referenced artifact; verify substantive limits rather than treating populated fields as business proof.,"Retain regression, source and artifact checks on refresh.",Named owner in evidence/monitoring register; author for presentation implementation,Manual requirement review plus executable checks; section-level status conservatively inherited by its instruction blocks
R52.005,52,Plain-language calculation examples required in the appendix,964,"Walk from population and per-person demand to category volume, then accessible customers, attainable capture, capacity, and delivered units. Explain why each step needs different evidence. Include a bottleneck example where demand is larger than supply and the excess cannot be counted as sales.",Verified scope / implementation,C-E01 through C-E22; calculation-appendix.md,Implementation/evidence present at referenced artifact; verify substantive limits rather than treating populated fields as business proof.,"Retain regression, source and artifact checks on refresh.",Named owner in evidence/monitoring register; author for presentation implementation,Manual requirement review plus executable checks; section-level status conservatively inherited by its instruction blocks
R52.006,52,Plain-language calculation examples required in the appendix,966,### Example 3: simple volume and revenue arithmetic,Verified scope / implementation,C-E01 through C-E22; calculation-appendix.md,Implementation/evidence present at referenced artifact; verify substantive limits rather than treating populated fields as business proof.,"Retain regression, source and artifact checks on refresh.",Named owner in evidence/monitoring register; author for presentation implementation,Manual requirement review plus executable checks; section-level status conservatively inherited by its instruction blocks
R52.007,52,Plain-language calculation examples required in the appendix,968,"With clearly illustrative inputs of 100,000 saleable tonnes at USD400 net realised price per tonne, show USD40m revenue. If variable cost is USD340 per tonne, show USD6m contribution before fixed costs. With USD2m fixed cash operating cost, show USD4m EBITDA. Explain each unit and why EBITDA is not free cash flow.",Verified scope / implementation,C-E01 through C-E22; calculation-appendix.md,Implementation/evidence present at referenced artifact; verify substantive limits rather than treating populated fields as business proof.,"Retain regression, source and artifact checks on refresh.",Named owner in evidence/monitoring register; author for presentation implementation,Manual requirement review plus executable checks; section-level status conservatively inherited by its instruction blocks
R52.008,52,Plain-language calculation examples required in the appendix,970,### Example 4: conversion yield and by-product value,Verified scope / implementation,C-E01 through C-E22; calculation-appendix.md,Implementation/evidence present at referenced artifact; verify substantive limits rather than treating populated fields as business proof.,"Retain regression, source and artifact checks on refresh.",Named owner in evidence/monitoring register; author for presentation implementation,Manual requirement review plus executable checks; section-level status conservatively inherited by its instruction blocks
R52.009,52,Plain-language calculation examples required in the appendix,972,"Show raw input required for saleable output at a specified yield, then reconcile by-products and losses. A 90% output yield means 100 units of the relevant input yield 90 units of the specified output before additional transformations. Do not treat all lost mass as economic waste when saleable by-products exist.",Verified scope / implementation,C-E01 through C-E22; calculation-appendix.md,Implementation/evidence present at referenced artifact; verify substantive limits rather than treating populated fields as business proof.,"Retain regression, source and artifact checks on refresh.",Named owner in evidence/monitoring register; author for presentation implementation,Manual requirement review plus executable checks; section-level status conservatively inherited by its instruction blocks
R52.010,52,Plain-language calculation examples required in the appendix,974,### Example 5: customer economics,Verified scope / implementation,C-E01 through C-E22; calculation-appendix.md,Implementation/evidence present at referenced artifact; verify substantive limits rather than treating populated fields as business proof.,"Retain regression, source and artifact checks on refresh.",Named owner in evidence/monitoring register; author for presentation implementation,Manual requirement review plus executable checks; section-level status conservatively inherited by its instruction blocks
R52.011,52,Plain-language calculation examples required in the appendix,976,"Compare two product offers using customer usable yield, rejects, labour or energy, and purchase price. Calculate cost per saleable output or per meal. Then state what evidence is required to infer adoption and Olam value. Do not assume the customer always chooses the cheapest unit cost when cash, trust, and availability constrain choice.",Verified scope / implementation,C-E01 through C-E22; calculation-appendix.md,Implementation/evidence present at referenced artifact; verify substantive limits rather than treating populated fields as business proof.,"Retain regression, source and artifact checks on refresh.",Named owner in evidence/monitoring register; author for presentation implementation,Manual requirement review plus executable checks; section-level status conservatively inherited by its instruction blocks
R52.012,52,Plain-language calculation examples required in the appendix,978,### Example 6: a pack's cash ticket and cost per use,Verified scope / implementation,C-E01 through C-E22; calculation-appendix.md,Implementation/evidence present at referenced artifact; verify substantive limits rather than treating populated fields as business proof.,"Retain regression, source and artifact checks on refresh.",Named owner in evidence/monitoring register; author for presentation implementation,Manual requirement review plus executable checks; section-level status conservatively inherited by its instruction blocks
R52.013,52,Plain-language calculation examples required in the appendix,980,"Compare small and large packs with unit price, servings, preparation cost, and cash affordability. Show the difference between a lower cash ticket and lower unit cost. Use local relevant consumption measures and document any serving-size assumption.",Verified scope / implementation,C-E01 through C-E22; calculation-appendix.md,Implementation/evidence present at referenced artifact; verify substantive limits rather than treating populated fields as business proof.,"Retain regression, source and artifact checks on refresh.",Named owner in evidence/monitoring register; author for presentation implementation,Manual requirement review plus executable checks; section-level status conservatively inherited by its instruction blocks
R52.014,52,Plain-language calculation examples required in the appendix,982,### Example 7: percentage change versus percentage points,Verified scope / implementation,C-E01 through C-E22; calculation-appendix.md,Implementation/evidence present at referenced artifact; verify substantive limits rather than treating populated fields as business proof.,"Retain regression, source and artifact checks on refresh.",Named owner in evidence/monitoring register; author for presentation implementation,Manual requirement review plus executable checks; section-level status conservatively inherited by its instruction blocks
R52.015,52,Plain-language calculation examples required in the appendix,984,Show that a margin increasing from 8% to 10% rises by 2 percentage points and by 25% relative to its initial margin. Prevent this confusion in every figure and sensitivity axis.,Verified scope / implementation,C-E01 through C-E22; calculation-appendix.md,Implementation/evidence present at referenced artifact; verify substantive limits rather than treating populated fields as business proof.,"Retain regression, source and artifact checks on refresh.",Named owner in evidence/monitoring register; author for presentation implementation,Manual requirement review plus executable checks; section-level status conservatively inherited by its instruction blocks
R52.016,52,Plain-language calculation examples required in the appendix,986,"### Example 8: depreciation, taxes, and free cash",Verified scope / implementation,C-E01 through C-E22; calculation-appendix.md,Implementation/evidence present at referenced artifact; verify substantive limits rather than treating populated fields as business proof.,"Retain regression, source and artifact checks on refresh.",Named owner in evidence/monitoring register; author for presentation implementation,Manual requirement review plus executable checks; section-level status conservatively inherited by its instruction blocks
R52.017,52,Plain-language calculation examples required in the appendix,988,"Extend Example 3 with explicitly illustrative depreciation, actual cash-tax treatment, maintenance and growth capex, and working-capital change. Reconcile EBIT, tax, D&A, capex, and free cash flow line by line. Show how cash differs from accounting profit.",Verified scope / implementation,C-E01 through C-E22; calculation-appendix.md,Implementation/evidence present at referenced artifact; verify substantive limits rather than treating populated fields as business proof.,"Retain regression, source and artifact checks on refresh.",Named owner in evidence/monitoring register; author for presentation implementation,Manual requirement review plus executable checks; section-level status conservatively inherited by its instruction blocks
R52.018,52,Plain-language calculation examples required in the appendix,990,### Example 9: working capital release,Verified scope / implementation,C-E01 through C-E22; calculation-appendix.md,Implementation/evidence present at referenced artifact; verify substantive limits rather than treating populated fields as business proof.,"Retain regression, source and artifact checks on refresh.",Named owner in evidence/monitoring register; author for presentation implementation,Manual requirement review plus executable checks; section-level status conservatively inherited by its instruction blocks
R52.019,52,Plain-language calculation examples required in the appendix,992,"Use illustrative USD40m annual credit sales and USD34m relevant annual cost/purchases, with a 365-day convention. If DSO improves by 5 days and DIO by 7 days with DPO unchanged, show approximately USD0.548m receivables release and USD0.652m inventory release, for approximately USD1.20m total. Explain why this differs from applying every day improvement to sales.",Verified scope / implementation,C-E01 through C-E22; calculation-appendix.md,Implementation/evidence present at referenced artifact; verify substantive limits rather than treating populated fields as business proof.,"Retain regression, source and artifact checks on refresh.",Named owner in evidence/monitoring register; author for presentation implementation,Manual requirement review plus executable checks; section-level status conservatively inherited by its instruction blocks
R52.020,52,Plain-language calculation examples required in the appendix,994,"Show that this is a transition cash release once, followed by maintained balance levels and later incremental changes; it is not a recurring annual profit. Discuss the inventory and purchases basis if the simplified cost base is inappropriate.",Verified scope / implementation,C-E01 through C-E22; calculation-appendix.md,Implementation/evidence present at referenced artifact; verify substantive limits rather than treating populated fields as business proof.,"Retain regression, source and artifact checks on refresh.",Named owner in evidence/monitoring register; author for presentation implementation,Manual requirement review plus executable checks; section-level status conservatively inherited by its instruction blocks
R52.021,52,Plain-language calculation examples required in the appendix,996,### Example 10: the old normalized Nigeria case,Verified scope / implementation,C-E01 through C-E22; calculation-appendix.md,Implementation/evidence present at referenced artifact; verify substantive limits rather than treating populated fields as business proof.,"Retain regression, source and artifact checks on refresh.",Named owner in evidence/monitoring register; author for presentation implementation,Manual requirement review plus executable checks; section-level status conservatively inherited by its instruction blocks
R52.022,52,Plain-language calculation examples required in the appendix,998,"Reproduce the current code's additive uplift, FX/commodity leakage, sales-day cash proxy, capital envelope, benefit ramp, NPV, and zero-NPV annual uplift. Label every inherited input and explain each production-model repair. Include the old and new formulation side by side where instructive.",Verified scope / implementation,C-E01 through C-E22; calculation-appendix.md,Implementation/evidence present at referenced artifact; verify substantive limits rather than treating populated fields as business proof.,"Retain regression, source and artifact checks on refresh.",Named owner in evidence/monitoring register; author for presentation implementation,Manual requirement review plus executable checks; section-level status conservatively inherited by its instruction blocks
R52.023,52,Plain-language calculation examples required in the appendix,1000,### Example 11: FX and commodity cost without double-counting,Verified scope / implementation,C-E01 through C-E22; calculation-appendix.md,Implementation/evidence present at referenced artifact; verify substantive limits rather than treating populated fields as business proof.,"Retain regression, source and artifact checks on refresh.",Named owner in evidence/monitoring register; author for presentation implementation,Manual requirement review plus executable checks; section-level status conservatively inherited by its instruction blocks
R52.024,52,Plain-language calculation examples required in the appendix,1002,"Model an imported input with USD price `P` and local currency per USD exchange rate `e`, so local cost is `P×e`. If each rises by 10%, the combined local-currency input-cost change is `1.10×1.10−1 =21%`, before freight and other costs. Explain why simply adding unrelated sales-share penalties can miss cross-effects or count the same procurement base twice.",Verified scope / implementation,C-E01 through C-E22; calculation-appendix.md,Implementation/evidence present at referenced artifact; verify substantive limits rather than treating populated fields as business proof.,"Retain regression, source and artifact checks on refresh.",Named owner in evidence/monitoring register; author for presentation implementation,Manual requirement review plus executable checks; section-level status conservatively inherited by its instruction blocks
R52.025,52,Plain-language calculation examples required in the appendix,1004,"Then model customer pass-through with timing and elasticity, and distinguish price recovery from retained contribution. State hedge effects only from an actual documented hedging model.",Verified scope / implementation,C-E01 through C-E22; calculation-appendix.md,Implementation/evidence present at referenced artifact; verify substantive limits rather than treating populated fields as business proof.,"Retain regression, source and artifact checks on refresh.",Named owner in evidence/monitoring register; author for presentation implementation,Manual requirement review plus executable checks; section-level status conservatively inherited by its instruction blocks
R52.026,52,Plain-language calculation examples required in the appendix,1006,### Example 12: discounting and finite-horizon NPV,Verified scope / implementation,C-E01 through C-E22; calculation-appendix.md,Implementation/evidence present at referenced artifact; verify substantive limits rather than treating populated fields as business proof.,"Retain regression, source and artifact checks on refresh.",Named owner in evidence/monitoring register; author for presentation implementation,Manual requirement review plus executable checks; section-level status conservatively inherited by its instruction blocks
R52.027,52,Plain-language calculation examples required in the appendix,1008,"Use an illustrative USD5m upfront investment and USD2m annual free cash flow for three years at a 10% discount rate, without terminal value. Show:",Verified scope / implementation,C-E01 through C-E22; calculation-appendix.md,Implementation/evidence present at referenced artifact; verify substantive limits rather than treating populated fields as business proof.,"Retain regression, source and artifact checks on refresh.",Named owner in evidence/monitoring register; author for presentation implementation,Manual requirement review plus executable checks; section-level status conservatively inherited by its instruction blocks
R52.028,52,Plain-language calculation examples required in the appendix,1010,`NPV = −5 + 2/1.10 + 2/1.10² + 2/1.10³ ≈ −USD0.0263m`.,Verified scope / implementation,C-E01 through C-E22; calculation-appendix.md,Implementation/evidence present at referenced artifact; verify substantive limits rather than treating populated fields as business proof.,"Retain regression, source and artifact checks on refresh.",Named owner in evidence/monitoring register; author for presentation implementation,Manual requirement review plus executable checks; section-level status conservatively inherited by its instruction blocks
R52.029,52,Plain-language calculation examples required in the appendix,1012,Explain that USD6m undiscounted receipts do not automatically make the investment attractive at this hurdle. Extend the example to staged capital and a delayed commissioning case.,Verified scope / implementation,C-E01 through C-E22; calculation-appendix.md,Implementation/evidence present at referenced artifact; verify substantive limits rather than treating populated fields as business proof.,"Retain regression, source and artifact checks on refresh.",Named owner in evidence/monitoring register; author for presentation implementation,Manual requirement review plus executable checks; section-level status conservatively inherited by its instruction blocks
R52.030,52,Plain-language calculation examples required in the appendix,1014,### Example 13: inflation and discount-rate consistency,Verified scope / implementation,C-E01 through C-E22; calculation-appendix.md,Implementation/evidence present at referenced artifact; verify substantive limits rather than treating populated fields as business proof.,"Retain regression, source and artifact checks on refresh.",Named owner in evidence/monitoring register; author for presentation implementation,Manual requirement review plus executable checks; section-level status conservatively inherited by its instruction blocks
R52.031,52,Plain-language calculation examples required in the appendix,1016,"Explain the Fisher relation `(1+nominal_rate)=(1+real_rate)×(1+inflation)` under the relevant simplifying assumptions. Use a numerical example and state that project risk, currency, and financing require additional care. Show equivalent valuations under consistent real and nominal formulations, rather than mixing them.",Verified scope / implementation,C-E01 through C-E22; calculation-appendix.md,Implementation/evidence present at referenced artifact; verify substantive limits rather than treating populated fields as business proof.,"Retain regression, source and artifact checks on refresh.",Named owner in evidence/monitoring register; author for presentation implementation,Manual requirement review plus executable checks; section-level status conservatively inherited by its instruction blocks
R52.032,52,Plain-language calculation examples required in the appendix,1018,### Example 14: break-even utilisation,Verified scope / implementation,C-E01 through C-E22; calculation-appendix.md,Implementation/evidence present at referenced artifact; verify substantive limits rather than treating populated fields as business proof.,"Retain regression, source and artifact checks on refresh.",Named owner in evidence/monitoring register; author for presentation implementation,Manual requirement review plus executable checks; section-level status conservatively inherited by its instruction blocks
R52.033,52,Plain-language calculation examples required in the appendix,1020,"Calculate cash operating break-even volume from fixed cash cost and unit contribution, then compare it with physical capacity. Solve investment break-even separately using the full NPV model. Explain why a plant above operating break-even can still destroy value after capital and cash needs.",Verified scope / implementation,C-E01 through C-E22; calculation-appendix.md,Implementation/evidence present at referenced artifact; verify substantive limits rather than treating populated fields as business proof.,"Retain regression, source and artifact checks on refresh.",Named owner in evidence/monitoring register; author for presentation implementation,Manual requirement review plus executable checks; section-level status conservatively inherited by its instruction blocks
R52.034,52,Plain-language calculation examples required in the appendix,1022,### Example 15: scenario weighting and uncertainty,Verified scope / implementation,C-E01 through C-E22; calculation-appendix.md,Implementation/evidence present at referenced artifact; verify substantive limits rather than treating populated fields as business proof.,"Retain regression, source and artifact checks on refresh.",Named owner in evidence/monitoring register; author for presentation implementation,Manual requirement review plus executable checks; section-level status conservatively inherited by its instruction blocks
R52.035,52,Plain-language calculation examples required in the appendix,1024,"Compare a central planning case, a weighted expected NPV, and a downside quantile. Label judgemental weights. Demonstrate why the weighted average is not the most likely complete future, and why a positive mean does not guarantee solvency under stress.",Verified scope / implementation,C-E01 through C-E22; calculation-appendix.md,Implementation/evidence present at referenced artifact; verify substantive limits rather than treating populated fields as business proof.,"Retain regression, source and artifact checks on refresh.",Named owner in evidence/monitoring register; author for presentation implementation,Manual requirement review plus executable checks; section-level status conservatively inherited by its instruction blocks
R52.036,52,Plain-language calculation examples required in the appendix,1026,### Example 16: lower-tail risk and CVaR,Verified scope / implementation,C-E01 through C-E22; calculation-appendix.md,Implementation/evidence present at referenced artifact; verify substantive limits rather than treating populated fields as business proof.,"Retain regression, source and artifact checks on refresh.",Named owner in evidence/monitoring register; author for presentation implementation,Manual requirement review plus executable checks; section-level status conservatively inherited by its instruction blocks
R52.037,52,Plain-language calculation examples required in the appendix,1028,Define loss first. Explain that loss VaR is a quantile and loss CVaR summarises losses in the relevant worst tail under the stated distribution and convention. Show a small sorted sample with transparent arithmetic; do not reverse the direction when switching from NPV to loss.,Verified scope / implementation,C-E01 through C-E22; calculation-appendix.md,Implementation/evidence present at referenced artifact; verify substantive limits rather than treating populated fields as business proof.,"Retain regression, source and artifact checks on refresh.",Named owner in evidence/monitoring register; author for presentation implementation,Manual requirement review plus executable checks; section-level status conservatively inherited by its instruction blocks
R52.038,52,Plain-language calculation examples required in the appendix,1030,### Example 17: portfolio dependence,Verified scope / implementation,C-E01 through C-E22; calculation-appendix.md,Implementation/evidence present at referenced artifact; verify substantive limits rather than treating populated fields as business proof.,"Retain regression, source and artifact checks on refresh.",Named owner in evidence/monitoring register; author for presentation implementation,Manual requirement review plus executable checks; section-level status conservatively inherited by its instruction blocks
R52.039,52,Plain-language calculation examples required in the appendix,1032,Compare two sourcing projects with similar average cash outcomes but different common-exposure risks. Show a correlated harvest or port-shutdown example. Demonstrate why separate countries do not necessarily provide diversification.,Verified scope / implementation,C-E01 through C-E22; calculation-appendix.md,Implementation/evidence present at referenced artifact; verify substantive limits rather than treating populated fields as business proof.,"Retain regression, source and artifact checks on refresh.",Named owner in evidence/monitoring register; author for presentation implementation,Manual requirement review plus executable checks; section-level status conservatively inherited by its instruction blocks
R52.040,52,Plain-language calculation examples required in the appendix,1034,### Example 18: causal marketing measurement,Verified scope / implementation,C-E01 through C-E22; calculation-appendix.md,Implementation/evidence present at referenced artifact; verify substantive limits rather than treating populated fields as business proof.,"Retain regression, source and artifact checks on refresh.",Named owner in evidence/monitoring register; author for presentation implementation,Manual requirement review plus executable checks; section-level status conservatively inherited by its instruction blocks
R52.041,52,Plain-language calculation examples required in the appendix,1036,"Use a transparent treated/control before/after table and calculate the difference-in-differences estimate. Explain what parallel trends and no material spillovers mean in the business context. Then translate eligible incremental sales into contribution and cash, with a clear uncertainty interval if estimated.",Verified scope / implementation,C-E01 through C-E22; calculation-appendix.md,Implementation/evidence present at referenced artifact; verify substantive limits rather than treating populated fields as business proof.,"Retain regression, source and artifact checks on refresh.",Named owner in evidence/monitoring register; author for presentation implementation,Manual requirement review plus executable checks; section-level status conservatively inherited by its instruction blocks
R52.042,52,Plain-language calculation examples required in the appendix,1038,### Example 19: incremental ROMI,Verified scope / implementation,C-E01 through C-E22; calculation-appendix.md,Implementation/evidence present at referenced artifact; verify substantive limits rather than treating populated fields as business proof.,"Retain regression, source and artifact checks on refresh.",Named owner in evidence/monitoring register; author for presentation implementation,Manual requirement review plus executable checks; section-level status conservatively inherited by its instruction blocks
R52.043,52,Plain-language calculation examples required in the appendix,1040,"Define whether ROMI is incremental contribution divided by spend or net incremental contribution after spend divided by spend; report the convention. Do not switch conventions between slides. Include service and trade cost, cannibalisation, and the relevant counterfactual. Compare ROMI with NPV for multi-year interventions.",Verified scope / implementation,C-E01 through C-E22; calculation-appendix.md,Implementation/evidence present at referenced artifact; verify substantive limits rather than treating populated fields as business proof.,"Retain regression, source and artifact checks on refresh.",Named owner in evidence/monitoring register; author for presentation implementation,Manual requirement review plus executable checks; section-level status conservatively inherited by its instruction blocks
R52.044,52,Plain-language calculation examples required in the appendix,1042,### Example 20: decision value of a pilot,Verified scope / implementation,C-E01 through C-E22; calculation-appendix.md,Implementation/evidence present at referenced artifact; verify substantive limits rather than treating populated fields as business proof.,"Retain regression, source and artifact checks on refresh.",Named owner in evidence/monitoring register; author for presentation implementation,Manual requirement review plus executable checks; section-level status conservatively inherited by its instruction blocks
R52.045,52,Plain-language calculation examples required in the appendix,1044,"Use a small two-action, two-state example to show how information can change the investment decision. Calculate expected value before and after a possible study, then subtract study and delay costs. Explain why this value should not be counted again if the adaptive policy already includes the study's effect.",Verified scope / implementation,C-E01 through C-E22; calculation-appendix.md,Implementation/evidence present at referenced artifact; verify substantive limits rather than treating populated fields as business proof.,"Retain regression, source and artifact checks on refresh.",Named owner in evidence/monitoring register; author for presentation implementation,Manual requirement review plus executable checks; section-level status conservatively inherited by its instruction blocks
R52.046,52,Plain-language calculation examples required in the appendix,1046,### Example 21: switching threshold and reverse stress,Verified scope / implementation,C-E01 through C-E22; calculation-appendix.md,Implementation/evidence present at referenced artifact; verify substantive limits rather than treating populated fields as business proof.,"Retain regression, source and artifact checks on refresh.",Named owner in evidence/monitoring register; author for presentation implementation,Manual requirement review plus executable checks; section-level status conservatively inherited by its instruction blocks
R52.047,52,Plain-language calculation examples required in the appendix,1048,"Solve for the FX depreciation, margin decline, utilisation shortfall, or delay at which a project breaches its cash or NPV limit. Show how leadership can monitor that threshold. Reverse stress must identify a plausible failure mechanism, not merely an extreme arbitrary number.",Verified scope / implementation,C-E01 through C-E22; calculation-appendix.md,Implementation/evidence present at referenced artifact; verify substantive limits rather than treating populated fields as business proof.,"Retain regression, source and artifact checks on refresh.",Named owner in evidence/monitoring register; author for presentation implementation,Manual requirement review plus executable checks; section-level status conservatively inherited by its instruction blocks
R52.048,52,Plain-language calculation examples required in the appendix,1050,### Example 22: a country comparison that changes the recommendation,Verified scope / implementation,C-E01 through C-E22; calculation-appendix.md,Implementation/evidence present at referenced artifact; verify substantive limits rather than treating populated fields as business proof.,"Retain regression, source and artifact checks on refresh.",Named owner in evidence/monitoring register; author for presentation implementation,Manual requirement review plus executable checks; section-level status conservatively inherited by its instruction blocks
R52.049,52,Plain-language calculation examples required in the appendix,1052,"Use a small, source-backed or clearly illustrative case in which raw market size favours country A but cash, capacity, resilience, or transferable learning favours country B. Trace the changed recommendation to explicit inputs. State when the choice would reverse.",Verified scope / implementation,C-E01 through C-E22; calculation-appendix.md,Implementation/evidence present at referenced artifact; verify substantive limits rather than treating populated fields as business proof.,"Retain regression, source and artifact checks on refresh.",Named owner in evidence/monitoring register; author for presentation implementation,Manual requirement review plus executable checks; section-level status conservatively inherited by its instruction blocks
R53.001,53,"Calculation IDs, source lineage, and workbook architecture",1056,"Give every displayed derived or modelled figure a stable calculation ID. Link it to input IDs, source IDs, assumption IDs, code or workbook cells, units, scenario, and slide. Do not leave chart labels untracked because they were produced automatically.",Conditional / data required,input-register.csv; calculation-register.csv; olam-global-model-v1.xlsx,Lineage and formulas repaired; every material figure still requires substantive source/input challenge.,Lineage and formulas repaired; every material figure still requires substantive source/input challenge.,Named owner in evidence/monitoring register; author for presentation implementation,Manual requirement review plus executable checks; section-level status conservatively inherited by its instruction blocks
R53.002,53,"Calculation IDs, source lineage, and workbook architecture",1058,"Create a spreadsheet with a transparent structure, for example:",Conditional / data required,input-register.csv; calculation-register.csv; olam-global-model-v1.xlsx,Lineage and formulas repaired; every material figure still requires substantive source/input challenge.,Lineage and formulas repaired; every material figure still requires substantive source/input challenge.,Named owner in evidence/monitoring register; author for presentation implementation,Manual requirement review plus executable checks; section-level status conservatively inherited by its instruction blocks
R53.003,53,"Calculation IDs, source lineage, and workbook architecture",1060,| Sheet/module | Content |,Conditional / data required,input-register.csv; calculation-register.csv; olam-global-model-v1.xlsx,Lineage and formulas repaired; every material figure still requires substantive source/input challenge.,Lineage and formulas repaired; every material figure still requires substantive source/input challenge.,Named owner in evidence/monitoring register; author for presentation implementation,Manual requirement review plus executable checks; section-level status conservatively inherited by its instruction blocks
R53.004,53,"Calculation IDs, source lineage, and workbook architecture",1061,|---|---|,Conditional / data required,input-register.csv; calculation-register.csv; olam-global-model-v1.xlsx,Lineage and formulas repaired; every material figure still requires substantive source/input challenge.,Lineage and formulas repaired; every material figure still requires substantive source/input challenge.,Named owner in evidence/monitoring register; author for presentation implementation,Manual requirement review plus executable checks; section-level status conservatively inherited by its instruction blocks
R53.005,53,"Calculation IDs, source lineage, and workbook architecture",1062,"| Read_Me | Scope, version, cutoff, conventions, and navigation |",Conditional / data required,input-register.csv; calculation-register.csv; olam-global-model-v1.xlsx,Lineage and formulas repaired; every material figure still requires substantive source/input challenge.,Lineage and formulas repaired; every material figure still requires substantive source/input challenge.,Named owner in evidence/monitoring register; author for presentation implementation,Manual requirement review plus executable checks; section-level status conservatively inherited by its instruction blocks
R53.006,53,"Calculation IDs, source lineage, and workbook architecture",1063,"| Sources | Exact URLs, dates, pinpoints, access, and limitations |",Conditional / data required,input-register.csv; calculation-register.csv; olam-global-model-v1.xlsx,Lineage and formulas repaired; every material figure still requires substantive source/input challenge.,Lineage and formulas repaired; every material figure still requires substantive source/input challenge.,Named owner in evidence/monitoring register; author for presentation implementation,Manual requirement review plus executable checks; section-level status conservatively inherited by its instruction blocks
R53.007,53,"Calculation IDs, source lineage, and workbook architecture",1064,| Claims | Claim classifications and slide mapping |,Conditional / data required,input-register.csv; calculation-register.csv; olam-global-model-v1.xlsx,Lineage and formulas repaired; every material figure still requires substantive source/input challenge.,Lineage and formulas repaired; every material figure still requires substantive source/input challenge.,Named owner in evidence/monitoring register; author for presentation implementation,Manual requirement review plus executable checks; section-level status conservatively inherited by its instruction blocks
R53.008,53,"Calculation IDs, source lineage, and workbook architecture",1065,| Countries | Country universe and identifier concordance |,Conditional / data required,input-register.csv; calculation-register.csv; olam-global-model-v1.xlsx,Lineage and formulas repaired; every material figure still requires substantive source/input challenge.,Lineage and formulas repaired; every material figure still requires substantive source/input challenge.,Named owner in evidence/monitoring register; author for presentation implementation,Manual requirement review plus executable checks; section-level status conservatively inherited by its instruction blocks
R53.009,53,"Calculation IDs, source lineage, and workbook architecture",1066,"| Products_HS | Product definitions, HS versions, and conversions |",Conditional / data required,input-register.csv; calculation-register.csv; olam-global-model-v1.xlsx,Lineage and formulas repaired; every material figure still requires substantive source/input challenge.,Lineage and formulas repaired; every material figure still requires substantive source/input challenge.,Named owner in evidence/monitoring register; author for presentation implementation,Manual requirement review plus executable checks; section-level status conservatively inherited by its instruction blocks
R53.010,53,"Calculation IDs, source lineage, and workbook architecture",1067,| Raw_Data_Index | Source observations and retrieval files |,Conditional / data required,input-register.csv; calculation-register.csv; olam-global-model-v1.xlsx,Lineage and formulas repaired; every material figure still requires substantive source/input challenge.,Lineage and formulas repaired; every material figure still requires substantive source/input challenge.,Named owner in evidence/monitoring register; author for presentation implementation,Manual requirement review plus executable checks; section-level status conservatively inherited by its instruction blocks
R53.011,53,"Calculation IDs, source lineage, and workbook architecture",1068,"| Transformations | Cleaning, units, conversions, and imputation |",Conditional / data required,input-register.csv; calculation-register.csv; olam-global-model-v1.xlsx,Lineage and formulas repaired; every material figure still requires substantive source/input challenge.,Lineage and formulas repaired; every material figure still requires substantive source/input challenge.,Named owner in evidence/monitoring register; author for presentation implementation,Manual requirement review plus executable checks; section-level status conservatively inherited by its instruction blocks
R53.012,53,"Calculation IDs, source lineage, and workbook architecture",1069,| Coverage | Missingness and country/model eligibility |,Conditional / data required,input-register.csv; calculation-register.csv; olam-global-model-v1.xlsx,Lineage and formulas repaired; every material figure still requires substantive source/input challenge.,Lineage and formulas repaired; every material figure still requires substantive source/input challenge.,Named owner in evidence/monitoring register; author for presentation implementation,Manual requirement review plus executable checks; section-level status conservatively inherited by its instruction blocks
R53.013,53,"Calculation IDs, source lineage, and workbook architecture",1070,| Company_Baseline | Correct entity and disclosed operating facts |,Conditional / data required,input-register.csv; calculation-register.csv; olam-global-model-v1.xlsx,Lineage and formulas repaired; every material figure still requires substantive source/input challenge.,Lineage and formulas repaired; every material figure still requires substantive source/input challenge.,Named owner in evidence/monitoring register; author for presentation implementation,Manual requirement review plus executable checks; section-level status conservatively inherited by its instruction blocks
R53.014,53,"Calculation IDs, source lineage, and workbook architecture",1071,"| Demand_Model | Parameters, data, diagnostics, and forecasts |",Conditional / data required,input-register.csv; calculation-register.csv; olam-global-model-v1.xlsx,Lineage and formulas repaired; every material figure still requires substantive source/input challenge.,Lineage and formulas repaired; every material figure still requires substantive source/input challenge.,Named owner in evidence/monitoring register; author for presentation implementation,Manual requirement review plus executable checks; section-level status conservatively inherited by its instruction blocks
R53.015,53,"Calculation IDs, source lineage, and workbook architecture",1072,"| Trade_Model | Flow data, barriers, and counterfactuals |",Conditional / data required,input-register.csv; calculation-register.csv; olam-global-model-v1.xlsx,Lineage and formulas repaired; every material figure still requires substantive source/input challenge.,Lineage and formulas repaired; every material figure still requires substantive source/input challenge.,Named owner in evidence/monitoring register; author for presentation implementation,Manual requirement review plus executable checks; section-level status conservatively inherited by its instruction blocks
R53.016,53,"Calculation IDs, source lineage, and workbook architecture",1073,| Climate_Exposure | Physical and transition assumptions |,Conditional / data required,input-register.csv; calculation-register.csv; olam-global-model-v1.xlsx,Lineage and formulas repaired; every material figure still requires substantive source/input challenge.,Lineage and formulas repaired; every material figure still requires substantive source/input challenge.,Named owner in evidence/monitoring register; author for presentation implementation,Manual requirement review plus executable checks; section-level status conservatively inherited by its instruction blocks
R53.017,53,"Calculation IDs, source lineage, and workbook architecture",1074,| Scenario_Inputs | Coherent drivers and dependency rules |,Conditional / data required,input-register.csv; calculation-register.csv; olam-global-model-v1.xlsx,Lineage and formulas repaired; every material figure still requires substantive source/input challenge.,Lineage and formulas repaired; every material figure still requires substantive source/input challenge.,Named owner in evidence/monitoring register; author for presentation implementation,Manual requirement review plus executable checks; section-level status conservatively inherited by its instruction blocks
R53.018,53,"Calculation IDs, source lineage, and workbook architecture",1075,"| Assumptions | Chosen inputs, owners, justification, ranges |",Conditional / data required,input-register.csv; calculation-register.csv; olam-global-model-v1.xlsx,Lineage and formulas repaired; every material figure still requires substantive source/input challenge.,Lineage and formulas repaired; every material figure still requires substantive source/input challenge.,Named owner in evidence/monitoring register; author for presentation implementation,Manual requirement review plus executable checks; section-level status conservatively inherited by its instruction blocks
R53.019,53,"Calculation IDs, source lineage, and workbook architecture",1076,| Unit_Economics | Customer/product/route economics |,Conditional / data required,input-register.csv; calculation-register.csv; olam-global-model-v1.xlsx,Lineage and formulas repaired; every material figure still requires substantive source/input challenge.,Lineage and formulas repaired; every material figure still requires substantive source/input challenge.,Named owner in evidence/monitoring register; author for presentation implementation,Manual requirement review plus executable checks; section-level status conservatively inherited by its instruction blocks
R53.020,53,"Calculation IDs, source lineage, and workbook architecture",1077,"| Working_Capital | Inventory, receivables, payables, seasonality |",Conditional / data required,input-register.csv; calculation-register.csv; olam-global-model-v1.xlsx,Lineage and formulas repaired; every material figure still requires substantive source/input challenge.,Lineage and formulas repaired; every material figure still requires substantive source/input challenge.,Named owner in evidence/monitoring register; author for presentation implementation,Manual requirement review plus executable checks; section-level status conservatively inherited by its instruction blocks
R53.021,53,"Calculation IDs, source lineage, and workbook architecture",1078,"| Financing_FX | Currency, rate, hedge, and funding conventions |",Conditional / data required,input-register.csv; calculation-register.csv; olam-global-model-v1.xlsx,Lineage and formulas repaired; every material figure still requires substantive source/input challenge.,Lineage and formulas repaired; every material figure still requires substantive source/input challenge.,Named owner in evidence/monitoring register; author for presentation implementation,Manual requirement review plus executable checks; section-level status conservatively inherited by its instruction blocks
R53.022,53,"Calculation IDs, source lineage, and workbook architecture",1079,| Country_Financials | Annual incremental cash for each case |,Conditional / data required,input-register.csv; calculation-register.csv; olam-global-model-v1.xlsx,Lineage and formulas repaired; every material figure still requires substantive source/input challenge.,Lineage and formulas repaired; every material figure still requires substantive source/input challenge.,Named owner in evidence/monitoring register; author for presentation implementation,Manual requirement review plus executable checks; section-level status conservatively inherited by its instruction blocks
R53.023,53,"Calculation IDs, source lineage, and workbook architecture",1080,| Sensitivity | One- and two-variable boundaries |,Conditional / data required,input-register.csv; calculation-register.csv; olam-global-model-v1.xlsx,Lineage and formulas repaired; every material figure still requires substantive source/input challenge.,Lineage and formulas repaired; every material figure still requires substantive source/input challenge.,Named owner in evidence/monitoring register; author for presentation implementation,Manual requirement review plus executable checks; section-level status conservatively inherited by its instruction blocks
R53.024,53,"Calculation IDs, source lineage, and workbook architecture",1081,| Simulation | Sampling specification and run summaries |,Conditional / data required,input-register.csv; calculation-register.csv; olam-global-model-v1.xlsx,Lineage and formulas repaired; every material figure still requires substantive source/input challenge.,Lineage and formulas repaired; every material figure still requires substantive source/input challenge.,Named owner in evidence/monitoring register; author for presentation implementation,Manual requirement review plus executable checks; section-level status conservatively inherited by its instruction blocks
R53.025,53,"Calculation IDs, source lineage, and workbook architecture",1082,"| Portfolio | Constraints, allocations, risk, and alternatives |",Conditional / data required,input-register.csv; calculation-register.csv; olam-global-model-v1.xlsx,Lineage and formulas repaired; every material figure still requires substantive source/input challenge.,Lineage and formulas repaired; every material figure still requires substantive source/input challenge.,Named owner in evidence/monitoring register; author for presentation implementation,Manual requirement review plus executable checks; section-level status conservatively inherited by its instruction blocks
R53.026,53,"Calculation IDs, source lineage, and workbook architecture",1083,"| Marketing_Pilots | Counterfactual, outcomes, power, and costs |",Conditional / data required,input-register.csv; calculation-register.csv; olam-global-model-v1.xlsx,Lineage and formulas repaired; every material figure still requires substantive source/input challenge.,Lineage and formulas repaired; every material figure still requires substantive source/input challenge.,Named owner in evidence/monitoring register; author for presentation implementation,Manual requirement review plus executable checks; section-level status conservatively inherited by its instruction blocks
R53.027,53,"Calculation IDs, source lineage, and workbook architecture",1084,| Information_Value | Research options and decision improvement |,Conditional / data required,input-register.csv; calculation-register.csv; olam-global-model-v1.xlsx,Lineage and formulas repaired; every material figure still requires substantive source/input challenge.,Lineage and formulas repaired; every material figure still requires substantive source/input challenge.,Named owner in evidence/monitoring register; author for presentation implementation,Manual requirement review plus executable checks; section-level status conservatively inherited by its instruction blocks
R53.028,53,"Calculation IDs, source lineage, and workbook architecture",1085,"| Decision_Triggers | Invest, wait, change, stop, and exit rules |",Conditional / data required,input-register.csv; calculation-register.csv; olam-global-model-v1.xlsx,Lineage and formulas repaired; every material figure still requires substantive source/input challenge.,Lineage and formulas repaired; every material figure still requires substantive source/input challenge.,Named owner in evidence/monitoring register; author for presentation implementation,Manual requirement review plus executable checks; section-level status conservatively inherited by its instruction blocks
R53.029,53,"Calculation IDs, source lineage, and workbook architecture",1086,| Chart_Data | Exact tables feeding every deck chart |,Conditional / data required,input-register.csv; calculation-register.csv; olam-global-model-v1.xlsx,Lineage and formulas repaired; every material figure still requires substantive source/input challenge.,Lineage and formulas repaired; every material figure still requires substantive source/input challenge.,Named owner in evidence/monitoring register; author for presentation implementation,Manual requirement review plus executable checks; section-level status conservatively inherited by its instruction blocks
R53.030,53,"Calculation IDs, source lineage, and workbook architecture",1087,| Calculation_Audit | Reproducible figure-level explanations |,Conditional / data required,input-register.csv; calculation-register.csv; olam-global-model-v1.xlsx,Lineage and formulas repaired; every material figure still requires substantive source/input challenge.,Lineage and formulas repaired; every material figure still requires substantive source/input challenge.,Named owner in evidence/monitoring register; author for presentation implementation,Manual requirement review plus executable checks; section-level status conservatively inherited by its instruction blocks
R53.031,53,"Calculation IDs, source lineage, and workbook architecture",1088,| Limitations | Unresolved evidence and update needs |,Conditional / data required,input-register.csv; calculation-register.csv; olam-global-model-v1.xlsx,Lineage and formulas repaired; every material figure still requires substantive source/input challenge.,Lineage and formulas repaired; every material figure still requires substantive source/input challenge.,Named owner in evidence/monitoring register; author for presentation implementation,Manual requirement review plus executable checks; section-level status conservatively inherited by its instruction blocks
R53.032,53,"Calculation IDs, source lineage, and workbook architecture",1090,"Use formula cells where feasible, named input ranges, visible assumptions, appropriate number formatting, and checks. Separate input, calculation, and output areas. Avoid macros or opaque plugins unless necessary and documented.",Conditional / data required,input-register.csv; calculation-register.csv; olam-global-model-v1.xlsx,Lineage and formulas repaired; every material figure still requires substantive source/input challenge.,Lineage and formulas repaired; every material figure still requires substantive source/input challenge.,Named owner in evidence/monitoring register; author for presentation implementation,Manual requirement review plus executable checks; section-level status conservatively inherited by its instruction blocks
R53.033,53,"Calculation IDs, source lineage, and workbook architecture",1092,"If complex estimations or simulations run in code, the workbook must display the relevant input files, parameter outputs, execution version, results, and interpretation, while the code provides full reproduction. Export cached results with clear timestamps and do not label them as live formula recalculations.",Conditional / data required,input-register.csv; calculation-register.csv; olam-global-model-v1.xlsx,Lineage and formulas repaired; every material figure still requires substantive source/input challenge.,Lineage and formulas repaired; every material figure still requires substantive source/input challenge.,Named owner in evidence/monitoring register; author for presentation implementation,Manual requirement review plus executable checks; section-level status conservatively inherited by its instruction blocks
R53.034,53,"Calculation IDs, source lineage, and workbook architecture",1094,All-country scale may require efficient tables and code rather than thousands of duplicated hand-built sheets. Use a country selector and structured data tables while keeping each row's lineage available.,Conditional / data required,input-register.csv; calculation-register.csv; olam-global-model-v1.xlsx,Lineage and formulas repaired; every material figure still requires substantive source/input challenge.,Lineage and formulas repaired; every material figure still requires substantive source/input challenge.,Named owner in evidence/monitoring register; author for presentation implementation,Manual requirement review plus executable checks; section-level status conservatively inherited by its instruction blocks
R54.001,54,Charts that reveal decisions,1098,Use exact chart data and appropriate chart types. Suggested visual outputs include:,Conditional / data required,Chart_Data; demography/resilience charts; regression-diagnostics.pdf; sensitivity grids,Native charts and diagnostic plots supplied; crop/geographic premium/risk charts unsupported by data.,Native charts and diagnostic plots supplied; crop/geographic premium/risk charts unsupported by data.,Named owner in evidence/monitoring register; author for presentation implementation,Manual requirement review plus executable checks; section-level status conservatively inherited by its instruction blocks
R54.002,54,Charts that reveal decisions,1100,- Country-product-entry-mode opportunity matrix.,Conditional / data required,Chart_Data; demography/resilience charts; regression-diagnostics.pdf; sensitivity grids,Native charts and diagnostic plots supplied; crop/geographic premium/risk charts unsupported by data.,Native charts and diagnostic plots supplied; crop/geographic premium/risk charts unsupported by data.,Named owner in evidence/monitoring register; author for presentation implementation,Manual requirement review plus executable checks; section-level status conservatively inherited by its instruction blocks
R54.003,54,Charts that reveal decisions,1101,- Evidence coverage map with separate missing-data encoding.,Conditional / data required,Chart_Data; demography/resilience charts; regression-diagnostics.pdf; sensitivity grids,Native charts and diagnostic plots supplied; crop/geographic premium/risk charts unsupported by data.,Native charts and diagnostic plots supplied; crop/geographic premium/risk charts unsupported by data.,Named owner in evidence/monitoring register; author for presentation implementation,Manual requirement review plus executable checks; section-level status conservatively inherited by its instruction blocks
R54.004,54,Charts that reveal decisions,1102,- Demographic and income-demand fan charts.,Conditional / data required,Chart_Data; demography/resilience charts; regression-diagnostics.pdf; sensitivity grids,Native charts and diagnostic plots supplied; crop/geographic premium/risk charts unsupported by data.,Native charts and diagnostic plots supplied; crop/geographic premium/risk charts unsupported by data.,Named owner in evidence/monitoring register; author for presentation implementation,Manual requirement review plus executable checks; section-level status conservatively inherited by its instruction blocks
R54.005,54,Charts that reveal decisions,1103,- Product demand versus feasible delivered capacity.,Conditional / data required,Chart_Data; demography/resilience charts; regression-diagnostics.pdf; sensitivity grids,Native charts and diagnostic plots supplied; crop/geographic premium/risk charts unsupported by data.,Native charts and diagnostic plots supplied; crop/geographic premium/risk charts unsupported by data.,Named owner in evidence/monitoring register; author for presentation implementation,Manual requirement review plus executable checks; section-level status conservatively inherited by its instruction blocks
R54.006,54,Charts that reveal decisions,1104,- Origin-destination flow or corridor dependency visual.,Conditional / data required,Chart_Data; demography/resilience charts; regression-diagnostics.pdf; sensitivity grids,Native charts and diagnostic plots supplied; crop/geographic premium/risk charts unsupported by data.,Native charts and diagnostic plots supplied; crop/geographic premium/risk charts unsupported by data.,Named owner in evidence/monitoring register; author for presentation implementation,Manual requirement review plus executable checks; section-level status conservatively inherited by its instruction blocks
R54.007,54,Charts that reveal decisions,1105,- Climate hazard and business exposure maps at meaningful resolution.,Conditional / data required,Chart_Data; demography/resilience charts; regression-diagnostics.pdf; sensitivity grids,Native charts and diagnostic plots supplied; crop/geographic premium/risk charts unsupported by data.,Native charts and diagnostic plots supplied; crop/geographic premium/risk charts unsupported by data.,Named owner in evidence/monitoring register; author for presentation implementation,Manual requirement review plus executable checks; section-level status conservatively inherited by its instruction blocks
R54.008,54,Charts that reveal decisions,1106,- Customer economics comparison by offer or segment.,Conditional / data required,Chart_Data; demography/resilience charts; regression-diagnostics.pdf; sensitivity grids,Native charts and diagnostic plots supplied; crop/geographic premium/risk charts unsupported by data.,Native charts and diagnostic plots supplied; crop/geographic premium/risk charts unsupported by data.,Named owner in evidence/monitoring register; author for presentation implementation,Manual requirement review plus executable checks; section-level status conservatively inherited by its instruction blocks
R54.009,54,Charts that reveal decisions,1107,- Price/pack cash-ticket versus cost-per-use comparison.,Conditional / data required,Chart_Data; demography/resilience charts; regression-diagnostics.pdf; sensitivity grids,Native charts and diagnostic plots supplied; crop/geographic premium/risk charts unsupported by data.,Native charts and diagnostic plots supplied; crop/geographic premium/risk charts unsupported by data.,Named owner in evidence/monitoring register; author for presentation implementation,Manual requirement review plus executable checks; section-level status conservatively inherited by its instruction blocks
R54.010,54,Charts that reveal decisions,1108,- Contribution and cash waterfall from an intervention.,Conditional / data required,Chart_Data; demography/resilience charts; regression-diagnostics.pdf; sensitivity grids,Native charts and diagnostic plots supplied; crop/geographic premium/risk charts unsupported by data.,Native charts and diagnostic plots supplied; crop/geographic premium/risk charts unsupported by data.,Named owner in evidence/monitoring register; author for presentation implementation,Manual requirement review plus executable checks; section-level status conservatively inherited by its instruction blocks
R54.011,54,Charts that reveal decisions,1109,- Annual free-cash-flow and working-capital profile.,Conditional / data required,Chart_Data; demography/resilience charts; regression-diagnostics.pdf; sensitivity grids,Native charts and diagnostic plots supplied; crop/geographic premium/risk charts unsupported by data.,Native charts and diagnostic plots supplied; crop/geographic premium/risk charts unsupported by data.,Named owner in evidence/monitoring register; author for presentation implementation,Manual requirement review plus executable checks; section-level status conservatively inherited by its instruction blocks
R54.012,54,Charts that reveal decisions,1110,- NPV sensitivity tornado and two-variable switching surface.,Conditional / data required,Chart_Data; demography/resilience charts; regression-diagnostics.pdf; sensitivity grids,Native charts and diagnostic plots supplied; crop/geographic premium/risk charts unsupported by data.,Native charts and diagnostic plots supplied; crop/geographic premium/risk charts unsupported by data.,Named owner in evidence/monitoring register; author for presentation implementation,Manual requirement review plus executable checks; section-level status conservatively inherited by its instruction blocks
R54.013,54,Charts that reveal decisions,1111,- Scenario comparison with uncertainty bands.,Conditional / data required,Chart_Data; demography/resilience charts; regression-diagnostics.pdf; sensitivity grids,Native charts and diagnostic plots supplied; crop/geographic premium/risk charts unsupported by data.,Native charts and diagnostic plots supplied; crop/geographic premium/risk charts unsupported by data.,Named owner in evidence/monitoring register; author for presentation implementation,Manual requirement review plus executable checks; section-level status conservatively inherited by its instruction blocks
R54.014,54,Charts that reveal decisions,1112,- Portfolio common-exposure or concentration map.,Conditional / data required,Chart_Data; demography/resilience charts; regression-diagnostics.pdf; sensitivity grids,Native charts and diagnostic plots supplied; crop/geographic premium/risk charts unsupported by data.,Native charts and diagnostic plots supplied; crop/geographic premium/risk charts unsupported by data.,Named owner in evidence/monitoring register; author for presentation implementation,Manual requirement review plus executable checks; section-level status conservatively inherited by its instruction blocks
R54.015,54,Charts that reveal decisions,1113,- Expansion frontier under capital and risk constraints.,Conditional / data required,Chart_Data; demography/resilience charts; regression-diagnostics.pdf; sensitivity grids,Native charts and diagnostic plots supplied; crop/geographic premium/risk charts unsupported by data.,Native charts and diagnostic plots supplied; crop/geographic premium/risk charts unsupported by data.,Named owner in evidence/monitoring register; author for presentation implementation,Manual requirement review plus executable checks; section-level status conservatively inherited by its instruction blocks
R54.016,54,Charts that reveal decisions,1114,- Pilot learning and decision threshold chart.,Conditional / data required,Chart_Data; demography/resilience charts; regression-diagnostics.pdf; sensitivity grids,Native charts and diagnostic plots supplied; crop/geographic premium/risk charts unsupported by data.,Native charts and diagnostic plots supplied; crop/geographic premium/risk charts unsupported by data.,Named owner in evidence/monitoring register; author for presentation implementation,Manual requirement review plus executable checks; section-level status conservatively inherited by its instruction blocks
R54.017,54,Charts that reveal decisions,1115,- Trigger-based 25-year roadmap.,Conditional / data required,Chart_Data; demography/resilience charts; regression-diagnostics.pdf; sensitivity grids,Native charts and diagnostic plots supplied; crop/geographic premium/risk charts unsupported by data.,Native charts and diagnostic plots supplied; crop/geographic premium/risk charts unsupported by data.,Named owner in evidence/monitoring register; author for presentation implementation,Manual requirement review plus executable checks; section-level status conservatively inherited by its instruction blocks
R54.018,54,Charts that reveal decisions,1117,"Do not use decorative maps to imply quantified country insight. A map must have a defined measure, period, legend, units, geographic treatment, and source. Missing values must not be displayed as low values.",Conditional / data required,Chart_Data; demography/resilience charts; regression-diagnostics.pdf; sensitivity grids,Native charts and diagnostic plots supplied; crop/geographic premium/risk charts unsupported by data.,Native charts and diagnostic plots supplied; crop/geographic premium/risk charts unsupported by data.,Named owner in evidence/monitoring register; author for presentation implementation,Manual requirement review plus executable checks; section-level status conservatively inherited by its instruction blocks
R54.019,54,Charts that reveal decisions,1119,"Avoid axes, colours, or rounding that conceal downside. Show zero where its omission would mislead. Use colourblind-accessible distinctions and readable labels. A forecast line should be visually distinguished from observed history and official projections from model extensions.",Conditional / data required,Chart_Data; demography/resilience charts; regression-diagnostics.pdf; sensitivity grids,Native charts and diagnostic plots supplied; crop/geographic premium/risk charts unsupported by data.,Native charts and diagnostic plots supplied; crop/geographic premium/risk charts unsupported by data.,Named owner in evidence/monitoring register; author for presentation implementation,Manual requirement review plus executable checks; section-level status conservatively inherited by its instruction blocks
R54.020,54,Charts that reveal decisions,1121,"Do not use generated imagery for exact diagrams, charts, data maps, or scientific information. Use reproducible charts and native diagrams. Decorative agriculture imagery should be restrained and must not substitute for evidence.",Conditional / data required,Chart_Data; demography/resilience charts; regression-diagnostics.pdf; sensitivity grids,Native charts and diagnostic plots supplied; crop/geographic premium/risk charts unsupported by data.,Native charts and diagnostic plots supplied; crop/geographic premium/risk charts unsupported by data.,Named owner in evidence/monitoring register; author for presentation implementation,Manual requirement review plus executable checks; section-level status conservatively inherited by its instruction blocks
R55.001,55,Slide design and speaker notes,1125,"Use a disciplined executive visual system with consistent typography, spacing, colours, footnotes, and evidence labels. Each slide should make one clear decision-relevant claim, support it with evidence, and state its implication. Dense technical tables belong in the appendix.",Conditional / data required,deck.json:speaker notes; native artifact layout/integrity receipt,All slides rendered and geometrically checked; external viewing/accessibility review not independently commissioned.,All slides rendered and geometrically checked; external viewing/accessibility review not independently commissioned.,Named owner in evidence/monitoring register; author for presentation implementation,Manual requirement review plus executable checks; section-level status conservatively inherited by its instruction blocks
R55.002,55,Slide design and speaker notes,1127,"Use native editable charts, tables, and text where practical. Do not make the deck a sequence of flattened screenshots. Check every exported slide at realistic viewing size for clipping, tiny text, crowded labels, missing fonts, contrast, broken links, and inaccessible source footnotes.",Conditional / data required,deck.json:speaker notes; native artifact layout/integrity receipt,All slides rendered and geometrically checked; external viewing/accessibility review not independently commissioned.,All slides rendered and geometrically checked; external viewing/accessibility review not independently commissioned.,Named owner in evidence/monitoring register; author for presentation implementation,Manual requirement review plus executable checks; section-level status conservatively inherited by its instruction blocks
R55.003,55,Slide design and speaker notes,1129,"For each substantive main slide, provide speaker notes containing:",Conditional / data required,deck.json:speaker notes; native artifact layout/integrity receipt,All slides rendered and geometrically checked; external viewing/accessibility review not independently commissioned.,All slides rendered and geometrically checked; external viewing/accessibility review not independently commissioned.,Named owner in evidence/monitoring register; author for presentation implementation,Manual requirement review plus executable checks; section-level status conservatively inherited by its instruction blocks
R55.004,55,Slide design and speaker notes,1131,1. What the slide means.,Conditional / data required,deck.json:speaker notes; native artifact layout/integrity receipt,All slides rendered and geometrically checked; external viewing/accessibility review not independently commissioned.,All slides rendered and geometrically checked; external viewing/accessibility review not independently commissioned.,Named owner in evidence/monitoring register; author for presentation implementation,Manual requirement review plus executable checks; section-level status conservatively inherited by its instruction blocks
R55.005,55,Slide design and speaker notes,1132,2. What evidence supports it.,Conditional / data required,deck.json:speaker notes; native artifact layout/integrity receipt,All slides rendered and geometrically checked; external viewing/accessibility review not independently commissioned.,All slides rendered and geometrically checked; external viewing/accessibility review not independently commissioned.,Named owner in evidence/monitoring register; author for presentation implementation,Manual requirement review plus executable checks; section-level status conservatively inherited by its instruction blocks
R55.006,55,Slide design and speaker notes,1133,3. The important assumption or limitation.,Conditional / data required,deck.json:speaker notes; native artifact layout/integrity receipt,All slides rendered and geometrically checked; external viewing/accessibility review not independently commissioned.,All slides rendered and geometrically checked; external viewing/accessibility review not independently commissioned.,Named owner in evidence/monitoring register; author for presentation implementation,Manual requirement review plus executable checks; section-level status conservatively inherited by its instruction blocks
R55.007,55,Slide design and speaker notes,1134,4. How the conclusion changes under an adverse case.,Conditional / data required,deck.json:speaker notes; native artifact layout/integrity receipt,All slides rendered and geometrically checked; external viewing/accessibility review not independently commissioned.,All slides rendered and geometrically checked; external viewing/accessibility review not independently commissioned.,Named owner in evidence/monitoring register; author for presentation implementation,Manual requirement review plus executable checks; section-level status conservatively inherited by its instruction blocks
R55.008,55,Slide design and speaker notes,1135,5. The likely CEO/CFO challenge and a concise answer.,Conditional / data required,deck.json:speaker notes; native artifact layout/integrity receipt,All slides rendered and geometrically checked; external viewing/accessibility review not independently commissioned.,All slides rendered and geometrically checked; external viewing/accessibility review not independently commissioned.,Named owner in evidence/monitoring register; author for presentation implementation,Manual requirement review plus executable checks; section-level status conservatively inherited by its instruction blocks
R55.009,55,Slide design and speaker notes,1136,6. The relevant source and appendix references.,Conditional / data required,deck.json:speaker notes; native artifact layout/integrity receipt,All slides rendered and geometrically checked; external viewing/accessibility review not independently commissioned.,All slides rendered and geometrically checked; external viewing/accessibility review not independently commissioned.,Named owner in evidence/monitoring register; author for presentation implementation,Manual requirement review plus executable checks; section-level status conservatively inherited by its instruction blocks
R55.010,55,Slide design and speaker notes,1138,Keep main-slide caveats short but material. Do not hide an assumption that reverses the recommendation in speaker notes or a footnote that no one can read.,Conditional / data required,deck.json:speaker notes; native artifact layout/integrity receipt,All slides rendered and geometrically checked; external viewing/accessibility review not independently commissioned.,All slides rendered and geometrically checked; external viewing/accessibility review not independently commissioned.,Named owner in evidence/monitoring register; author for presentation implementation,Manual requirement review plus executable checks; section-level status conservatively inherited by its instruction blocks
R55.011,55,Slide design and speaker notes,1140,"Prepare an executive reading version and an oral presentation version only if the difference improves usability. Both must share the same data and conclusions, with version names that prevent confusion.",Conditional / data required,deck.json:speaker notes; native artifact layout/integrity receipt,All slides rendered and geometrically checked; external viewing/accessibility review not independently commissioned.,All slides rendered and geometrically checked; external viewing/accessibility review not independently commissioned.,Named owner in evidence/monitoring register; author for presentation implementation,Manual requirement review plus executable checks; section-level status conservatively inherited by its instruction blocks
R56.001,56,Quality controls for accounting and physical consistency,1144,Build automated checks where they are meaningful. At minimum verify:,Conditional / data required,validation-checks.json; tests/olam-africa-strategy.ts; native artifact receipt,Automated numerical/lineage checks; actual physical/legal/customer assumptions remain unvalidated.,Automated numerical/lineage checks; actual physical/legal/customer assumptions remain unvalidated.,Named owner in evidence/monitoring register; author for presentation implementation,Manual requirement review plus executable checks; section-level status conservatively inherited by its instruction blocks
R56.002,56,Quality controls for accounting and physical consistency,1146,- Correct country-universe coverage and no duplicate identifiers.,Conditional / data required,validation-checks.json; tests/olam-africa-strategy.ts; native artifact receipt,Automated numerical/lineage checks; actual physical/legal/customer assumptions remain unvalidated.,Automated numerical/lineage checks; actual physical/legal/customer assumptions remain unvalidated.,Named owner in evidence/monitoring register; author for presentation implementation,Manual requirement review plus executable checks; section-level status conservatively inherited by its instruction blocks
R56.003,56,Quality controls for accounting and physical consistency,1147,- Product and HS concordance with explicit version treatment.,Conditional / data required,validation-checks.json; tests/olam-africa-strategy.ts; native artifact receipt,Automated numerical/lineage checks; actual physical/legal/customer assumptions remain unvalidated.,Automated numerical/lineage checks; actual physical/legal/customer assumptions remain unvalidated.,Named owner in evidence/monitoring register; author for presentation implementation,Manual requirement review plus executable checks; section-level status conservatively inherited by its instruction blocks
R56.004,56,Quality controls for accounting and physical consistency,1148,- Consistent dates and no future information in historical backtests.,Conditional / data required,validation-checks.json; tests/olam-africa-strategy.ts; native artifact receipt,Automated numerical/lineage checks; actual physical/legal/customer assumptions remain unvalidated.,Automated numerical/lineage checks; actual physical/legal/customer assumptions remain unvalidated.,Named owner in evidence/monitoring register; author for presentation implementation,Manual requirement review plus executable checks; section-level status conservatively inherited by its instruction blocks
R56.005,56,Quality controls for accounting and physical consistency,1149,- Unit and currency consistency.,Conditional / data required,validation-checks.json; tests/olam-africa-strategy.ts; native artifact receipt,Automated numerical/lineage checks; actual physical/legal/customer assumptions remain unvalidated.,Automated numerical/lineage checks; actual physical/legal/customer assumptions remain unvalidated.,Named owner in evidence/monitoring register; author for presentation implementation,Manual requirement review plus executable checks; section-level status conservatively inherited by its instruction blocks
R56.006,56,Quality controls for accounting and physical consistency,1150,"- Revenue, costs, EBIT, tax, and cash reconciliation.",Conditional / data required,validation-checks.json; tests/olam-africa-strategy.ts; native artifact receipt,Automated numerical/lineage checks; actual physical/legal/customer assumptions remain unvalidated.,Automated numerical/lineage checks; actual physical/legal/customer assumptions remain unvalidated.,Named owner in evidence/monitoring register; author for presentation implementation,Manual requirement review plus executable checks; section-level status conservatively inherited by its instruction blocks
R56.007,56,Quality controls for accounting and physical consistency,1151,"- Inventory, procurement, production, and deliveries balance physically.",Conditional / data required,validation-checks.json; tests/olam-africa-strategy.ts; native artifact receipt,Automated numerical/lineage checks; actual physical/legal/customer assumptions remain unvalidated.,Automated numerical/lineage checks; actual physical/legal/customer assumptions remain unvalidated.,Named owner in evidence/monitoring register; author for presentation implementation,Manual requirement review plus executable checks; section-level status conservatively inherited by its instruction blocks
R56.008,56,Quality controls for accounting and physical consistency,1152,- Capture within eligible demand and delivered sales within feasible supply.,Conditional / data required,validation-checks.json; tests/olam-africa-strategy.ts; native artifact receipt,Automated numerical/lineage checks; actual physical/legal/customer assumptions remain unvalidated.,Automated numerical/lineage checks; actual physical/legal/customer assumptions remain unvalidated.,Named owner in evidence/monitoring register; author for presentation implementation,Manual requirement review plus executable checks; section-level status conservatively inherited by its instruction blocks
R56.009,56,Quality controls for accounting and physical consistency,1153,- Capacity and utilisation within feasible operating limits.,Conditional / data required,validation-checks.json; tests/olam-africa-strategy.ts; native artifact receipt,Automated numerical/lineage checks; actual physical/legal/customer assumptions remain unvalidated.,Automated numerical/lineage checks; actual physical/legal/customer assumptions remain unvalidated.,Named owner in evidence/monitoring register; author for presentation implementation,Manual requirement review plus executable checks; section-level status conservatively inherited by its instruction blocks
R56.010,56,Quality controls for accounting and physical consistency,1154,- No duplicate working-capital release or network synergy.,Conditional / data required,validation-checks.json; tests/olam-africa-strategy.ts; native artifact receipt,Automated numerical/lineage checks; actual physical/legal/customer assumptions remain unvalidated.,Automated numerical/lineage checks; actual physical/legal/customer assumptions remain unvalidated.,Named owner in evidence/monitoring register; author for presentation implementation,Manual requirement review plus executable checks; section-level status conservatively inherited by its instruction blocks
R56.011,56,Quality controls for accounting and physical consistency,1155,- Consistent scenario drivers across dependent modules.,Conditional / data required,validation-checks.json; tests/olam-africa-strategy.ts; native artifact receipt,Automated numerical/lineage checks; actual physical/legal/customer assumptions remain unvalidated.,Automated numerical/lineage checks; actual physical/legal/customer assumptions remain unvalidated.,Named owner in evidence/monitoring register; author for presentation implementation,Manual requirement review plus executable checks; section-level status conservatively inherited by its instruction blocks
R56.012,56,Quality controls for accounting and physical consistency,1156,- Scenario weights sum correctly if used.,Conditional / data required,validation-checks.json; tests/olam-africa-strategy.ts; native artifact receipt,Automated numerical/lineage checks; actual physical/legal/customer assumptions remain unvalidated.,Automated numerical/lineage checks; actual physical/legal/customer assumptions remain unvalidated.,Named owner in evidence/monitoring register; author for presentation implementation,Manual requirement review plus executable checks; section-level status conservatively inherited by its instruction blocks
R56.013,56,Quality controls for accounting and physical consistency,1157,- Valid covariance/dependency specification.,Conditional / data required,validation-checks.json; tests/olam-africa-strategy.ts; native artifact receipt,Automated numerical/lineage checks; actual physical/legal/customer assumptions remain unvalidated.,Automated numerical/lineage checks; actual physical/legal/customer assumptions remain unvalidated.,Named owner in evidence/monitoring register; author for presentation implementation,Manual requirement review plus executable checks; section-level status conservatively inherited by its instruction blocks
R56.014,56,Quality controls for accounting and physical consistency,1158,- Simulation outputs agree with the deterministic model at fixed inputs.,Conditional / data required,validation-checks.json; tests/olam-africa-strategy.ts; native artifact receipt,Automated numerical/lineage checks; actual physical/legal/customer assumptions remain unvalidated.,Automated numerical/lineage checks; actual physical/legal/customer assumptions remain unvalidated.,Named owner in evidence/monitoring register; author for presentation implementation,Manual requirement review plus executable checks; section-level status conservatively inherited by its instruction blocks
R56.015,56,Quality controls for accounting and physical consistency,1159,- No probability claims from uncalibrated stress ranges.,Conditional / data required,validation-checks.json; tests/olam-africa-strategy.ts; native artifact receipt,Automated numerical/lineage checks; actual physical/legal/customer assumptions remain unvalidated.,Automated numerical/lineage checks; actual physical/legal/customer assumptions remain unvalidated.,Named owner in evidence/monitoring register; author for presentation implementation,Manual requirement review plus executable checks; section-level status conservatively inherited by its instruction blocks
R56.016,56,Quality controls for accounting and physical consistency,1160,- Source and calculation IDs resolve for every material displayed number.,Conditional / data required,validation-checks.json; tests/olam-africa-strategy.ts; native artifact receipt,Automated numerical/lineage checks; actual physical/legal/customer assumptions remain unvalidated.,Automated numerical/lineage checks; actual physical/legal/customer assumptions remain unvalidated.,Named owner in evidence/monitoring register; author for presentation implementation,Manual requirement review plus executable checks; section-level status conservatively inherited by its instruction blocks
R56.017,56,Quality controls for accounting and physical consistency,1161,- Thank you directly precedes the appendix.,Conditional / data required,validation-checks.json; tests/olam-africa-strategy.ts; native artifact receipt,Automated numerical/lineage checks; actual physical/legal/customer assumptions remain unvalidated.,Automated numerical/lineage checks; actual physical/legal/customer assumptions remain unvalidated.,Named owner in evidence/monitoring register; author for presentation implementation,Manual requirement review plus executable checks; section-level status conservatively inherited by its instruction blocks
R56.018,56,Quality controls for accounting and physical consistency,1162,"- Workbook, code, charts, deck, and country atlas agree.",Conditional / data required,validation-checks.json; tests/olam-africa-strategy.ts; native artifact receipt,Automated numerical/lineage checks; actual physical/legal/customer assumptions remain unvalidated.,Automated numerical/lineage checks; actual physical/legal/customer assumptions remain unvalidated.,Named owner in evidence/monitoring register; author for presentation implementation,Manual requirement review plus executable checks; section-level status conservatively inherited by its instruction blocks
R56.019,56,Quality controls for accounting and physical consistency,1164,"Run accounting, physical, and numerical checks separately from substantive challenge. Passing a software test does not prove a business assumption true. Report what was checked and any failed or unresolved checks.",Conditional / data required,validation-checks.json; tests/olam-africa-strategy.ts; native artifact receipt,Automated numerical/lineage checks; actual physical/legal/customer assumptions remain unvalidated.,Automated numerical/lineage checks; actual physical/legal/customer assumptions remain unvalidated.,Named owner in evidence/monitoring register; author for presentation implementation,Manual requirement review plus executable checks; section-level status conservatively inherited by its instruction blocks
R56.020,56,Quality controls for accounting and physical consistency,1166,"Do not invent a count such as `100 rigorous reviews` without actual distinct, documented work. Prefer a concise validation log describing material findings and their resolution.",Conditional / data required,validation-checks.json; tests/olam-africa-strategy.ts; native artifact receipt,Automated numerical/lineage checks; actual physical/legal/customer assumptions remain unvalidated.,Automated numerical/lineage checks; actual physical/legal/customer assumptions remain unvalidated.,Named owner in evidence/monitoring register; author for presentation implementation,Manual requirement review plus executable checks; section-level status conservatively inherited by its instruction blocks
R57.001,57,Red-team review: challenge the case before the CEO does,1170,Conduct a substantive review from these perspectives:,Conditional / data required,red-team-register.csv; validation-and-red-team.md,Ten specified perspectives documented by author; independent specialist review not commissioned.,Ten specified perspectives documented by author; independent specialist review not commissioned.,Named owner in evidence/monitoring register; author for presentation implementation,Manual requirement review plus executable checks; section-level status conservatively inherited by its instruction blocks
R57.002,57,Red-team review: challenge the case before the CEO does,1172,**CEO:** What changes strategy? Which capability compounds? Why these markets? What remains useful if the central forecast is wrong?,Conditional / data required,red-team-register.csv; validation-and-red-team.md,Ten specified perspectives documented by author; independent specialist review not commissioned.,Ten specified perspectives documented by author; independent specialist review not commissioned.,Named owner in evidence/monitoring register; author for presentation implementation,Manual requirement review plus executable checks; section-level status conservatively inherited by its instruction blocks
R57.003,57,Red-team review: challenge the case before the CEO does,1174,"**CFO:** Are cash, tax, currency, capital, and working capital consistent? Is terminal value doing too much work? What funding is required under stress?",Conditional / data required,red-team-register.csv; validation-and-red-team.md,Ten specified perspectives documented by author; independent specialist review not commissioned.,Ten specified perspectives documented by author; independent specialist review not commissioned.,Named owner in evidence/monitoring register; author for presentation implementation,Manual requirement review plus executable checks; section-level status conservatively inherited by its instruction blocks
R57.004,57,Red-team review: challenge the case before the CEO does,1176,"**Treasury:** Where are FX, commodity, counterparty, collateral, and liquidity exposures? Are risk charges or hedges counted twice?",Conditional / data required,red-team-register.csv; validation-and-red-team.md,Ten specified perspectives documented by author; independent specialist review not commissioned.,Ten specified perspectives documented by author; independent specialist review not commissioned.,Named owner in evidence/monitoring register; author for presentation implementation,Manual requirement review plus executable checks; section-level status conservatively inherited by its instruction blocks
R57.005,57,Red-team review: challenge the case before the CEO does,1178,"**Country leader:** Are local rules, relationships, channels, execution, and customer behaviour represented? What does headquarters misunderstand?",Conditional / data required,red-team-register.csv; validation-and-red-team.md,Ten specified perspectives documented by author; independent specialist review not commissioned.,Ten specified perspectives documented by author; independent specialist review not commissioned.,Named owner in evidence/monitoring register; author for presentation implementation,Manual requirement review plus executable checks; section-level status conservatively inherited by its instruction blocks
R57.006,57,Red-team review: challenge the case before the CEO does,1180,"**Category leader:** Are demand, substitutes, quality, formulation, technical service, and competitive dynamics credible?",Conditional / data required,red-team-register.csv; validation-and-red-team.md,Ten specified perspectives documented by author; independent specialist review not commissioned.,Ten specified perspectives documented by author; independent specialist review not commissioned.,Named owner in evidence/monitoring register; author for presentation implementation,Manual requirement review plus executable checks; section-level status conservatively inherited by its instruction blocks
R57.007,57,Red-team review: challenge the case before the CEO does,1182,**Procurement and operations:** Can supply and service deliver the proposed demand? What happens to capacity and inventory in the peak season?,Conditional / data required,red-team-register.csv; validation-and-red-team.md,Ten specified perspectives documented by author; independent specialist review not commissioned.,Ten specified perspectives documented by author; independent specialist review not commissioned.,Named owner in evidence/monitoring register; author for presentation implementation,Manual requirement review plus executable checks; section-level status conservatively inherited by its instruction blocks
R57.008,57,Red-team review: challenge the case before the CEO does,1184,"**Climate and sustainability expert:** Are physical pathways, geographic exposures, adaptation limits, claims, and rights constraints defensible?",Conditional / data required,red-team-register.csv; validation-and-red-team.md,Ten specified perspectives documented by author; independent specialist review not commissioned.,Ten specified perspectives documented by author; independent specialist review not commissioned.,Named owner in evidence/monitoring register; author for presentation implementation,Manual requirement review plus executable checks; section-level status conservatively inherited by its instruction blocks
R57.009,57,Red-team review: challenge the case before the CEO does,1186,**Econometrician:** Are the coefficients identified? Is the model overfit? Does validation support the transfer and horizon claims?,Conditional / data required,red-team-register.csv; validation-and-red-team.md,Ten specified perspectives documented by author; independent specialist review not commissioned.,Ten specified perspectives documented by author; independent specialist review not commissioned.,Named owner in evidence/monitoring register; author for presentation implementation,Manual requirement review plus executable checks; section-level status conservatively inherited by its instruction blocks
R57.010,57,Red-team review: challenge the case before the CEO does,1188,"**Marketing measurement expert:** Is the lift incremental? Are availability, seasonality, price, stock loading, and cannibalisation controlled?",Conditional / data required,red-team-register.csv; validation-and-red-team.md,Ten specified perspectives documented by author; independent specialist review not commissioned.,Ten specified perspectives documented by author; independent specialist review not commissioned.,Named owner in evidence/monitoring register; author for presentation implementation,Manual requirement review plus executable checks; section-level status conservatively inherited by its instruction blocks
R57.011,57,Red-team review: challenge the case before the CEO does,1190,"**Sceptical investor:** What must go right? What invalidates the case? Why does doing nothing, partnering, or waiting not dominate?",Conditional / data required,red-team-register.csv; validation-and-red-team.md,Ten specified perspectives documented by author; independent specialist review not commissioned.,Ten specified perspectives documented by author; independent specialist review not commissioned.,Named owner in evidence/monitoring register; author for presentation implementation,Manual requirement review plus executable checks; section-level status conservatively inherited by its instruction blocks
R57.012,57,Red-team review: challenge the case before the CEO does,1192,"Record the objection, supporting evidence, whether it changes the recommendation, correction, and unresolved uncertainty. A credible unresolved issue should remain visible rather than being explained away rhetorically.",Conditional / data required,red-team-register.csv; validation-and-red-team.md,Ten specified perspectives documented by author; independent specialist review not commissioned.,Ten specified perspectives documented by author; independent specialist review not commissioned.,Named owner in evidence/monitoring register; author for presentation implementation,Manual requirement review plus executable checks; section-level status conservatively inherited by its instruction blocks
R58.001,58,Specific questions the finished deck must answer,1196,"Answer these clearly, with supporting appendix references:",Verified scope / implementation,ceo-question-register.csv; ceo-questions.md,Implementation/evidence present at referenced artifact; verify substantive limits rather than treating populated fields as business proof.,"Retain regression, source and artifact checks on refresh.",Named owner in evidence/monitoring register; author for presentation implementation,Manual requirement review plus executable checks; section-level status conservatively inherited by its instruction blocks
R58.002,58,Specific questions the finished deck must answer,1198,"1. Which five to ten country-product-entry-mode opportunities deserve the next serious diligence effort, and why?",Verified scope / implementation,ceo-question-register.csv; ceo-questions.md,Implementation/evidence present at referenced artifact; verify substantive limits rather than treating populated fields as business proof.,"Retain regression, source and artifact checks on refresh.",Named owner in evidence/monitoring register; author for presentation implementation,Manual requirement review plus executable checks; section-level status conservatively inherited by its instruction blocks
R58.003,58,Specific questions the finished deck must answer,1199,2. Which current operations should deepen before new-country entry?,Verified scope / implementation,ceo-question-register.csv; ceo-questions.md,Implementation/evidence present at referenced artifact; verify substantive limits rather than treating populated fields as business proof.,"Retain regression, source and artifact checks on refresh.",Named owner in evidence/monitoring register; author for presentation implementation,Manual requirement review plus executable checks; section-level status conservatively inherited by its instruction blocks
R58.004,58,Specific questions the finished deck must answer,1200,3. Which countries matter primarily as origins or corridors rather than consumer markets?,Verified scope / implementation,ceo-question-register.csv; ceo-questions.md,Implementation/evidence present at referenced artifact; verify substantive limits rather than treating populated fields as business proof.,"Retain regression, source and artifact checks on refresh.",Named owner in evidence/monitoring register; author for presentation implementation,Manual requirement review plus executable checks; section-level status conservatively inherited by its instruction blocks
R58.005,58,Specific questions the finished deck must answer,1201,4. Where is market growth unattractive after financing and delivery constraints?,Verified scope / implementation,ceo-question-register.csv; ceo-questions.md,Implementation/evidence present at referenced artifact; verify substantive limits rather than treating populated fields as business proof.,"Retain regression, source and artifact checks on refresh.",Named owner in evidence/monitoring register; author for presentation implementation,Manual requirement review plus executable checks; section-level status conservatively inherited by its instruction blocks
R58.006,58,Specific questions the finished deck must answer,1202,5. Which opportunities remain viable across the plausible scenario set?,Verified scope / implementation,ceo-question-register.csv; ceo-questions.md,Implementation/evidence present at referenced artifact; verify substantive limits rather than treating populated fields as business proof.,"Retain regression, source and artifact checks on refresh.",Named owner in evidence/monitoring register; author for presentation implementation,Manual requirement review plus executable checks; section-level status conservatively inherited by its instruction blocks
R58.007,58,Specific questions the finished deck must answer,1203,6. What changes if population grows but real household affordability deteriorates?,Verified scope / implementation,ceo-question-register.csv; ceo-questions.md,Implementation/evidence present at referenced artifact; verify substantive limits rather than treating populated fields as business proof.,"Retain regression, source and artifact checks on refresh.",Named owner in evidence/monitoring register; author for presentation implementation,Manual requirement review plus executable checks; section-level status conservatively inherited by its instruction blocks
R58.008,58,Specific questions the finished deck must answer,1204,7. What changes in aging or declining populations with high purchasing power?,Verified scope / implementation,ceo-question-register.csv; ceo-questions.md,Implementation/evidence present at referenced artifact; verify substantive limits rather than treating populated fields as business proof.,"Retain regression, source and artifact checks on refresh.",Named owner in evidence/monitoring register; author for presentation implementation,Manual requirement review plus executable checks; section-level status conservatively inherited by its instruction blocks
R58.009,58,Specific questions the finished deck must answer,1205,"8. Where does climate create a new sourcing option, and where does adaptation fail?",Verified scope / implementation,ceo-question-register.csv; ceo-questions.md,Implementation/evidence present at referenced artifact; verify substantive limits rather than treating populated fields as business proof.,"Retain regression, source and artifact checks on refresh.",Named owner in evidence/monitoring register; author for presentation implementation,Manual requirement review plus executable checks; section-level status conservatively inherited by its instruction blocks
R58.010,58,Specific questions the finished deck must answer,1206,"9. Which apparent diversification gains disappear because of common origins, weather, or ports?",Verified scope / implementation,ceo-question-register.csv; ceo-questions.md,Implementation/evidence present at referenced artifact; verify substantive limits rather than treating populated fields as business proof.,"Retain regression, source and artifact checks on refresh.",Named owner in evidence/monitoring register; author for presentation implementation,Manual requirement review plus executable checks; section-level status conservatively inherited by its instruction blocks
R58.011,58,Specific questions the finished deck must answer,1207,"10. Where does trade fragmentation favour local processing, and where does it destroy the economics?",Verified scope / implementation,ceo-question-register.csv; ceo-questions.md,Implementation/evidence present at referenced artifact; verify substantive limits rather than treating populated fields as business proof.,"Retain regression, source and artifact checks on refresh.",Named owner in evidence/monitoring register; author for presentation implementation,Manual requirement review plus executable checks; section-level status conservatively inherited by its instruction blocks
R58.012,58,Specific questions the finished deck must answer,1208,11. Which health or nutrition changes have purchase evidence rather than fashionable narratives?,Verified scope / implementation,ceo-question-register.csv; ceo-questions.md,Implementation/evidence present at referenced artifact; verify substantive limits rather than treating populated fields as business proof.,"Retain regression, source and artifact checks on refresh.",Named owner in evidence/monitoring register; author for presentation implementation,Manual requirement review plus executable checks; section-level status conservatively inherited by its instruction blocks
R58.013,58,Specific questions the finished deck must answer,1209,12. Which customer problem can Olam solve profitably with a measurable advantage?,Verified scope / implementation,ceo-question-register.csv; ceo-questions.md,Implementation/evidence present at referenced artifact; verify substantive limits rather than treating populated fields as business proof.,"Retain regression, source and artifact checks on refresh.",Named owner in evidence/monitoring register; author for presentation implementation,Manual requirement review plus executable checks; section-level status conservatively inherited by its instruction blocks
R58.014,58,Specific questions the finished deck must answer,1210,"13. What price, pack, service, or channel mechanism improves both customer economics and Olam cash?",Verified scope / implementation,ceo-question-register.csv; ceo-questions.md,Implementation/evidence present at referenced artifact; verify substantive limits rather than treating populated fields as business proof.,"Retain regression, source and artifact checks on refresh.",Named owner in evidence/monitoring register; author for presentation implementation,Manual requirement review plus executable checks; section-level status conservatively inherited by its instruction blocks
R58.015,58,Specific questions the finished deck must answer,1211,"14. Where is marketing the binding constraint, and where is supply, service, or credit the binding constraint?",Verified scope / implementation,ceo-question-register.csv; ceo-questions.md,Implementation/evidence present at referenced artifact; verify substantive limits rather than treating populated fields as business proof.,"Retain regression, source and artifact checks on refresh.",Named owner in evidence/monitoring register; author for presentation implementation,Manual requirement review plus executable checks; section-level status conservatively inherited by its instruction blocks
R58.016,58,Specific questions the finished deck must answer,1212,"15. Which capital commitments should be staged, partnered, deferred, or rejected?",Verified scope / implementation,ceo-question-register.csv; ceo-questions.md,Implementation/evidence present at referenced artifact; verify substantive limits rather than treating populated fields as business proof.,"Retain regression, source and artifact checks on refresh.",Named owner in evidence/monitoring register; author for presentation implementation,Manual requirement review plus executable checks; section-level status conservatively inherited by its instruction blocks
R58.017,58,Specific questions the finished deck must answer,1213,16. What evidence would overturn each major recommendation?,Verified scope / implementation,ceo-question-register.csv; ceo-questions.md,Implementation/evidence present at referenced artifact; verify substantive limits rather than treating populated fields as business proof.,"Retain regression, source and artifact checks on refresh.",Named owner in evidence/monitoring register; author for presentation implementation,Manual requirement review plus executable checks; section-level status conservatively inherited by its instruction blocks
R58.018,58,Specific questions the finished deck must answer,1214,17. What is the liquidity need in the worst credible combined stress?,Verified scope / implementation,ceo-question-register.csv; ceo-questions.md,Implementation/evidence present at referenced artifact; verify substantive limits rather than treating populated fields as business proof.,"Retain regression, source and artifact checks on refresh.",Named owner in evidence/monitoring register; author for presentation implementation,Manual requirement review plus executable checks; section-level status conservatively inherited by its instruction blocks
R58.019,58,Specific questions the finished deck must answer,1215,"18. What proportion of value depends on long-run, terminal, or uncertain assumptions?",Verified scope / implementation,ceo-question-register.csv; ceo-questions.md,Implementation/evidence present at referenced artifact; verify substantive limits rather than treating populated fields as business proof.,"Retain regression, source and artifact checks on refresh.",Named owner in evidence/monitoring register; author for presentation implementation,Manual requirement review plus executable checks; section-level status conservatively inherited by its instruction blocks
R58.020,58,Specific questions the finished deck must answer,1216,19. Which parameters deserve immediate research because they change a decision?,Verified scope / implementation,ceo-question-register.csv; ceo-questions.md,Implementation/evidence present at referenced artifact; verify substantive limits rather than treating populated fields as business proof.,"Retain regression, source and artifact checks on refresh.",Named owner in evidence/monitoring register; author for presentation implementation,Manual requirement review plus executable checks; section-level status conservatively inherited by its instruction blocks
R58.021,58,Specific questions the finished deck must answer,1217,20. What measurable work can I perform in the first 90 days?,Verified scope / implementation,ceo-question-register.csv; ceo-questions.md,Implementation/evidence present at referenced artifact; verify substantive limits rather than treating populated fields as business proof.,"Retain regression, source and artifact checks on refresh.",Named owner in evidence/monitoring register; author for presentation implementation,Manual requirement review plus executable checks; section-level status conservatively inherited by its instruction blocks
R58.022,58,Specific questions the finished deck must answer,1218,21. How will the decision model be maintained and challenged after the deck is delivered?,Verified scope / implementation,ceo-question-register.csv; ceo-questions.md,Implementation/evidence present at referenced artifact; verify substantive limits rather than treating populated fields as business proof.,"Retain regression, source and artifact checks on refresh.",Named owner in evidence/monitoring register; author for presentation implementation,Manual requirement review plus executable checks; section-level status conservatively inherited by its instruction blocks
R58.023,58,Specific questions the finished deck must answer,1219,"22. What is actually distinctive about the proposed analytical integration, and what is established prior work?",Verified scope / implementation,ceo-question-register.csv; ceo-questions.md,Implementation/evidence present at referenced artifact; verify substantive limits rather than treating populated fields as business proof.,"Retain regression, source and artifact checks on refresh.",Named owner in evidence/monitoring register; author for presentation implementation,Manual requirement review plus executable checks; section-level status conservatively inherited by its instruction blocks
R59.001,59,Strategic hypotheses to test without forcing the answer,1223,Investigate the following possibilities. Do not assume that the evidence will support them:,Conditional / data required,hypothesis-register.csv; strategic-hypotheses.md,12 hypotheses with tests/results/falsifiers; field evidence unexecuted.,12 hypotheses with tests/results/falsifiers; field evidence unexecuted.,Named owner in evidence/monitoring register; author for presentation implementation,Manual requirement review plus executable checks; section-level status conservatively inherited by its instruction blocks
R59.002,59,Strategic hypotheses to test without forcing the answer,1225,- Customer cash constraints may matter more than national category size for a particular pack or route.,Conditional / data required,hypothesis-register.csv; strategic-hypotheses.md,12 hypotheses with tests/results/falsifiers; field evidence unexecuted.,12 hypotheses with tests/results/falsifiers; field evidence unexecuted.,Named owner in evidence/monitoring register; author for presentation implementation,Manual requirement review plus executable checks; section-level status conservatively inherited by its instruction blocks
R59.003,59,Strategic hypotheses to test without forcing the answer,1226,- A reliably delivered staple may outperform a heavily advertised but intermittently available alternative.,Conditional / data required,hypothesis-register.csv; strategic-hypotheses.md,12 hypotheses with tests/results/falsifiers; field evidence unexecuted.,12 hypotheses with tests/results/falsifiers; field evidence unexecuted.,Named owner in evidence/monitoring register; author for presentation implementation,Manual requirement review plus executable checks; section-level status conservatively inherited by its instruction blocks
R59.004,59,Strategic hypotheses to test without forcing the answer,1227,- Technical service that improves customer output economics may create durable commercial value beyond awareness.,Conditional / data required,hypothesis-register.csv; strategic-hypotheses.md,12 hypotheses with tests/results/falsifiers; field evidence unexecuted.,12 hypotheses with tests/results/falsifiers; field evidence unexecuted.,Named owner in evidence/monitoring register; author for presentation implementation,Manual requirement review plus executable checks; section-level status conservatively inherited by its instruction blocks
R59.005,59,Strategic hypotheses to test without forcing the answer,1228,- Working-capital improvement may change the expansion ranking more than revenue growth.,Conditional / data required,hypothesis-register.csv; strategic-hypotheses.md,12 hypotheses with tests/results/falsifiers; field evidence unexecuted.,12 hypotheses with tests/results/falsifiers; field evidence unexecuted.,Named owner in evidence/monitoring register; author for presentation implementation,Manual requirement review plus executable checks; section-level status conservatively inherited by its instruction blocks
R59.006,59,Strategic hypotheses to test without forcing the answer,1229,"- Local processing can hedge some policy or freight exposure while creating new raw-input, financing, or water exposure.",Conditional / data required,hypothesis-register.csv; strategic-hypotheses.md,12 hypotheses with tests/results/falsifiers; field evidence unexecuted.,12 hypotheses with tests/results/falsifiers; field evidence unexecuted.,Named owner in evidence/monitoring register; author for presentation implementation,Manual requirement review plus executable checks; section-level status conservatively inherited by its instruction blocks
R59.007,59,Strategic hypotheses to test without forcing the answer,1230,"- A small, transferable pilot may change many later allocation decisions more than a large market launch.",Conditional / data required,hypothesis-register.csv; strategic-hypotheses.md,12 hypotheses with tests/results/falsifiers; field evidence unexecuted.,12 hypotheses with tests/results/falsifiers; field evidence unexecuted.,Named owner in evidence/monitoring register; author for presentation implementation,Manual requirement review plus executable checks; section-level status conservatively inherited by its instruction blocks
R59.008,59,Strategic hypotheses to test without forcing the answer,1231,- A sourcing portfolio diversified by country may still be concentrated by climate regime or shipping corridor.,Conditional / data required,hypothesis-register.csv; strategic-hypotheses.md,12 hypotheses with tests/results/falsifiers; field evidence unexecuted.,12 hypotheses with tests/results/falsifiers; field evidence unexecuted.,Named owner in evidence/monitoring register; author for presentation implementation,Manual requirement review plus executable checks; section-level status conservatively inherited by its instruction blocks
R59.009,59,Strategic hypotheses to test without forcing the answer,1232,- Health-related product opportunities may require price and distribution innovation more than premium positioning.,Conditional / data required,hypothesis-register.csv; strategic-hypotheses.md,12 hypotheses with tests/results/falsifiers; field evidence unexecuted.,12 hypotheses with tests/results/falsifiers; field evidence unexecuted.,Named owner in evidence/monitoring register; author for presentation implementation,Manual requirement review plus executable checks; section-level status conservatively inherited by its instruction blocks
R59.010,59,Strategic hypotheses to test without forcing the answer,1233,- Trade disruption may create temporary spreads that do not justify permanent assets.,Conditional / data required,hypothesis-register.csv; strategic-hypotheses.md,12 hypotheses with tests/results/falsifiers; field evidence unexecuted.,12 hypotheses with tests/results/falsifiers; field evidence unexecuted.,Named owner in evidence/monitoring register; author for presentation implementation,Manual requirement review plus executable checks; section-level status conservatively inherited by its instruction blocks
R59.011,59,Strategic hypotheses to test without forcing the answer,1234,"- A low-NPV project in isolation may be useful as backup network capacity, but only if the avoided-loss mechanism is measurable and consolidated.",Conditional / data required,hypothesis-register.csv; strategic-hypotheses.md,12 hypotheses with tests/results/falsifiers; field evidence unexecuted.,12 hypotheses with tests/results/falsifiers; field evidence unexecuted.,Named owner in evidence/monitoring register; author for presentation implementation,Manual requirement review plus executable checks; section-level status conservatively inherited by its instruction blocks
R59.012,59,Strategic hypotheses to test without forcing the answer,1235,- Better information can be valuable while a resulting decision is to stop spending.,Conditional / data required,hypothesis-register.csv; strategic-hypotheses.md,12 hypotheses with tests/results/falsifiers; field evidence unexecuted.,12 hypotheses with tests/results/falsifiers; field evidence unexecuted.,Named owner in evidence/monitoring register; author for presentation implementation,Manual requirement review plus executable checks; section-level status conservatively inherited by its instruction blocks
R59.013,59,Strategic hypotheses to test without forcing the answer,1236,- A 25-year strategy may be most effective when it defines adaptive rules rather than a fixed country entry timetable.,Conditional / data required,hypothesis-register.csv; strategic-hypotheses.md,12 hypotheses with tests/results/falsifiers; field evidence unexecuted.,12 hypotheses with tests/results/falsifiers; field evidence unexecuted.,Named owner in evidence/monitoring register; author for presentation implementation,Manual requirement review plus executable checks; section-level status conservatively inherited by its instruction blocks
R59.014,59,Strategic hypotheses to test without forcing the answer,1238,"For every tested hypothesis, report the evidence, competing explanation, model or test, result, uncertainty, business implication, and falsifier. Negative results are legitimate outputs.",Conditional / data required,hypothesis-register.csv; strategic-hypotheses.md,12 hypotheses with tests/results/falsifiers; field evidence unexecuted.,12 hypotheses with tests/results/falsifiers; field evidence unexecuted.,Named owner in evidence/monitoring register; author for presentation implementation,Manual requirement review plus executable checks; section-level status conservatively inherited by its instruction blocks
R60.001,60,Modelled financial cases for every scenario and country,1242,"For each country, present a scenario table with the relevant product and entry opportunity, central and downside economics, assumptions, and recommendation. Provide full annual financial models for meaningful proposed investments and threshold models for preliminary cases.",Conditional / data required,country-scenario-matrix.csv; C-DCF; C-SENSITIVITY; country atlas,All country worlds/milestones and thresholds complete; no investment-grade country valuation.,All country worlds/milestones and thresholds complete; no investment-grade country valuation.,Named owner in evidence/monitoring register; author for presentation implementation,Manual requirement review plus executable checks; section-level status conservatively inherited by its instruction blocks
R60.002,60,Modelled financial cases for every scenario and country,1244,Use three maturity labels:,Conditional / data required,country-scenario-matrix.csv; C-DCF; C-SENSITIVITY; country atlas,All country worlds/milestones and thresholds complete; no investment-grade country valuation.,All country worlds/milestones and thresholds complete; no investment-grade country valuation.,Named owner in evidence/monitoring register; author for presentation implementation,Manual requirement review plus executable checks; section-level status conservatively inherited by its instruction blocks
R60.003,60,Modelled financial cases for every scenario and country,1246,**Investment-grade candidate:** sufficient company/market evidence and Finance-reviewed mechanics to enter formal diligence; still not management approval.,Conditional / data required,country-scenario-matrix.csv; C-DCF; C-SENSITIVITY; country atlas,All country worlds/milestones and thresholds complete; no investment-grade country valuation.,All country worlds/milestones and thresholds complete; no investment-grade country valuation.,Named owner in evidence/monitoring register; author for presentation implementation,Manual requirement review plus executable checks; section-level status conservatively inherited by its instruction blocks
R60.004,60,Modelled financial cases for every scenario and country,1248,**Provisional model:** coherent scenario calculations using documented proxies and assumptions; data needed before capital commitment.,Conditional / data required,country-scenario-matrix.csv; C-DCF; C-SENSITIVITY; country atlas,All country worlds/milestones and thresholds complete; no investment-grade country valuation.,All country worlds/milestones and thresholds complete; no investment-grade country valuation.,Named owner in evidence/monitoring register; author for presentation implementation,Manual requirement review plus executable checks; section-level status conservatively inherited by its instruction blocks
R60.005,60,Modelled financial cases for every scenario and country,1250,"**Threshold-only case:** insufficient support for a credible valuation, but a clear break-even boundary and evidence plan.",Conditional / data required,country-scenario-matrix.csv; C-DCF; C-SENSITIVITY; country atlas,All country worlds/milestones and thresholds complete; no investment-grade country valuation.,All country worlds/milestones and thresholds complete; no investment-grade country valuation.,Named owner in evidence/monitoring register; author for presentation implementation,Manual requirement review plus executable checks; section-level status conservatively inherited by its instruction blocks
R60.006,60,Modelled financial cases for every scenario and country,1252,"All three categories can contain rigorous calculations. The distinction is evidence strength, not whether a spreadsheet produces a number.",Conditional / data required,country-scenario-matrix.csv; C-DCF; C-SENSITIVITY; country atlas,All country worlds/milestones and thresholds complete; no investment-grade country valuation.,All country worlds/milestones and thresholds complete; no investment-grade country valuation.,Named owner in evidence/monitoring register; author for presentation implementation,Manual requirement review plus executable checks; section-level status conservatively inherited by its instruction blocks
R60.007,60,Modelled financial cases for every scenario and country,1254,"For unsupported country inputs, calculate ranges for volume, margin, utilisation, and capex from transparent comparables or structural bounds. Show how recommendations change across those ranges. Do not conceal a weak case behind a single assumed market share and discount rate.",Conditional / data required,country-scenario-matrix.csv; C-DCF; C-SENSITIVITY; country atlas,All country worlds/milestones and thresholds complete; no investment-grade country valuation.,All country worlds/milestones and thresholds complete; no investment-grade country valuation.,Named owner in evidence/monitoring register; author for presentation implementation,Manual requirement review plus executable checks; section-level status conservatively inherited by its instruction blocks
R60.008,60,Modelled financial cases for every scenario and country,1256,"For legally or physically infeasible opportunities, state that the financial case is not actionable and identify the barrier. Do not assume that a sufficiently high modelled NPV authorises entry.",Conditional / data required,country-scenario-matrix.csv; C-DCF; C-SENSITIVITY; country atlas,All country worlds/milestones and thresholds complete; no investment-grade country valuation.,All country worlds/milestones and thresholds complete; no investment-grade country valuation.,Named owner in evidence/monitoring register; author for presentation implementation,Manual requirement review plus executable checks; section-level status conservatively inherited by its instruction blocks
R60.009,60,Modelled financial cases for every scenario and country,1258,Compare the project's financial case with the counterfactual under the same world. Do not compare an optimistic investment future with an unrelated pessimistic no-investment future to create artificial incremental value.,Conditional / data required,country-scenario-matrix.csv; C-DCF; C-SENSITIVITY; country atlas,All country worlds/milestones and thresholds complete; no investment-grade country valuation.,All country worlds/milestones and thresholds complete; no investment-grade country valuation.,Named owner in evidence/monitoring register; author for presentation implementation,Manual requirement review plus executable checks; section-level status conservatively inherited by its instruction blocks
R61.001,61,Monitoring and the continuing intelligence system,1262,"Design a maintainable system after the presentation. Define source refresh cadence, data owner, model owner, editorial reviewer, and decision-review cadence. Volatile indicators may require daily or weekly monitoring; demographic or long-run climate inputs may update much less often.",Verified scope / implementation,monitoring-register.csv; monitoring-specification.md,Implementation/evidence present at referenced artifact; verify substantive limits rather than treating populated fields as business proof.,"Retain regression, source and artifact checks on refresh.",Named owner in evidence/monitoring register; author for presentation implementation,Manual requirement review plus executable checks; section-level status conservatively inherited by its instruction blocks
R61.002,61,Monitoring and the continuing intelligence system,1264,"Monitor a small set of decision-relevant triggers for each priority case: demand/price, customer repeat, net contribution, stockout/service, corridor performance, working capital, financing, policy, climate, supplier continuity, and competition.",Verified scope / implementation,monitoring-register.csv; monitoring-specification.md,Implementation/evidence present at referenced artifact; verify substantive limits rather than treating populated fields as business proof.,"Retain regression, source and artifact checks on refresh.",Named owner in evidence/monitoring register; author for presentation implementation,Manual requirement review plus executable checks; section-level status conservatively inherited by its instruction blocks
R61.003,61,Monitoring and the continuing intelligence system,1266,"Each alert should state the observation, source, expected economic consequence, uncertainty, recommended investigation, and threshold action. Avoid a dashboard that creates noise without changing decisions.",Verified scope / implementation,monitoring-register.csv; monitoring-specification.md,Implementation/evidence present at referenced artifact; verify substantive limits rather than treating populated fields as business proof.,"Retain regression, source and artifact checks on refresh.",Named owner in evidence/monitoring register; author for presentation implementation,Manual requirement review plus executable checks; section-level status conservatively inherited by its instruction blocks
R61.004,61,Monitoring and the continuing intelligence system,1268,"Version assumptions and forecasts. Track forecast error and decision outcomes. Define re-estimation, model replacement, and retirement criteria. A model must be able to lose authority when its assumptions or performance fail.",Verified scope / implementation,monitoring-register.csv; monitoring-specification.md,Implementation/evidence present at referenced artifact; verify substantive limits rather than treating populated fields as business proof.,"Retain regression, source and artifact checks on refresh.",Named owner in evidence/monitoring register; author for presentation implementation,Manual requirement review plus executable checks; section-level status conservatively inherited by its instruction blocks
R61.005,61,Monitoring and the continuing intelligence system,1270,"Preserve the distinction between external signal and internal operational proof. A national price estimate, programme reach, or continent-wide market projection should trigger investigation; it cannot independently prove a particular Olam customer or route outcome.",Verified scope / implementation,monitoring-register.csv; monitoring-specification.md,Implementation/evidence present at referenced artifact; verify substantive limits rather than treating populated fields as business proof.,"Retain regression, source and artifact checks on refresh.",Named owner in evidence/monitoring register; author for presentation implementation,Manual requirement review plus executable checks; section-level status conservatively inherited by its instruction blocks
R62.001,62,Required deliverables,1274,"Deliver a complete, coherent package:",Conditional / data required,package-manifest.json;14 deliverables and indexed reports,Formats delivered; full completeness subject to documented data and substantive review gaps.,Formats delivered; full completeness subject to documented data and substantive review gaps.,Named owner in evidence/monitoring register; author for presentation implementation,Manual requirement review plus executable checks; section-level status conservatively inherited by its instruction blocks
R62.002,62,Required deliverables,1276,"1. Refined editable PowerPoint deck with the main presentation, thank-you slide immediately before the appendix, and a navigable technical appendix.",Conditional / data required,package-manifest.json;14 deliverables and indexed reports,Formats delivered; full completeness subject to documented data and substantive review gaps.,Formats delivered; full completeness subject to documented data and substantive review gaps.,Named owner in evidence/monitoring register; author for presentation implementation,Manual requirement review plus executable checks; section-level status conservatively inherited by its instruction blocks
R62.003,62,Required deliverables,1277,2. A PDF rendering checked slide by slide.,Conditional / data required,package-manifest.json;14 deliverables and indexed reports,Formats delivered; full completeness subject to documented data and substantive review gaps.,Formats delivered; full completeness subject to documented data and substantive review gaps.,Named owner in evidence/monitoring register; author for presentation implementation,Manual requirement review plus executable checks; section-level status conservatively inherited by its instruction blocks
R62.004,62,Required deliverables,1278,3. Executive decision memo of approximately two to four pages.,Conditional / data required,package-manifest.json;14 deliverables and indexed reports,Formats delivered; full completeness subject to documented data and substantive review gaps.,Formats delivered; full completeness subject to documented data and substantive review gaps.,Named owner in evidence/monitoring register; author for presentation implementation,Manual requirement review plus executable checks; section-level status conservatively inherited by its instruction blocks
R62.005,62,Required deliverables,1279,4. Complete all-country atlas with country-product-scenario dispositions and evidence status.,Conditional / data required,package-manifest.json;14 deliverables and indexed reports,Formats delivered; full completeness subject to documented data and substantive review gaps.,Formats delivered; full completeness subject to documented data and substantive review gaps.,Named owner in evidence/monitoring register; author for presentation implementation,Manual requirement review plus executable checks; section-level status conservatively inherited by its instruction blocks
R62.006,62,Required deliverables,1280,"5. Financial and analytical workbook with formulas, assumptions, source lineage, and chart data.",Conditional / data required,package-manifest.json;14 deliverables and indexed reports,Formats delivered; full completeness subject to documented data and substantive review gaps.,Formats delivered; full completeness subject to documented data and substantive review gaps.,Named owner in evidence/monitoring register; author for presentation implementation,Manual requirement review plus executable checks; section-level status conservatively inherited by its instruction blocks
R62.007,62,Required deliverables,1281,"6. Reproducible statistical and scenario code, environment specification, deterministic seeds where relevant, and instructions.",Conditional / data required,package-manifest.json;14 deliverables and indexed reports,Formats delivered; full completeness subject to documented data and substantive review gaps.,Formats delivered; full completeness subject to documented data and substantive review gaps.,Named owner in evidence/monitoring register; author for presentation implementation,Manual requirement review plus executable checks; section-level status conservatively inherited by its instruction blocks
R62.008,62,Required deliverables,1282,7. Source book with exact URL and page/table/section attribution.,Conditional / data required,package-manifest.json;14 deliverables and indexed reports,Formats delivered; full completeness subject to documented data and substantive review gaps.,Formats delivered; full completeness subject to documented data and substantive review gaps.,Named owner in evidence/monitoring register; author for presentation implementation,Manual requirement review plus executable checks; section-level status conservatively inherited by its instruction blocks
R62.009,62,Required deliverables,1283,8. Claim and assumption registers.,Conditional / data required,package-manifest.json;14 deliverables and indexed reports,Formats delivered; full completeness subject to documented data and substantive review gaps.,Formats delivered; full completeness subject to documented data and substantive review gaps.,Named owner in evidence/monitoring register; author for presentation implementation,Manual requirement review plus executable checks; section-level status conservatively inherited by its instruction blocks
R62.010,62,Required deliverables,1284,9. Calculation appendix with plain-language explanations and exact reproduction paths.,Conditional / data required,package-manifest.json;14 deliverables and indexed reports,Formats delivered; full completeness subject to documented data and substantive review gaps.,Formats delivered; full completeness subject to documented data and substantive review gaps.,Named owner in evidence/monitoring register; author for presentation implementation,Manual requirement review plus executable checks; section-level status conservatively inherited by its instruction blocks
R62.011,62,Required deliverables,1285,10. Model-validation and red-team review report.,Conditional / data required,package-manifest.json;14 deliverables and indexed reports,Formats delivered; full completeness subject to documented data and substantive review gaps.,Formats delivered; full completeness subject to documented data and substantive review gaps.,Named owner in evidence/monitoring register; author for presentation implementation,Manual requirement review plus executable checks; section-level status conservatively inherited by its instruction blocks
R62.012,62,Required deliverables,1286,11. Prior-art and originality assessment for the proposed integrated model.,Conditional / data required,package-manifest.json;14 deliverables and indexed reports,Formats delivered; full completeness subject to documented data and substantive review gaps.,Formats delivered; full completeness subject to documented data and substantive review gaps.,Named owner in evidence/monitoring register; author for presentation implementation,Manual requirement review plus executable checks; section-level status conservatively inherited by its instruction blocks
R62.013,62,Required deliverables,1287,12. A 90-day pilot charter and a concise description of my contribution.,Conditional / data required,package-manifest.json;14 deliverables and indexed reports,Formats delivered; full completeness subject to documented data and substantive review gaps.,Formats delivered; full completeness subject to documented data and substantive review gaps.,Named owner in evidence/monitoring register; author for presentation implementation,Manual requirement review plus executable checks; section-level status conservatively inherited by its instruction blocks
R62.014,62,Required deliverables,1288,13. A limitations and missing-data memo ranked by decision consequence.,Conditional / data required,package-manifest.json;14 deliverables and indexed reports,Formats delivered; full completeness subject to documented data and substantive review gaps.,Formats delivered; full completeness subject to documented data and substantive review gaps.,Named owner in evidence/monitoring register; author for presentation implementation,Manual requirement review plus executable checks; section-level status conservatively inherited by its instruction blocks
R62.015,62,Required deliverables,1289,14. A change log explaining substantive improvements from the starting deck.,Conditional / data required,package-manifest.json;14 deliverables and indexed reports,Formats delivered; full completeness subject to documented data and substantive review gaps.,Formats delivered; full completeness subject to documented data and substantive review gaps.,Named owner in evidence/monitoring register; author for presentation implementation,Manual requirement review plus executable checks; section-level status conservatively inherited by its instruction blocks
R62.016,62,Required deliverables,1291,"Use a coherent naming convention and version. The executive deck should remain usable even when the technical package is extensive. If the country atlas or full calculation appendix is too large for a practical PPTX, provide it as an explicitly indexed companion appendix, with main-deck and technical-appendix links and calculation IDs. Do not omit required country or calculation coverage to fit an arbitrary slide count.",Conditional / data required,package-manifest.json;14 deliverables and indexed reports,Formats delivered; full completeness subject to documented data and substantive review gaps.,Formats delivered; full completeness subject to documented data and substantive review gaps.,Named owner in evidence/monitoring register; author for presentation implementation,Manual requirement review plus executable checks; section-level status conservatively inherited by its instruction blocks
R62.017,62,Required deliverables,1293,"If the environment cannot produce a requested file format, say exactly which deliverable is unavailable and provide the completed source content and reproducible build instructions. Do not claim to have generated or tested files that do not exist.",Conditional / data required,package-manifest.json;14 deliverables and indexed reports,Formats delivered; full completeness subject to documented data and substantive review gaps.,Formats delivered; full completeness subject to documented data and substantive review gaps.,Named owner in evidence/monitoring register; author for presentation implementation,Manual requirement review plus executable checks; section-level status conservatively inherited by its instruction blocks
R63.001,63,Execution sequence and checkpoints,1297,Execute in stages and preserve reviewable intermediate results. Do not stop at an outline or substitute a list of recommended sources for actual research.,Conditional / data required,reproduce.md; change-log.md; validation-checks.json,Execution checkpoints retained; independently commissioned review unavailable.,Execution checkpoints retained; independently commissioned review unavailable.,Named owner in evidence/monitoring register; author for presentation implementation,Manual requirement review plus executable checks; section-level status conservatively inherited by its instruction blocks
R63.002,63,Execution sequence and checkpoints,1299,"**Stage 1 — baseline inspection:** read the current deck, underlying model, portfolio evidence, and any supplied files. Identify the current version, entity perimeter, strong ideas, weak claims, and incomplete calculations.",Conditional / data required,reproduce.md; change-log.md; validation-checks.json,Execution checkpoints retained; independently commissioned review unavailable.,Execution checkpoints retained; independently commissioned review unavailable.,Named owner in evidence/monitoring register; author for presentation implementation,Manual requirement review plus executable checks; section-level status conservatively inherited by its instruction blocks
R63.003,63,Execution sequence and checkpoints,1301,"**Stage 2 — source and scope:** establish cutoff, country universe, products, legal perimeter, official source map, and claim/source schema. Reverify decision-critical company facts.",Conditional / data required,reproduce.md; change-log.md; validation-checks.json,Execution checkpoints retained; independently commissioned review unavailable.,Execution checkpoints retained; independently commissioned review unavailable.,Named owner in evidence/monitoring register; author for presentation implementation,Manual requirement review plus executable checks; section-level status conservatively inherited by its instruction blocks
R63.004,63,Execution sequence and checkpoints,1303,"**Stage 3 — data spine:** retrieve and harmonise country, product, trade, demographic, macro, climate, and relevant customer evidence. Publish coverage and missingness before fitting models.",Conditional / data required,reproduce.md; change-log.md; validation-checks.json,Execution checkpoints retained; independently commissioned review unavailable.,Execution checkpoints retained; independently commissioned review unavailable.,Named owner in evidence/monitoring register; author for presentation implementation,Manual requirement review plus executable checks; section-level status conservatively inherited by its instruction blocks
R63.005,63,Execution sequence and checkpoints,1305,"**Stage 4 — screening:** define feasible country-product-entry-mode cases, hard gates, customer needs, capabilities, and provisional economic boundaries.",Conditional / data required,reproduce.md; change-log.md; validation-checks.json,Execution checkpoints retained; independently commissioned review unavailable.,Execution checkpoints retained; independently commissioned review unavailable.,Named owner in evidence/monitoring register; author for presentation implementation,Manual requirement review plus executable checks; section-level status conservatively inherited by its instruction blocks
R63.006,63,Execution sequence and checkpoints,1307,"**Stage 5 — estimation:** build benchmarks, fit justified models, validate them, reject unsuitable specifications, and document what remains assumed.",Conditional / data required,reproduce.md; change-log.md; validation-checks.json,Execution checkpoints retained; independently commissioned review unavailable.,Execution checkpoints retained; independently commissioned review unavailable.,Named owner in evidence/monitoring register; author for presentation implementation,Manual requirement review plus executable checks; section-level status conservatively inherited by its instruction blocks
R63.007,63,Execution sequence and checkpoints,1309,"**Stage 6 — scenarios:** construct coherent macro, demographic, climate, trade, and execution paths; model dependencies and long-run extensions.",Conditional / data required,reproduce.md; change-log.md; validation-checks.json,Execution checkpoints retained; independently commissioned review unavailable.,Execution checkpoints retained; independently commissioned review unavailable.,Named owner in evidence/monitoring register; author for presentation implementation,Manual requirement review plus executable checks; section-level status conservatively inherited by its instruction blocks
R63.008,63,Execution sequence and checkpoints,1311,"**Stage 7 — financials:** build incremental cash, tax, currency, capex, working capital, liquidity, valuations, and switching thresholds. Validate physical and accounting identities.",Conditional / data required,reproduce.md; change-log.md; validation-checks.json,Execution checkpoints retained; independently commissioned review unavailable.,Execution checkpoints retained; independently commissioned review unavailable.,Named owner in evidence/monitoring register; author for presentation implementation,Manual requirement review plus executable checks; section-level status conservatively inherited by its instruction blocks
R63.009,63,Execution sequence and checkpoints,1313,"**Stage 8 — portfolio and adaptive policy:** compare entry modes and timing, constraints, robust allocations, learning, and options. Prove where the proposed integration changes decisions.",Conditional / data required,reproduce.md; change-log.md; validation-checks.json,Execution checkpoints retained; independently commissioned review unavailable.,Execution checkpoints retained; independently commissioned review unavailable.,Named owner in evidence/monitoring register; author for presentation implementation,Manual requirement review plus executable checks; section-level status conservatively inherited by its instruction blocks
R63.010,63,Execution sequence and checkpoints,1315,"**Stage 9 — marketing and contribution:** design country-specific commercial propositions, causal measurement, my operating role, and the first 90-day test.",Conditional / data required,reproduce.md; change-log.md; validation-checks.json,Execution checkpoints retained; independently commissioned review unavailable.,Execution checkpoints retained; independently commissioned review unavailable.,Named owner in evidence/monitoring register; author for presentation implementation,Manual requirement review plus executable checks; section-level status conservatively inherited by its instruction blocks
R63.011,63,Execution sequence and checkpoints,1317,"**Stage 10 — deck and appendix:** write the executive narrative, create charts from the model spine, build all calculations and source references, and place thank you immediately before the appendix.",Conditional / data required,reproduce.md; change-log.md; validation-checks.json,Execution checkpoints retained; independently commissioned review unavailable.,Execution checkpoints retained; independently commissioned review unavailable.,Named owner in evidence/monitoring register; author for presentation implementation,Manual requirement review plus executable checks; section-level status conservatively inherited by its instruction blocks
R63.012,63,Execution sequence and checkpoints,1319,"**Stage 11 — independent challenge:** perform substantive red-team review, resolve contradictions, assess novelty, and document remaining limitations.",Conditional / data required,reproduce.md; change-log.md; validation-checks.json,Execution checkpoints retained; independently commissioned review unavailable.,Execution checkpoints retained; independently commissioned review unavailable.,Named owner in evidence/monitoring register; author for presentation implementation,Manual requirement review plus executable checks; section-level status conservatively inherited by its instruction blocks
R63.013,63,Execution sequence and checkpoints,1321,"**Stage 12 — production verification:** regenerate deck/workbook from final inputs, render every slide, reconcile every material displayed number, test links, and package the deliverables.",Conditional / data required,reproduce.md; change-log.md; validation-checks.json,Execution checkpoints retained; independently commissioned review unavailable.,Execution checkpoints retained; independently commissioned review unavailable.,Named owner in evidence/monitoring register; author for presentation implementation,Manual requirement review plus executable checks; section-level status conservatively inherited by its instruction blocks
R63.014,63,Execution sequence and checkpoints,1323,"At each checkpoint, state completed work, material findings, evidence gaps, and what the next stage resolves. Seek additional user information only when essential missing context changes an irreversible action or cannot be handled with clearly labelled provisional work. Continue all independent research that is already authorised.",Conditional / data required,reproduce.md; change-log.md; validation-checks.json,Execution checkpoints retained; independently commissioned review unavailable.,Execution checkpoints retained; independently commissioned review unavailable.,Named owner in evidence/monitoring register; author for presentation implementation,Manual requirement review plus executable checks; section-level status conservatively inherited by its instruction blocks
R64.001,64,Handling practical limits without weakening the result,1327,"This is a large research programme. Allocate effort by decision impact, not by equal narrative length per country. Use global official datasets for broad coverage, regional and product models for comparability, and deeper local diligence for priority decisions and anomalous results.",Verified scope / implementation,limitations-and-missing-data.md; evidence-request-queue.csv,Implementation/evidence present at referenced artifact; verify substantive limits rather than treating populated fields as business proof.,"Retain regression, source and artifact checks on refresh.",Named owner in evidence/monitoring register; author for presentation implementation,Manual requirement review plus executable checks; section-level status conservatively inherited by its instruction blocks
R64.002,64,Handling practical limits without weakening the result,1329,All-country coverage is mandatory; equally deep internal data for every country may not be available. State that difference explicitly. Automate repetitive calculation and reporting while keeping interpretation and quality review substantive.,Verified scope / implementation,limitations-and-missing-data.md; evidence-request-queue.csv,Implementation/evidence present at referenced artifact; verify substantive limits rather than treating populated fields as business proof.,"Retain regression, source and artifact checks on refresh.",Named owner in evidence/monitoring register; author for presentation implementation,Manual requirement review plus executable checks; section-level status conservatively inherited by its instruction blocks
R64.003,64,Handling practical limits without weakening the result,1331,"Do not improvise facts to fill a page. Where a source is inaccessible, seek another legitimate primary source or show the missing evidence and its consequence. Do not bypass authentication, access restrictions, or licensing.",Verified scope / implementation,limitations-and-missing-data.md; evidence-request-queue.csv,Implementation/evidence present at referenced artifact; verify substantive limits rather than treating populated fields as business proof.,"Retain regression, source and artifact checks on refresh.",Named owner in evidence/monitoring register; author for presentation implementation,Manual requirement review plus executable checks; section-level status conservatively inherited by its instruction blocks
R64.004,64,Handling practical limits without weakening the result,1333,"Do not spend all effort on formatting before the analytical spine is credible. Conversely, do not deliver an unreadable technical dump and call it CEO-ready. Both analytical validity and communication must pass.",Verified scope / implementation,limitations-and-missing-data.md; evidence-request-queue.csv,Implementation/evidence present at referenced artifact; verify substantive limits rather than treating populated fields as business proof.,"Retain regression, source and artifact checks on refresh.",Named owner in evidence/monitoring register; author for presentation implementation,Manual requirement review plus executable checks; section-level status conservatively inherited by its instruction blocks
R64.005,64,Handling practical limits without weakening the result,1335,"If context limits require multiple sessions, save a research manifest, current assumptions, source IDs, model version, completed country list, unresolved issues, and next action. Continue from the actual checkpoint rather than restarting or losing earlier evidence.",Verified scope / implementation,limitations-and-missing-data.md; evidence-request-queue.csv,Implementation/evidence present at referenced artifact; verify substantive limits rather than treating populated fields as business proof.,"Retain regression, source and artifact checks on refresh.",Named owner in evidence/monitoring register; author for presentation implementation,Manual requirement review plus executable checks; section-level status conservatively inherited by its instruction blocks
R65.001,65,Final acceptance criteria,1339,The package is complete only when:,Conditional / data required,requirements-audit.csv; validation-checks.json,Acceptance criteria audited; open empirical/source/asset requirements prohibit blanket pass.,Acceptance criteria audited; open empirical/source/asset requirements prohibit blanket pass.,Named owner in evidence/monitoring register; author for presentation implementation,Manual requirement review plus executable checks; section-level status conservatively inherited by its instruction blocks
R65.002,65,Final acceptance criteria,1341,- The starting deck was actually inspected and its material weaknesses were addressed.,Conditional / data required,requirements-audit.csv; validation-checks.json,Acceptance criteria audited; open empirical/source/asset requirements prohibit blanket pass.,Acceptance criteria audited; open empirical/source/asset requirements prohibit blanket pass.,Named owner in evidence/monitoring register; author for presentation implementation,Manual requirement review plus executable checks; section-level status conservatively inherited by its instruction blocks
R65.003,65,Final acceptance criteria,1342,"- Company ownership, product scope, financial perimeter, and relevant current disclosures are reconciled.",Conditional / data required,requirements-audit.csv; validation-checks.json,Acceptance criteria audited; open empirical/source/asset requirements prohibit blanket pass.,Acceptance criteria audited; open empirical/source/asset requirements prohibit blanket pass.,Named owner in evidence/monitoring register; author for presentation implementation,Manual requirement review plus executable checks; section-level status conservatively inherited by its instruction blocks
R65.004,65,Final acceptance criteria,1343,- Every country in the defined universe is present and has a reasoned disposition.,Conditional / data required,requirements-audit.csv; validation-checks.json,Acceptance criteria audited; open empirical/source/asset requirements prohibit blanket pass.,Acceptance criteria audited; open empirical/source/asset requirements prohibit blanket pass.,Named owner in evidence/monitoring register; author for presentation implementation,Manual requirement review plus executable checks; section-level status conservatively inherited by its instruction blocks
R65.005,65,Final acceptance criteria,1344,- Every meaningful country-product case has conditional scenario economics or a clearly labelled provisional/threshold case.,Conditional / data required,requirements-audit.csv; validation-checks.json,Acceptance criteria audited; open empirical/source/asset requirements prohibit blanket pass.,Acceptance criteria audited; open empirical/source/asset requirements prohibit blanket pass.,Named owner in evidence/monitoring register; author for presentation implementation,Manual requirement review plus executable checks; section-level status conservatively inherited by its instruction blocks
R65.006,65,Final acceptance criteria,1345,- The official forecast horizon and the modelled 25-year extension are visibly distinct.,Conditional / data required,requirements-audit.csv; validation-checks.json,Acceptance criteria audited; open empirical/source/asset requirements prohibit blanket pass.,Acceptance criteria audited; open empirical/source/asset requirements prohibit blanket pass.,Named owner in evidence/monitoring register; author for presentation implementation,Manual requirement review plus executable checks; section-level status conservatively inherited by its instruction blocks
R65.007,65,Final acceptance criteria,1346,"- Regression and statistical results were actually executed, validated, and reproduced where claimed.",Conditional / data required,requirements-audit.csv; validation-checks.json,Acceptance criteria audited; open empirical/source/asset requirements prohibit blanket pass.,Acceptance criteria audited; open empirical/source/asset requirements prohibit blanket pass.,Named owner in evidence/monitoring register; author for presentation implementation,Manual requirement review plus executable checks; section-level status conservatively inherited by its instruction blocks
R65.008,65,Final acceptance criteria,1347,- Causal marketing claims are supported by appropriate identification or labelled as hypotheses.,Conditional / data required,requirements-audit.csv; validation-checks.json,Acceptance criteria audited; open empirical/source/asset requirements prohibit blanket pass.,Acceptance criteria audited; open empirical/source/asset requirements prohibit blanket pass.,Named owner in evidence/monitoring register; author for presentation implementation,Manual requirement review plus executable checks; section-level status conservatively inherited by its instruction blocks
R65.009,65,Final acceptance criteria,1348,"- Cash, working capital, tax, capital, currency, discounting, and physical supply are coherent.",Conditional / data required,requirements-audit.csv; validation-checks.json,Acceptance criteria audited; open empirical/source/asset requirements prohibit blanket pass.,Acceptance criteria audited; open empirical/source/asset requirements prohibit blanket pass.,Named owner in evidence/monitoring register; author for presentation implementation,Manual requirement review plus executable checks; section-level status conservatively inherited by its instruction blocks
R65.010,65,Final acceptance criteria,1349,"- Dependence, compound stress, and liquidity are represented where they change decisions.",Conditional / data required,requirements-audit.csv; validation-checks.json,Acceptance criteria audited; open empirical/source/asset requirements prohibit blanket pass.,Acceptance criteria audited; open empirical/source/asset requirements prohibit blanket pass.,Named owner in evidence/monitoring register; author for presentation implementation,Manual requirement review plus executable checks; section-level status conservatively inherited by its instruction blocks
R65.011,65,Final acceptance criteria,1350,- No uncalibrated simulation frequency is sold as a probability of success.,Conditional / data required,requirements-audit.csv; validation-checks.json,Acceptance criteria audited; open empirical/source/asset requirements prohibit blanket pass.,Acceptance criteria audited; open empirical/source/asset requirements prohibit blanket pass.,Named owner in evidence/monitoring register; author for presentation implementation,Manual requirement review plus executable checks; section-level status conservatively inherited by its instruction blocks
R65.012,65,Final acceptance criteria,1351,- Every material factual claim has a reliable source and an exact attribution.,Conditional / data required,requirements-audit.csv; validation-checks.json,Acceptance criteria audited; open empirical/source/asset requirements prohibit blanket pass.,Acceptance criteria audited; open empirical/source/asset requirements prohibit blanket pass.,Named owner in evidence/monitoring register; author for presentation implementation,Manual requirement review plus executable checks; section-level status conservatively inherited by its instruction blocks
R65.013,65,Final acceptance criteria,1352,"- Every material assumption is visible, justified, owned, and tested.",Conditional / data required,requirements-audit.csv; validation-checks.json,Acceptance criteria audited; open empirical/source/asset requirements prohibit blanket pass.,Acceptance criteria audited; open empirical/source/asset requirements prohibit blanket pass.,Named owner in evidence/monitoring register; author for presentation implementation,Manual requirement review plus executable checks; section-level status conservatively inherited by its instruction blocks
R65.014,65,Final acceptance criteria,1353,- Every displayed derived or modelled number has a calculation ID and an intelligible appendix explanation.,Conditional / data required,requirements-audit.csv; validation-checks.json,Acceptance criteria audited; open empirical/source/asset requirements prohibit blanket pass.,Acceptance criteria audited; open empirical/source/asset requirements prohibit blanket pass.,Named owner in evidence/monitoring register; author for presentation implementation,Manual requirement review plus executable checks; section-level status conservatively inherited by its instruction blocks
R65.015,65,Final acceptance criteria,1354,"- Each selected Nobel or mathematical method has correct attribution, a clear purpose, and stated limits.",Conditional / data required,requirements-audit.csv; validation-checks.json,Acceptance criteria audited; open empirical/source/asset requirements prohibit blanket pass.,Acceptance criteria audited; open empirical/source/asset requirements prohibit blanket pass.,Named owner in evidence/monitoring register; author for presentation implementation,Manual requirement review plus executable checks; section-level status conservatively inherited by its instruction blocks
R65.016,65,Final acceptance criteria,1355,- The proposed integrated model is benchmarked and its originality is characterised honestly.,Conditional / data required,requirements-audit.csv; validation-checks.json,Acceptance criteria audited; open empirical/source/asset requirements prohibit blanket pass.,Acceptance criteria audited; open empirical/source/asset requirements prohibit blanket pass.,Named owner in evidence/monitoring register; author for presentation implementation,Manual requirement review plus executable checks; section-level status conservatively inherited by its instruction blocks
R65.017,65,Final acceptance criteria,1356,"- My contribution uses accurate portfolio evidence and a measurable, realistic work plan.",Conditional / data required,requirements-audit.csv; validation-checks.json,Acceptance criteria audited; open empirical/source/asset requirements prohibit blanket pass.,Acceptance criteria audited; open empirical/source/asset requirements prohibit blanket pass.,Named owner in evidence/monitoring register; author for presentation implementation,Manual requirement review plus executable checks; section-level status conservatively inherited by its instruction blocks
R65.018,65,Final acceptance criteria,1357,- The thank-you slide sits directly before the appendix.,Conditional / data required,requirements-audit.csv; validation-checks.json,Acceptance criteria audited; open empirical/source/asset requirements prohibit blanket pass.,Acceptance criteria audited; open empirical/source/asset requirements prohibit blanket pass.,Named owner in evidence/monitoring register; author for presentation implementation,Manual requirement review plus executable checks; section-level status conservatively inherited by its instruction blocks
R65.019,65,Final acceptance criteria,1358,"- Deck, workbook, code, country atlas, source register, and decision memo agree.",Conditional / data required,requirements-audit.csv; validation-checks.json,Acceptance criteria audited; open empirical/source/asset requirements prohibit blanket pass.,Acceptance criteria audited; open empirical/source/asset requirements prohibit blanket pass.,Named owner in evidence/monitoring register; author for presentation implementation,Manual requirement review plus executable checks; section-level status conservatively inherited by its instruction blocks
R65.020,65,Final acceptance criteria,1359,- The final ask is concrete and identifies what leadership should decide now.,Conditional / data required,requirements-audit.csv; validation-checks.json,Acceptance criteria audited; open empirical/source/asset requirements prohibit blanket pass.,Acceptance criteria audited; open empirical/source/asset requirements prohibit blanket pass.,Named owner in evidence/monitoring register; author for presentation implementation,Manual requirement review plus executable checks; section-level status conservatively inherited by its instruction blocks
R65.021,65,Final acceptance criteria,1360,- Important unresolved questions remain visible instead of being replaced with false certainty.,Conditional / data required,requirements-audit.csv; validation-checks.json,Acceptance criteria audited; open empirical/source/asset requirements prohibit blanket pass.,Acceptance criteria audited; open empirical/source/asset requirements prohibit blanket pass.,Named owner in evidence/monitoring register; author for presentation implementation,Manual requirement review plus executable checks; section-level status conservatively inherited by its instruction blocks
R66.001,66,The final instruction,1364,"Produce a strategy that a serious CEO can use to make better expansion and marketing decisions under uncertainty. Make the logic ambitious, the evidence precise, the calculations transparent, and the recommendations conditional on what is actually known.",Conditional / data required,executive-decision-memo.md; all registers; open evidence gates,"Continue independent authorized work completed; internal evidence gates remain open, no guaranteed25-year forecast.","Continue independent authorized work completed; internal evidence gates remain open, no guaranteed25-year forecast.",Named owner in evidence/monitoring register; author for presentation implementation,Manual requirement review plus executable checks; section-level status conservatively inherited by its instruction blocks
R66.002,66,The final instruction,1366,"The strongest possible result is not a prediction that cannot be questioned. It is a coherent explanation of **which actions create value, which assumptions matter, which futures threaten the business, which capabilities improve many futures, and what the company should learn before committing its next unit of capital**.",Conditional / data required,executive-decision-memo.md; all registers; open evidence gates,"Continue independent authorized work completed; internal evidence gates remain open, no guaranteed25-year forecast.","Continue independent authorized work completed; internal evidence gates remain open, no guaranteed25-year forecast.",Named owner in evidence/monitoring register; author for presentation implementation,Manual requirement review plus executable checks; section-level status conservatively inherited by its instruction blocks
R66.003,66,The final instruction,1368,"Begin with the actual deck audit and source verification. Continue through the complete research, modelling, financial, presentation, and validation programme. Deliver the finished artifacts and a concise account of the findings, limitations, and decisions they support.",Conditional / data required,executive-decision-memo.md; all registers; open evidence gates,"Continue independent authorized work completed; internal evidence gates remain open, no guaranteed25-year forecast.","Continue independent authorized work completed; internal evidence gates remain open, no guaranteed25-year forecast.",Named owner in evidence/monitoring register; author for presentation implementation,Manual requirement review plus executable checks; section-level status conservatively inherited by its instruction blocks
