id,title,url,pinpoint,accessed,classification,limitation,issuing_organisation,publication_date,data_period,revision,canonical_url,direct_url,relevant_perimeter,units_currency_base,exchange_rate_convention,printed_page,pdf_file_page,series_id,api_query,dimension_filters,retrieval_timestamp,sha256,measurement_status,conflict_reconciliation,availability,licensing_access,definition,slide_ids,calculation_ids,supported_claims,underlying_issuer
CO_AR,Olam Agri Annual Report 2025,https://www.olamagri.com/content/dam/olam-agri/assets/webp/au/ar/annual-report-pdf/2025/annual-report-2025.pdf,"Printed pp. 3, 10–11; CFO overview and performance charts",2026-10-07,Company disclosure,USD Agri figures. Handled and sales tonnage have different definitions.,"Olam Agri / Olam Group, company issuer",2026; exact publication day not independently verified,2025 fiscal year,Latest downloaded vintage; original retrieval checksum identifies it,https://www.olamagri.com/content/dam/olam-agri/assets/webp/au/ar/annual-report-pdf/2025/annual-report-2025.pdf,https://www.olamagri.com/content/dam/olam-agri/assets/webp/au/ar/annual-report-pdf/2025/annual-report-2025.pdf,"Olam Agri, FY2025 USD reporting perimeter",Revenue/EBIT: current reporting USD million; sales volume: thousand metric tonnes. FY2024/2025 same Agri perimeter; no FX conversion.,No conversion unless a calculation explicitly provides it,10–11 for company finance; 3 for scope,12–13 for finance; printed 3 maps to file 5,,,Document sections at pinpoint,2026-10-07T18:48:37.819300+00:00,,Direct disclosure or original methodology; scope limitations apply,No conflicting series substituted; definitions/vintage retained. Unknowns stay unknown.,Public primary evidence; retrieval outcome in manifest. Blocked full downloads are not described as inspected.,Cite/link the issuing source; permitted statistical extracts retained with checksum where available. No claim of unrestricted report redistribution.,USD Agri figures. Handled and sales tonnage have different definitions.,company;corridor;example-01;sources-0,C-E01,CL-company-headline;CL-company-table_row1;CL-company-table_row2;CL-company-table_row3;CL-company-table_row4;CL-corridor-headline;CL-corridor-body1;CL-corridor-body2;CL-corridor-body3;CL-example-01-headline;CL-example-01-body1;CL-example-01-body2;CL-example-01-body3;CL-example-01-body4;CL-sources-0-headline;CL-sources-0-table_row1;CL-sources-0-table_row2;CL-sources-0-table_row3;CL-sources-0-table_row4;CL-sources-0-table_row5;CL-sources-0-table_row6,
CO_FACT,"Olam Agri factsheet, June 2026",https://www.olamagri.com/content/dam/olam-agri/assets/webp/au/au-pdfs/factsheet/olamagri-corporate-factsheet-2026.pdf,"pp. 1–2; footprint, products, ownership",2026-10-07,Company disclosure,2025 operating facts; country locations do not prove assets or complete trade presence.,"Olam Agri / Olam Group, company issuer",2026-06,As stated at pinpoint; distinguish observation and transaction dates,Latest downloaded vintage; original retrieval checksum identifies it,https://www.olamagri.com/content/dam/olam-agri/assets/webp/au/au-pdfs/factsheet/olamagri-corporate-factsheet-2026.pdf,https://www.olamagri.com/content/dam/olam-agri/assets/webp/au/au-pdfs/factsheet/olamagri-corporate-factsheet-2026.pdf,Country/product/entity scope stated at pinpoint; no cross-perimeter transfer,See source definition; no currency conversion or financial calibration inferred,No conversion unless a calculation explicitly provides it,1–2,1–2,,,Document sections at pinpoint,2026-10-07T18:48:37.819300+00:00,,Direct disclosure or original methodology; scope limitations apply,CO_OWN dated June 30 transaction supersedes conflicting lower CO_ABOUT 81.11% text; June factsheet/dated transaction give 81.81%. About omits sugar/biofuel; factsheet explicitly includes it; diligence current assets.,Public primary evidence; retrieval outcome in manifest. Blocked full downloads are not described as inspected.,Cite/link the issuing source; permitted statistical extracts retained with checksum where available. No claim of unrestricted report redistribution.,2025 operating facts; country locations do not prove assets or complete trade presence.,global-cover;products;priorities;contrast;sources-0,,CL-global-cover-headline;CL-global-cover-body1;CL-global-cover-body2;CL-global-cover-body3;CL-products-headline;CL-products-table_row1;CL-products-table_row2;CL-products-table_row3;CL-products-table_row4;CL-products-table_row5;CL-priorities-headline;CL-priorities-table_row1;CL-priorities-table_row2;CL-priorities-table_row3;CL-priorities-table_row4;CL-priorities-table_row5;CL-contrast-headline;CL-contrast-table_row1;CL-contrast-table_row2;CL-contrast-table_row3;CL-sources-0-headline;CL-sources-0-table_row1;CL-sources-0-table_row2;CL-sources-0-table_row3;CL-sources-0-table_row4;CL-sources-0-table_row5;CL-sources-0-table_row6,
CO_OWN,Olam Group reorganisation / Olam Agri,https://www.olamgroup.com/investors/our-re-organisation.html,Olam Agri section: 27 April 2026 sale and 30 June CFG share issuance,2026-10-07,Company disclosure,About page lower text still says 81.11%; resolved to dated transaction 81.81%.,"Olam Agri / Olam Group, company issuer",Undated page / exact publication date not verified,As stated at pinpoint; distinguish observation and transaction dates,Latest downloaded vintage; original retrieval checksum identifies it,https://www.olamgroup.com/investors/our-re-organisation.html,https://www.olamgroup.com/investors/our-re-organisation.html,Country/product/entity scope stated at pinpoint; no cross-perimeter transfer,See source definition; no currency conversion or financial calibration inferred,No conversion unless a calculation explicitly provides it,"Not applicable for web/API; PDF pinpoint retained, further page attribution not verified",Not applicable / not independently verified,,,Document sections at pinpoint,2026-10-07T18:48:37.819300+00:00,383050bcfb0d3de757fe74d546a1f91182a15ae3a1314494980eb3514dd95c24,Direct disclosure or original methodology; scope limitations apply,CO_OWN dated June 30 transaction supersedes conflicting lower CO_ABOUT 81.11% text; June factsheet/dated transaction give 81.81%. About omits sugar/biofuel; factsheet explicitly includes it; diligence current assets.,Public primary evidence; retrieval outcome in manifest. Blocked full downloads are not described as inspected.,Cite/link the issuing source; permitted statistical extracts retained with checksum where available. No claim of unrestricted report redistribution.,About page lower text still says 81.11%; resolved to dated transaction 81.81%.,contrast;sources-0,,CL-contrast-headline;CL-contrast-table_row1;CL-contrast-table_row2;CL-contrast-table_row3;CL-sources-0-headline;CL-sources-0-table_row1;CL-sources-0-table_row2;CL-sources-0-table_row3;CL-sources-0-table_row4;CL-sources-0-table_row5;CL-sources-0-table_row6,
CO_ABOUT,Olam Agri About Us,https://www.olamagri.com/about-us,"At a glance, products and ownership blocks",2026-10-07,Company disclosure,Conflicting lower ownership text retained as a source conflict.,"Olam Agri / Olam Group, company issuer",Undated page / exact publication date not verified,As stated at pinpoint; distinguish observation and transaction dates,Latest downloaded vintage; original retrieval checksum identifies it,https://www.olamagri.com/about-us,https://www.olamagri.com/about-us,Country/product/entity scope stated at pinpoint; no cross-perimeter transfer,See source definition; no currency conversion or financial calibration inferred,No conversion unless a calculation explicitly provides it,"Not applicable for web/API; PDF pinpoint retained, further page attribution not verified",Not applicable / not independently verified,,,Document sections at pinpoint,2026-10-07T18:48:37.819300+00:00,193a8be7f3306117e2b12e4e0369d848c2cb2c6131a8de5af17ea246e20f6bd7,Direct disclosure or original methodology; scope limitations apply,CO_OWN dated June 30 transaction supersedes conflicting lower CO_ABOUT 81.11% text; June factsheet/dated transaction give 81.81%. About omits sugar/biofuel; factsheet explicitly includes it; diligence current assets.,Public primary evidence; retrieval outcome in manifest. Blocked full downloads are not described as inspected.,Cite/link the issuing source; permitted statistical extracts retained with checksum where available. No claim of unrestricted report redistribution.,Conflicting lower ownership text retained as a source conflict.,products;contrast;sources-0,,CL-products-headline;CL-products-table_row1;CL-products-table_row2;CL-products-table_row3;CL-products-table_row4;CL-products-table_row5;CL-contrast-headline;CL-contrast-table_row1;CL-contrast-table_row2;CL-contrast-table_row3;CL-sources-0-headline;CL-sources-0-table_row1;CL-sources-0-table_row2;CL-sources-0-table_row3;CL-sources-0-table_row4;CL-sources-0-table_row5;CL-sources-0-table_row6,
OECD,OECD–FAO Agricultural Outlook 2026–2035,https://www.oecd.org/en/publications/oecd-fao-agricultural-outlook-2026-2035_47874669-en.html,"Publication 29 June 2026; executive summary, methodology; DOI 10.1787/47874669-en",2026-10-07,Institutional projection,Official horizon ends 2035; no Olam capture forecast.,OECD and FAO; institutional projection/method,2026-06-29,As stated at pinpoint; distinguish observation and transaction dates,Latest downloaded vintage; original retrieval checksum identifies it,https://www.oecd.org/en/publications/oecd-fao-agricultural-outlook-2026-2035_47874669-en.html,https://www.oecd.org/en/publications/oecd-fao-agricultural-outlook-2026-2035_47874669-en.html,Country/product/entity scope stated at pinpoint; no cross-perimeter transfer,See source definition; no currency conversion or financial calibration inferred,No conversion unless a calculation explicitly provides it,"Not applicable for web/API; PDF pinpoint retained, further page attribution not verified",Not applicable / not independently verified,,,Document sections at pinpoint,2026-10-07T18:48:37.819300+00:00,5b80e64193b0044b5228b8826f79560d9e4d94ba530269c68f9a8dbe8871059c,External projection,No conflicting series substituted; definitions/vintage retained. Unknowns stay unknown.,Public primary evidence; retrieval outcome in manifest. Blocked full downloads are not described as inspected.,Cite/link the issuing source; permitted statistical extracts retained with checksum where available. No claim of unrestricted report redistribution.,Official horizon ends 2035; no Olam capture forecast.,horizon;roadmap;sources-0,,CL-horizon-headline;CL-horizon-table_row1;CL-horizon-table_row2;CL-horizon-table_row3;CL-horizon-table_row4;CL-roadmap-headline;CL-roadmap-table_row1;CL-roadmap-table_row2;CL-roadmap-table_row3;CL-roadmap-table_row4;CL-sources-0-headline;CL-sources-0-table_row1;CL-sources-0-table_row2;CL-sources-0-table_row3;CL-sources-0-table_row4;CL-sources-0-table_row5;CL-sources-0-table_row6,
OECD_METHOD,Aglink-Cosimo methodology,https://www.oecd.org/en/publications/oecd-fao-agricultural-outlook-2026-2035_47874669-en/full-report/methodology_4c323de7.html,Model overview and projection assumptions,2026-10-07,Institutional method,Recursive dynamic partial-equilibrium benchmark; not estimated here.,OECD and FAO; institutional projection/method,Undated page / exact publication date not verified,As stated at pinpoint; distinguish observation and transaction dates,Latest downloaded vintage; original retrieval checksum identifies it,https://www.oecd.org/en/publications/oecd-fao-agricultural-outlook-2026-2035_47874669-en/full-report/methodology_4c323de7.html,https://www.oecd.org/en/publications/oecd-fao-agricultural-outlook-2026-2035_47874669-en/full-report/methodology_4c323de7.html,Country/product/entity scope stated at pinpoint; no cross-perimeter transfer,See source definition; no currency conversion or financial calibration inferred,No conversion unless a calculation explicitly provides it,"Not applicable for web/API; PDF pinpoint retained, further page attribution not verified",Not applicable / not independently verified,,,Document sections at pinpoint,2026-10-07T18:48:37.819300+00:00,92bd649cc9ff3cb1d1a5c86e3752f4da7a0db042b1cdf6389ea027fa44d59073,Direct disclosure or original methodology; scope limitations apply,No conflicting series substituted; definitions/vintage retained. Unknowns stay unknown.,Public primary evidence; retrieval outcome in manifest. Blocked full downloads are not described as inspected.,Cite/link the issuing source; permitted statistical extracts retained with checksum where available. No claim of unrestricted report redistribution.,Recursive dynamic partial-equilibrium benchmark; not estimated here.,demand-trade-methods;sources-0,,CL-demand-trade-methods-headline;CL-demand-trade-methods-body1;CL-demand-trade-methods-body2;CL-demand-trade-methods-body3;CL-demand-trade-methods-body4;CL-sources-0-headline;CL-sources-0-table_row1;CL-sources-0-table_row2;CL-sources-0-table_row3;CL-sources-0-table_row4;CL-sources-0-table_row5;CL-sources-0-table_row6,
UN_M49,UN Statistics Division M49,https://unstats.un.org/unsd/methodology/m49/overview/,Country/area codes and region/subregion table,2026-10-07,Official identifiers,Membership independently cross-checked to UN library current-member and observer guides; territories separate. Region classification follows UN M49.,United Nations; official statistics/membership,Undated page / exact publication date not verified,As stated at pinpoint; distinguish observation and transaction dates,Latest downloaded vintage; original retrieval checksum identifies it,https://unstats.un.org/unsd/methodology/m49/overview/,https://unstats.un.org/unsd/methodology/m49/overview/,Country/product/entity scope stated at pinpoint; no cross-perimeter transfer,See source definition; no currency conversion or financial calibration inferred,No conversion unless a calculation explicitly provides it,"Not applicable for web/API; PDF pinpoint retained, further page attribution not verified",Not applicable / not independently verified,,,Document sections at pinpoint,2026-10-07T18:48:37.819300+00:00,b9048114f6e7f2abda83bf03d4263c9d7cd1bd7230e3d0461025ee7839a7a1fb,Direct disclosure or original methodology; scope limitations apply,No conflicting series substituted; definitions/vintage retained. Unknowns stay unknown.,Public primary evidence; retrieval outcome in manifest. Blocked full downloads are not described as inspected.,Cite/link the issuing source; permitted statistical extracts retained with checksum where available. No claim of unrestricted report redistribution.,Membership independently cross-checked to UN library current-member and observer guides; territories separate. Region classification follows UN M49.,coverage;data-dictionary;atlas-navigation;sources-6,C-COVERAGE,CL-coverage-headline;CL-coverage-table_row1;CL-coverage-table_row2;CL-coverage-table_row3;CL-coverage-table_row4;CL-coverage-table_row5;CL-data-dictionary-headline;CL-data-dictionary-body1;CL-data-dictionary-body2;CL-data-dictionary-body3;CL-data-dictionary-body4;CL-atlas-navigation-headline;CL-atlas-navigation-body1;CL-atlas-navigation-body2;CL-atlas-navigation-body3;CL-atlas-navigation-body4;CL-sources-6-headline;CL-sources-6-table_row1;CL-sources-6-table_row2;CL-sources-6-table_row3;CL-sources-6-table_row4;CL-sources-6-table_row5;CL-sources-6-table_row6,
UN_MEMBERS,UN Dag Hammarskjöld Library: current member states,https://research.un.org/en/unmembers/currentmembers,"All 193 country sections, crosswalked to UN M49 ISO3",2026-10-07,Official membership,All 193 names matched; four presentational aliases recorded in membership-verification.csv.,United Nations; official statistics/membership,Undated page / exact publication date not verified,As stated at pinpoint; distinguish observation and transaction dates,Latest downloaded vintage; original retrieval checksum identifies it,https://research.un.org/en/unmembers/currentmembers,https://research.un.org/en/unmembers/currentmembers,Country/product/entity scope stated at pinpoint; no cross-perimeter transfer,See source definition; no currency conversion or financial calibration inferred,No conversion unless a calculation explicitly provides it,"Not applicable for web/API; PDF pinpoint retained, further page attribution not verified",Not applicable / not independently verified,,,Document sections at pinpoint,2026-10-07T20:20:05.373527+00:00,f8b4a70ed022da414f89657b316899189337af446d9cf24e4c4d35abfc2ccead,Direct disclosure or original methodology; scope limitations apply,No conflicting series substituted; definitions/vintage retained. Unknowns stay unknown.,Public primary evidence; retrieval outcome in manifest. Blocked full downloads are not described as inspected.,Cite/link the issuing source; permitted statistical extracts retained with checksum where available. No claim of unrestricted report redistribution.,All 193 names matched; four presentational aliases recorded in membership-verification.csv.,sources-6,C-COVERAGE,CL-sources-6-headline;CL-sources-6-table_row1;CL-sources-6-table_row2;CL-sources-6-table_row3;CL-sources-6-table_row4;CL-sources-6-table_row5;CL-sources-6-table_row6,
UN_OBSERVERS,UN Dag Hammarskjöld Library: non-member observers,https://research.un.org/en/unmembers/observers,Holy See and State of Palestine sections,2026-10-07,Official membership,VAT and PSE are the two observer states; territories remain separate.,United Nations; official statistics/membership,Undated page / exact publication date not verified,As stated at pinpoint; distinguish observation and transaction dates,Latest downloaded vintage; original retrieval checksum identifies it,https://research.un.org/en/unmembers/observers,https://research.un.org/en/unmembers/observers,Country/product/entity scope stated at pinpoint; no cross-perimeter transfer,See source definition; no currency conversion or financial calibration inferred,No conversion unless a calculation explicitly provides it,"Not applicable for web/API; PDF pinpoint retained, further page attribution not verified",Not applicable / not independently verified,,,Document sections at pinpoint,2026-10-07T20:20:05.373719+00:00,0c79fa14f64b967c5a16e2ad8ff0e2f12c9612ff746847669c86218907a7fbba,Direct disclosure or original methodology; scope limitations apply,No conflicting series substituted; definitions/vintage retained. Unknowns stay unknown.,Public primary evidence; retrieval outcome in manifest. Blocked full downloads are not described as inspected.,Cite/link the issuing source; permitted statistical extracts retained with checksum where available. No claim of unrestricted report redistribution.,VAT and PSE are the two observer states; territories remain separate.,sources-6,C-COVERAGE,CL-sources-6-headline;CL-sources-6-table_row1;CL-sources-6-table_row2;CL-sources-6-table_row3;CL-sources-6-table_row4;CL-sources-6-table_row5;CL-sources-6-table_row6,
UN_WPP,UN World Population Prospects 2024,https://population.un.org/wpp/assets/Excel%20Files/1_Indicator%20(Standard)/EXCEL_FILES/1_General/WPP2024_GEN_F01_DEMOGRAPHIC_INDICATORS_COMPACT.xlsx,"Medium variant sheet; country rows at 2026, 2030, 2035, 2040, 2045, 2050, 2051",2026-10-07,Institutional projection,Population in thousands converted to persons. Medium variant is not a sales forecast.,United Nations; official statistics/membership,2024 revision,2026–2051 selected projection years,Latest downloaded vintage; original retrieval checksum identifies it,https://population.un.org/wpp/,https://population.un.org/wpp/assets/Excel%20Files/1_Indicator%20(Standard)/EXCEL_FILES/1_General/WPP2024_GEN_F01_DEMOGRAPHIC_INDICATORS_COMPACT.xlsx,"Country ISO3/year; 195-country universe, non-country aggregates excluded",See source definition; no currency conversion or financial calibration inferred,No conversion unless a calculation explicitly provides it,"Not applicable for web/API; PDF pinpoint retained, further page attribution not verified",Not applicable / not independently verified,,,WPP Medium variant; 195 ISO3; seven stated milestones,2026-10-07; exact timestamp not separately recorded,,External projection,No conflicting series substituted; definitions/vintage retained. Unknowns stay unknown.,Public primary evidence; retrieval outcome in manifest. Blocked full downloads are not described as inspected.,Cite/link the issuing source; permitted statistical extracts retained with checksum where available. No claim of unrestricted report redistribution.,Population in thousands converted to persons. Medium variant is not a sales forecast.,horizon;demography;coverage;roadmap;data-dictionary;atlas-navigation;sources-6,C-COVERAGE;C-POP-AFG;C-POP-ALB;C-POP-DZA;C-POP-AND;C-POP-AGO;C-POP-ATG;C-POP-ARG;C-POP-ARM;C-POP-AUS;C-POP-AUT;C-POP-AZE;C-POP-BHS;C-POP-BHR;C-POP-BGD;C-POP-BRB;C-POP-BLR;C-POP-BEL;C-POP-BLZ;C-POP-BEN;C-POP-BTN;C-POP-BOL;C-POP-BIH;C-POP-BWA;C-POP-BRA;C-POP-BRN;C-POP-BGR;C-POP-BFA;C-POP-BDI;C-POP-CPV;C-POP-KHM;C-POP-CMR;C-POP-CAN;C-POP-CAF;C-POP-TCD;C-POP-CHL;C-POP-CHN;C-POP-COL;C-POP-COM;C-POP-COG;C-POP-CRI;C-POP-HRV;C-POP-CUB;C-POP-CYP;C-POP-CZE;C-POP-CIV;C-POP-PRK;C-POP-COD;C-POP-DNK;C-POP-DJI;C-POP-DMA;C-POP-DOM;C-POP-ECU;C-POP-EGY;C-POP-SLV;C-POP-GNQ;C-POP-ERI;C-POP-EST;C-POP-SWZ;C-POP-ETH;C-POP-FJI;C-POP-FIN;C-POP-FRA;C-POP-GAB;C-POP-GMB;C-POP-GEO;C-POP-DEU;C-POP-GHA;C-POP-GRC;C-POP-GRD;C-POP-GTM;C-POP-GIN;C-POP-GNB;C-POP-GUY;C-POP-HTI;C-POP-VAT;C-POP-HND;C-POP-HUN;C-POP-ISL;C-POP-IND;C-POP-IDN;C-POP-IRN;C-POP-IRQ;C-POP-IRL;C-POP-ISR;C-POP-ITA;C-POP-JAM;C-POP-JPN;C-POP-JOR;C-POP-KAZ;C-POP-KEN;C-POP-KIR;C-POP-KWT;C-POP-KGZ;C-POP-LAO;C-POP-LVA;C-POP-LBN;C-POP-LSO;C-POP-LBR;C-POP-LBY;C-POP-LIE;C-POP-LTU;C-POP-LUX;C-POP-MDG;C-POP-MWI;C-POP-MYS;C-POP-MDV;C-POP-MLI;C-POP-MLT;C-POP-MHL;C-POP-MRT;C-POP-MUS;C-POP-MEX;C-POP-FSM;C-POP-MCO;C-POP-MNG;C-POP-MNE;C-POP-MAR;C-POP-MOZ;C-POP-MMR;C-POP-NAM;C-POP-NRU;C-POP-NPL;C-POP-NLD;C-POP-NZL;C-POP-NIC;C-POP-NER;C-POP-NGA;C-POP-MKD;C-POP-NOR;C-POP-OMN;C-POP-PAK;C-POP-PLW;C-POP-PAN;C-POP-PNG;C-POP-PRY;C-POP-PER;C-POP-PHL;C-POP-POL;C-POP-PRT;C-POP-QAT;C-POP-KOR;C-POP-MDA;C-POP-ROU;C-POP-RUS;C-POP-RWA;C-POP-KNA;C-POP-LCA;C-POP-VCT;C-POP-WSM;C-POP-SMR;C-POP-STP;C-POP-SAU;C-POP-SEN;C-POP-SRB;C-POP-SYC;C-POP-SLE;C-POP-SGP;C-POP-SVK;C-POP-SVN;C-POP-SLB;C-POP-SOM;C-POP-ZAF;C-POP-SSD;C-POP-ESP;C-POP-LKA;C-POP-PSE;C-POP-SDN;C-POP-SUR;C-POP-SWE;C-POP-CHE;C-POP-SYR;C-POP-TJK;C-POP-THA;C-POP-TLS;C-POP-TGO;C-POP-TON;C-POP-TTO;C-POP-TUN;C-POP-TKM;C-POP-TUV;C-POP-TUR;C-POP-UGA;C-POP-UKR;C-POP-ARE;C-POP-GBR;C-POP-TZA;C-POP-USA;C-POP-URY;C-POP-UZB;C-POP-VUT;C-POP-VEN;C-POP-VNM;C-POP-YEM;C-POP-ZMB;C-POP-ZWE,CL-horizon-headline;CL-horizon-table_row1;CL-horizon-table_row2;CL-horizon-table_row3;CL-horizon-table_row4;CL-demography-headline;CL-demography-chart_2026;CL-demography-chart_2051;CL-coverage-headline;CL-coverage-table_row1;CL-coverage-table_row2;CL-coverage-table_row3;CL-coverage-table_row4;CL-coverage-table_row5;CL-roadmap-headline;CL-roadmap-table_row1;CL-roadmap-table_row2;CL-roadmap-table_row3;CL-roadmap-table_row4;CL-data-dictionary-headline;CL-data-dictionary-body1;CL-data-dictionary-body2;CL-data-dictionary-body3;CL-data-dictionary-body4;CL-atlas-navigation-headline;CL-atlas-navigation-body1;CL-atlas-navigation-body2;CL-atlas-navigation-body3;CL-atlas-navigation-body4;CL-sources-6-headline;CL-sources-6-table_row1;CL-sources-6-table_row2;CL-sources-6-table_row3;CL-sources-6-table_row4;CL-sources-6-table_row5;CL-sources-6-table_row6,
WB_population,"World Bank WDI: Population, total",https://api.worldbank.org/v2/country/all/indicator/SP.POP.TOTL?date=2000:2025&format=json&per_page=20000,"Source 2; series and country/year records, update 2026-07-13",2026-10-07,Official statistics,Latest available year differs by country/series. No missing value imputed.,"World Bank; WDI compiler, underlying national/institutional sources in indicator metadata",Undated page / exact publication date not verified,2000–2025; available years differ,Latest downloaded vintage; original retrieval checksum identifies it,https://data.worldbank.org/indicator/SP.POP.TOTL,https://api.worldbank.org/v2/country/all/indicator/SP.POP.TOTL?date=2000:2025&format=json&per_page=20000,"Country ISO3/year; 195-country universe, non-country aggregates excluded","Population, total",No conversion unless a calculation explicitly provides it,"Not applicable for web/API; PDF pinpoint retained, further page attribution not verified",Not applicable / not independently verified,SP.POP.TOTL,https://api.worldbank.org/v2/country/all/indicator/SP.POP.TOTL?date=2000:2025&format=json&per_page=20000,"ISO3 in membership-verification.csv; year 2000–2025; latest non-null, no imputation",2026-10-07T18:48:37.819300+00:00,9f5b06621149da8759afaa661311af7aab5c8b4d29bf1ae9a76197ab543b9f65,Proxy observation,No conflicting series substituted; definitions/vintage retained. Unknowns stay unknown.,Public primary evidence; retrieval outcome in manifest. Blocked full downloads are not described as inspected.,Cite/link the issuing source; permitted statistical extracts retained with checksum where available. No claim of unrestricted report redistribution.,"Total population is based on the de facto definition of population, which counts all residents regardless of legal status or citizenship. The values shown are midyear estimates.",sources-6,,CL-sources-6-headline;CL-sources-6-table_row1;CL-sources-6-table_row2;CL-sources-6-table_row3;CL-sources-6-table_row4;CL-sources-6-table_row5;CL-sources-6-table_row6,"World Population Prospects, United Nations (UN), uri: https://population.un.org/wpp/, publisher: UN Population Division;
Statistical databases and publications from national statistical offices, National Statistical Offices (NSOs), uri: https://unstats.un.org/home/nso_sites/, publisher: National Statistical Offices;
Eurostat: Demographic Statistics, Eurostat (ESTAT), uri: https://ec.europa.eu/eurostat/data/database?node_code=earn_ses_monthly, publisher: Eurostat;
Population and Vital Statistics "
WB_income_ppp,"World Bank WDI: GDP per capita, PPP (constant 2021 international $)",https://api.worldbank.org/v2/country/all/indicator/NY.GDP.PCAP.PP.KD?date=2000:2025&format=json&per_page=20000,"Source 2; series and country/year records, update 2026-07-13",2026-10-07,Official statistics,Latest available year differs by country/series. No missing value imputed.,"World Bank; WDI compiler, underlying national/institutional sources in indicator metadata",Undated page / exact publication date not verified,2000–2025; available years differ,Latest downloaded vintage; original retrieval checksum identifies it,https://data.worldbank.org/indicator/NY.GDP.PCAP.PP.KD,https://api.worldbank.org/v2/country/all/indicator/NY.GDP.PCAP.PP.KD?date=2000:2025&format=json&per_page=20000,"Country ISO3/year; 195-country universe, non-country aggregates excluded","GDP per capita, PPP (constant 2021 international $)",No conversion unless a calculation explicitly provides it,"Not applicable for web/API; PDF pinpoint retained, further page attribution not verified",Not applicable / not independently verified,NY.GDP.PCAP.PP.KD,https://api.worldbank.org/v2/country/all/indicator/NY.GDP.PCAP.PP.KD?date=2000:2025&format=json&per_page=20000,"ISO3 in membership-verification.csv; year 2000–2025; latest non-null, no imputation",2026-10-07T18:48:37.819300+00:00,71b6d51ad0b451ea410cb8948bfb04ac9f42b31ec80148a3c8902ffe7b48072f,Proxy observation,No conflicting series substituted; definitions/vintage retained. Unknowns stay unknown.,Public primary evidence; retrieval outcome in manifest. Blocked full downloads are not described as inspected.,Cite/link the issuing source; permitted statistical extracts retained with checksum where available. No claim of unrestricted report redistribution.,"This indicator provides values for gross domestic product (GDP) per person expressed in constant international dollars, converted by purchasing power parities (PPPs). PPPs account for the different price levels across countries and thus PPP-based comparisons of economic output are more appropriate for comparing the output of economies and the average material well-being of their inhabitants than exchange-rate based comparisons. 

Gross domestic product is the total income earned through the prod",demography;validation;ols-estimates;sources-6;model-diagnostics,C-OLS,CL-demography-headline;CL-demography-chart_2026;CL-demography-chart_2051;CL-validation-headline;CL-validation-body1;CL-validation-body2;CL-validation-table_row1;CL-validation-table_row2;CL-validation-table_row3;CL-validation-table_row4;CL-validation-table_row5;CL-ols-estimates-headline;CL-ols-estimates-table_row1;CL-ols-estimates-table_row2;CL-ols-estimates-table_row3;CL-ols-estimates-table_row4;CL-sources-6-headline;CL-sources-6-table_row1;CL-sources-6-table_row2;CL-sources-6-table_row3;CL-sources-6-table_row4;CL-sources-6-table_row5;CL-sources-6-table_row6;CL-model-diagnostics-headline;CL-model-diagnostics-table_row1;CL-model-diagnostics-table_row2;CL-model-diagnostics-table_row3;CL-model-diagnostics-table_row4;CL-model-diagnostics-table_row5,"International Comparison Program (ICP), World Bank (WB), uri: https://www.worldbank.org/en/programs/icp/data, note: This information is for ICP’s PPPs utilized in WDI, publisher: International Comparison Program (ICP), date accessed: May 30, 2024, date published: May 30, 2024;
The Eurostat PPP Programme, Eurostat (ESTAT), uri: https://ec.europa.eu/eurostat/databrowser/explore/all/all_themes, publisher: Eurostat;
The OECD PPP Programme, Organisation for Economic Co-operation and Development (OECD"
WB_urban,World Bank WDI: Urban population (% of total population),https://api.worldbank.org/v2/country/all/indicator/SP.URB.TOTL.IN.ZS?date=2000:2025&format=json&per_page=20000,"Source 2; series and country/year records, update 2026-07-13",2026-10-07,Official statistics,Latest available year differs by country/series. No missing value imputed.,"World Bank; WDI compiler, underlying national/institutional sources in indicator metadata",Undated page / exact publication date not verified,2000–2025; available years differ,Latest downloaded vintage; original retrieval checksum identifies it,https://data.worldbank.org/indicator/SP.URB.TOTL.IN.ZS,https://api.worldbank.org/v2/country/all/indicator/SP.URB.TOTL.IN.ZS?date=2000:2025&format=json&per_page=20000,"Country ISO3/year; 195-country universe, non-country aggregates excluded",Urban population (% of total population),No conversion unless a calculation explicitly provides it,"Not applicable for web/API; PDF pinpoint retained, further page attribution not verified",Not applicable / not independently verified,SP.URB.TOTL.IN.ZS,https://api.worldbank.org/v2/country/all/indicator/SP.URB.TOTL.IN.ZS?date=2000:2025&format=json&per_page=20000,"ISO3 in membership-verification.csv; year 2000–2025; latest non-null, no imputation",2026-10-07T18:48:37.819300+00:00,8fd11140e65a802a137745dfd3dba911e1458f89b48db6295c2abb2ce94963ee,Proxy observation,No conflicting series substituted; definitions/vintage retained. Unknowns stay unknown.,Public primary evidence; retrieval outcome in manifest. Blocked full downloads are not described as inspected.,Cite/link the issuing source; permitted statistical extracts retained with checksum where available. No claim of unrestricted report redistribution.,Urban population refers to people living in urban areas as defined by national statistical offices. The data are collected and smoothed by United Nations Population Division.,demography;validation;ols-estimates;sources-12;model-diagnostics,C-OLS,CL-demography-headline;CL-demography-chart_2026;CL-demography-chart_2051;CL-validation-headline;CL-validation-body1;CL-validation-body2;CL-validation-table_row1;CL-validation-table_row2;CL-validation-table_row3;CL-validation-table_row4;CL-validation-table_row5;CL-ols-estimates-headline;CL-ols-estimates-table_row1;CL-ols-estimates-table_row2;CL-ols-estimates-table_row3;CL-ols-estimates-table_row4;CL-sources-12-headline;CL-sources-12-table_row1;CL-sources-12-table_row2;CL-sources-12-table_row3;CL-sources-12-table_row4;CL-sources-12-table_row5;CL-sources-12-table_row6;CL-model-diagnostics-headline;CL-model-diagnostics-table_row1;CL-model-diagnostics-table_row2;CL-model-diagnostics-table_row3;CL-model-diagnostics-table_row4;CL-model-diagnostics-table_row5,"World Urbanization Prospects, United Nations (UN), uri: https://population.un.org/wup/, note: United Nations Population Division's World Urbanization Prospects, National definitions, publisher: UN Population Division"
WB_inflation,"World Bank WDI: Inflation, consumer prices (annual %)",https://api.worldbank.org/v2/country/all/indicator/FP.CPI.TOTL.ZG?date=2000:2025&format=json&per_page=20000,"Source 2; series and country/year records, update 2026-07-13",2026-10-07,Official statistics,Latest available year differs by country/series. No missing value imputed.,"World Bank; WDI compiler, underlying national/institutional sources in indicator metadata",Undated page / exact publication date not verified,2000–2025; available years differ,Latest downloaded vintage; original retrieval checksum identifies it,https://data.worldbank.org/indicator/FP.CPI.TOTL.ZG,https://api.worldbank.org/v2/country/all/indicator/FP.CPI.TOTL.ZG?date=2000:2025&format=json&per_page=20000,"Country ISO3/year; 195-country universe, non-country aggregates excluded","Inflation, consumer prices (annual %)",No conversion unless a calculation explicitly provides it,"Not applicable for web/API; PDF pinpoint retained, further page attribution not verified",Not applicable / not independently verified,FP.CPI.TOTL.ZG,https://api.worldbank.org/v2/country/all/indicator/FP.CPI.TOTL.ZG?date=2000:2025&format=json&per_page=20000,"ISO3 in membership-verification.csv; year 2000–2025; latest non-null, no imputation",2026-10-07T18:48:37.819300+00:00,8982c015c0f292aefc7d0d450d48ced27d3007bc135cafd9cb0b33efd25af454,Proxy observation,No conflicting series substituted; definitions/vintage retained. Unknowns stay unknown.,Public primary evidence; retrieval outcome in manifest. Blocked full downloads are not described as inspected.,Cite/link the issuing source; permitted statistical extracts retained with checksum where available. No claim of unrestricted report redistribution.,"Inflation as measured by the consumer price index reflects the annual percentage change in the cost to the average consumer of acquiring a basket of goods and services that may be fixed or changed at specified intervals, such as yearly.",sources-12,,CL-sources-12-headline;CL-sources-12-table_row1;CL-sources-12-table_row2;CL-sources-12-table_row3;CL-sources-12-table_row4;CL-sources-12-table_row5;CL-sources-12-table_row6,"International Financial Statistics database, International Monetary Fund (IMF)"
WB_food_index,World Bank WDI: Food production index (2014-2016 = 100),https://api.worldbank.org/v2/country/all/indicator/AG.PRD.FOOD.XD?date=2000:2025&format=json&per_page=20000,"Source 2; series and country/year records, update 2026-07-13",2026-10-07,Official statistics,Latest available year differs by country/series. No missing value imputed.,"World Bank; WDI compiler, underlying national/institutional sources in indicator metadata",Undated page / exact publication date not verified,2000–2025; available years differ,Latest downloaded vintage; original retrieval checksum identifies it,https://data.worldbank.org/indicator/AG.PRD.FOOD.XD,https://api.worldbank.org/v2/country/all/indicator/AG.PRD.FOOD.XD?date=2000:2025&format=json&per_page=20000,"Country ISO3/year; 195-country universe, non-country aggregates excluded",Food production index (2014-2016 = 100),No conversion unless a calculation explicitly provides it,"Not applicable for web/API; PDF pinpoint retained, further page attribution not verified",Not applicable / not independently verified,AG.PRD.FOOD.XD,https://api.worldbank.org/v2/country/all/indicator/AG.PRD.FOOD.XD?date=2000:2025&format=json&per_page=20000,"ISO3 in membership-verification.csv; year 2000–2025; latest non-null, no imputation",2026-10-07T18:48:37.819300+00:00,c62ba563ca036811ae1716af9f0c45a3d6d6ee00b6be6d9bbf773019444cf882,Proxy observation,No conflicting series substituted; definitions/vintage retained. Unknowns stay unknown.,Public primary evidence; retrieval outcome in manifest. Blocked full downloads are not described as inspected.,Cite/link the issuing source; permitted statistical extracts retained with checksum where available. No claim of unrestricted report redistribution.,"Food production index covers food crops that are considered edible and that contain nutrients. Coffee and tea are excluded because, although edible, they have no nutritive value.",validation;ols-estimates;validation-transfer;sources-12;model-diagnostics,C-OLS,CL-validation-headline;CL-validation-body1;CL-validation-body2;CL-validation-table_row1;CL-validation-table_row2;CL-validation-table_row3;CL-validation-table_row4;CL-validation-table_row5;CL-ols-estimates-headline;CL-ols-estimates-table_row1;CL-ols-estimates-table_row2;CL-ols-estimates-table_row3;CL-ols-estimates-table_row4;CL-validation-transfer-headline;CL-validation-transfer-body1;CL-validation-transfer-table_row1;CL-validation-transfer-table_row2;CL-validation-transfer-table_row3;CL-validation-transfer-table_row4;CL-validation-transfer-table_row5;CL-sources-12-headline;CL-sources-12-table_row1;CL-sources-12-table_row2;CL-sources-12-table_row3;CL-sources-12-table_row4;CL-sources-12-table_row5;CL-sources-12-table_row6;CL-model-diagnostics-headline;CL-model-diagnostics-table_row1;CL-model-diagnostics-table_row2;CL-model-diagnostics-table_row3;CL-model-diagnostics-table_row4;CL-model-diagnostics-table_row5,"FAO electronic files and web site, Food and Agriculture Organization of the United Nations (FAO), publisher: Food and Agriculture Organization of the United Nations (FAO)"
WB_food_import_share,World Bank WDI: Food imports (% of merchandise imports),https://api.worldbank.org/v2/country/all/indicator/TM.VAL.FOOD.ZS.UN?date=2000:2025&format=json&per_page=20000,"Source 2; series and country/year records, update 2026-07-13",2026-10-07,Official statistics,Latest available year differs by country/series. No missing value imputed.,"World Bank; WDI compiler, underlying national/institutional sources in indicator metadata",Undated page / exact publication date not verified,2000–2025; available years differ,Latest downloaded vintage; original retrieval checksum identifies it,https://data.worldbank.org/indicator/TM.VAL.FOOD.ZS.UN,https://api.worldbank.org/v2/country/all/indicator/TM.VAL.FOOD.ZS.UN?date=2000:2025&format=json&per_page=20000,"Country ISO3/year; 195-country universe, non-country aggregates excluded",Food imports (% of merchandise imports),No conversion unless a calculation explicitly provides it,"Not applicable for web/API; PDF pinpoint retained, further page attribution not verified",Not applicable / not independently verified,TM.VAL.FOOD.ZS.UN,https://api.worldbank.org/v2/country/all/indicator/TM.VAL.FOOD.ZS.UN?date=2000:2025&format=json&per_page=20000,"ISO3 in membership-verification.csv; year 2000–2025; latest non-null, no imputation",2026-10-07T18:48:37.819300+00:00,0a135996d8a9e212972aec200f8c3b7fc54730aa272d48359cc2c61ee6acc11a,Proxy observation,No conflicting series substituted; definitions/vintage retained. Unknowns stay unknown.,Public primary evidence; retrieval outcome in manifest. Blocked full downloads are not described as inspected.,Cite/link the issuing source; permitted statistical extracts retained with checksum where available. No claim of unrestricted report redistribution.,"Food comprises the commodities in SITC (Rev. 3) sections 0 (food and live animals), 1 (beverages and tobacco), and 4 (animal and vegetable oils and fats) and division 22 (oil seeds, oil nuts, and oil kernels). This indicator is expressed as a percentage of merchandise imports which is comprised of goods whose economic ownership is changed between a non-resident and a resident and that are not included in the following specific categories: goods under merchanting, non-monetary gold, and parts of ",sources-12,C-WBFOOD-AFG;C-WBFOOD-ALB;C-WBFOOD-DZA;C-WBFOOD-AND;C-WBFOOD-AGO;C-WBFOOD-ATG;C-WBFOOD-ARG;C-WBFOOD-ARM;C-WBFOOD-AUS;C-WBFOOD-AUT;C-WBFOOD-AZE;C-WBFOOD-BHS;C-WBFOOD-BHR;C-WBFOOD-BGD;C-WBFOOD-BRB;C-WBFOOD-BLR;C-WBFOOD-BEL;C-WBFOOD-BLZ;C-WBFOOD-BEN;C-WBFOOD-BTN;C-WBFOOD-BOL;C-WBFOOD-BIH;C-WBFOOD-BWA;C-WBFOOD-BRA;C-WBFOOD-BRN;C-WBFOOD-BGR;C-WBFOOD-BFA;C-WBFOOD-BDI;C-WBFOOD-CPV;C-WBFOOD-KHM;C-WBFOOD-CMR;C-WBFOOD-CAN;C-WBFOOD-CAF;C-WBFOOD-CHL;C-WBFOOD-CHN;C-WBFOOD-COL;C-WBFOOD-COM;C-WBFOOD-COG;C-WBFOOD-CRI;C-WBFOOD-HRV;C-WBFOOD-CUB;C-WBFOOD-CYP;C-WBFOOD-CZE;C-WBFOOD-CIV;C-WBFOOD-COD;C-WBFOOD-DNK;C-WBFOOD-DJI;C-WBFOOD-DMA;C-WBFOOD-DOM;C-WBFOOD-ECU;C-WBFOOD-EGY;C-WBFOOD-SLV;C-WBFOOD-ERI;C-WBFOOD-EST;C-WBFOOD-SWZ;C-WBFOOD-ETH;C-WBFOOD-FJI;C-WBFOOD-FIN;C-WBFOOD-FRA;C-WBFOOD-GAB;C-WBFOOD-GMB;C-WBFOOD-GEO;C-WBFOOD-DEU;C-WBFOOD-GHA;C-WBFOOD-GRC;C-WBFOOD-GRD;C-WBFOOD-GTM;C-WBFOOD-GIN;C-WBFOOD-GNB;C-WBFOOD-GUY;C-WBFOOD-HTI;C-WBFOOD-HND;C-WBFOOD-HUN;C-WBFOOD-ISL;C-WBFOOD-IND;C-WBFOOD-IDN;C-WBFOOD-IRN;C-WBFOOD-IRQ;C-WBFOOD-IRL;C-WBFOOD-ISR;C-WBFOOD-ITA;C-WBFOOD-JAM;C-WBFOOD-JPN;C-WBFOOD-JOR;C-WBFOOD-KAZ;C-WBFOOD-KEN;C-WBFOOD-KIR;C-WBFOOD-KWT;C-WBFOOD-KGZ;C-WBFOOD-LAO;C-WBFOOD-LVA;C-WBFOOD-LBN;C-WBFOOD-LSO;C-WBFOOD-LBR;C-WBFOOD-LBY;C-WBFOOD-LTU;C-WBFOOD-LUX;C-WBFOOD-MDG;C-WBFOOD-MWI;C-WBFOOD-MYS;C-WBFOOD-MDV;C-WBFOOD-MLI;C-WBFOOD-MLT;C-WBFOOD-MRT;C-WBFOOD-MUS;C-WBFOOD-MEX;C-WBFOOD-FSM;C-WBFOOD-MNG;C-WBFOOD-MNE;C-WBFOOD-MAR;C-WBFOOD-MOZ;C-WBFOOD-MMR;C-WBFOOD-NAM;C-WBFOOD-NPL;C-WBFOOD-NLD;C-WBFOOD-NZL;C-WBFOOD-NIC;C-WBFOOD-NER;C-WBFOOD-NGA;C-WBFOOD-MKD;C-WBFOOD-NOR;C-WBFOOD-OMN;C-WBFOOD-PAK;C-WBFOOD-PLW;C-WBFOOD-PAN;C-WBFOOD-PNG;C-WBFOOD-PRY;C-WBFOOD-PER;C-WBFOOD-PHL;C-WBFOOD-POL;C-WBFOOD-PRT;C-WBFOOD-QAT;C-WBFOOD-KOR;C-WBFOOD-MDA;C-WBFOOD-ROU;C-WBFOOD-RUS;C-WBFOOD-RWA;C-WBFOOD-KNA;C-WBFOOD-LCA;C-WBFOOD-VCT;C-WBFOOD-WSM;C-WBFOOD-STP;C-WBFOOD-SAU;C-WBFOOD-SEN;C-WBFOOD-SRB;C-WBFOOD-SYC;C-WBFOOD-SLE;C-WBFOOD-SGP;C-WBFOOD-SVK;C-WBFOOD-SVN;C-WBFOOD-SLB;C-WBFOOD-ZAF;C-WBFOOD-ESP;C-WBFOOD-LKA;C-WBFOOD-SDN;C-WBFOOD-SUR;C-WBFOOD-SWE;C-WBFOOD-CHE;C-WBFOOD-SYR;C-WBFOOD-TJK;C-WBFOOD-THA;C-WBFOOD-TLS;C-WBFOOD-TGO;C-WBFOOD-TON;C-WBFOOD-TTO;C-WBFOOD-TUN;C-WBFOOD-TKM;C-WBFOOD-TUV;C-WBFOOD-TUR;C-WBFOOD-UGA;C-WBFOOD-UKR;C-WBFOOD-ARE;C-WBFOOD-GBR;C-WBFOOD-TZA;C-WBFOOD-USA;C-WBFOOD-URY;C-WBFOOD-UZB;C-WBFOOD-VUT;C-WBFOOD-VEN;C-WBFOOD-VNM;C-WBFOOD-YEM;C-WBFOOD-ZMB;C-WBFOOD-ZWE,CL-sources-12-headline;CL-sources-12-table_row1;CL-sources-12-table_row2;CL-sources-12-table_row3;CL-sources-12-table_row4;CL-sources-12-table_row5;CL-sources-12-table_row6,"Comtrade database, United Nations (UN), publisher: UN Statistics Division;
World Integrated Trade Solution system (WITS);
Staff estimates, World Bank (WB)"
WB_food_export_share,World Bank WDI: Food exports (% of merchandise exports),https://api.worldbank.org/v2/country/all/indicator/TX.VAL.FOOD.ZS.UN?date=2000:2025&format=json&per_page=20000,"Source 2; series and country/year records, update 2026-07-13",2026-10-07,Official statistics,Latest available year differs by country/series. No missing value imputed.,"World Bank; WDI compiler, underlying national/institutional sources in indicator metadata",Undated page / exact publication date not verified,2000–2025; available years differ,Latest downloaded vintage; original retrieval checksum identifies it,https://data.worldbank.org/indicator/TX.VAL.FOOD.ZS.UN,https://api.worldbank.org/v2/country/all/indicator/TX.VAL.FOOD.ZS.UN?date=2000:2025&format=json&per_page=20000,"Country ISO3/year; 195-country universe, non-country aggregates excluded",Food exports (% of merchandise exports),No conversion unless a calculation explicitly provides it,"Not applicable for web/API; PDF pinpoint retained, further page attribution not verified",Not applicable / not independently verified,TX.VAL.FOOD.ZS.UN,https://api.worldbank.org/v2/country/all/indicator/TX.VAL.FOOD.ZS.UN?date=2000:2025&format=json&per_page=20000,"ISO3 in membership-verification.csv; year 2000–2025; latest non-null, no imputation",2026-10-07T18:48:37.819300+00:00,4df9395bef03dcc4693bbb2ca756dad63f0c56a8c51b5d255260c802db009398,Proxy observation,No conflicting series substituted; definitions/vintage retained. Unknowns stay unknown.,Public primary evidence; retrieval outcome in manifest. Blocked full downloads are not described as inspected.,Cite/link the issuing source; permitted statistical extracts retained with checksum where available. No claim of unrestricted report redistribution.,"Food comprises the commodities in SITC (Rev. 3) sections 0 (food and live animals), 1 (beverages and tobacco), and 4 (animal and vegetable oils and fats) and division 22 (oil seeds, oil nuts, and oil kernels). This indicator is expressed as a percentage of merchandise exports which is comprised of goods whose economic ownership is changed between a resident and a non-resident and that are not included in the following specific categories: goods under merchanting, non-monetary gold, and parts of ",sources-12,,CL-sources-12-headline;CL-sources-12-table_row1;CL-sources-12-table_row2;CL-sources-12-table_row3;CL-sources-12-table_row4;CL-sources-12-table_row5;CL-sources-12-table_row6,"Comtrade database, United Nations (UN), publisher: UN Statistics Division;
World Integrated Trade Solution system (WITS);
Staff estimates, World Bank (WB)"
WB_imports_usd,World Bank WDI: Merchandise imports (current US$),https://api.worldbank.org/v2/country/all/indicator/TM.VAL.MRCH.CD.WT?date=2000:2025&format=json&per_page=20000,"Source 2; series and country/year records, update 2026-07-13",2026-10-07,Official statistics,Latest available year differs by country/series. No missing value imputed.,"World Bank; WDI compiler, underlying national/institutional sources in indicator metadata",Undated page / exact publication date not verified,2000–2025; available years differ,Latest downloaded vintage; original retrieval checksum identifies it,https://data.worldbank.org/indicator/TM.VAL.MRCH.CD.WT,https://api.worldbank.org/v2/country/all/indicator/TM.VAL.MRCH.CD.WT?date=2000:2025&format=json&per_page=20000,"Country ISO3/year; 195-country universe, non-country aggregates excluded",Merchandise imports (current US$),No conversion unless a calculation explicitly provides it,"Not applicable for web/API; PDF pinpoint retained, further page attribution not verified",Not applicable / not independently verified,TM.VAL.MRCH.CD.WT,https://api.worldbank.org/v2/country/all/indicator/TM.VAL.MRCH.CD.WT?date=2000:2025&format=json&per_page=20000,"ISO3 in membership-verification.csv; year 2000–2025; latest non-null, no imputation",2026-10-07T18:48:37.819300+00:00,5f3b4bbbcd016e899b8c946c3b161bc20a94a91edd465de53b21a83e38593046,Proxy observation,No conflicting series substituted; definitions/vintage retained. Unknowns stay unknown.,Public primary evidence; retrieval outcome in manifest. Blocked full downloads are not described as inspected.,Cite/link the issuing source; permitted statistical extracts retained with checksum where available. No claim of unrestricted report redistribution.,"Merchandise imports includes goods whose economic ownership is changed from a non-resident to a resident and that are not included in the following specific categories: goods under merchanting, non-monetary gold, and parts of travel, construction, and government goods and services n.i.e. This indicator is expressed in current prices, meaning no adjustment has been made to account for price changes over time. This indicator is expressed in United States dollars.",sources-12,C-WBFOOD-AFG;C-WBFOOD-ALB;C-WBFOOD-DZA;C-WBFOOD-AND;C-WBFOOD-AGO;C-WBFOOD-ATG;C-WBFOOD-ARG;C-WBFOOD-ARM;C-WBFOOD-AUS;C-WBFOOD-AUT;C-WBFOOD-AZE;C-WBFOOD-BHS;C-WBFOOD-BHR;C-WBFOOD-BGD;C-WBFOOD-BRB;C-WBFOOD-BLR;C-WBFOOD-BEL;C-WBFOOD-BLZ;C-WBFOOD-BEN;C-WBFOOD-BTN;C-WBFOOD-BOL;C-WBFOOD-BIH;C-WBFOOD-BWA;C-WBFOOD-BRA;C-WBFOOD-BRN;C-WBFOOD-BGR;C-WBFOOD-BFA;C-WBFOOD-BDI;C-WBFOOD-CPV;C-WBFOOD-KHM;C-WBFOOD-CMR;C-WBFOOD-CAN;C-WBFOOD-CAF;C-WBFOOD-CHL;C-WBFOOD-CHN;C-WBFOOD-COL;C-WBFOOD-COM;C-WBFOOD-COG;C-WBFOOD-CRI;C-WBFOOD-HRV;C-WBFOOD-CUB;C-WBFOOD-CYP;C-WBFOOD-CZE;C-WBFOOD-CIV;C-WBFOOD-COD;C-WBFOOD-DNK;C-WBFOOD-DJI;C-WBFOOD-DMA;C-WBFOOD-DOM;C-WBFOOD-ECU;C-WBFOOD-EGY;C-WBFOOD-SLV;C-WBFOOD-ERI;C-WBFOOD-EST;C-WBFOOD-SWZ;C-WBFOOD-ETH;C-WBFOOD-FJI;C-WBFOOD-FIN;C-WBFOOD-FRA;C-WBFOOD-GAB;C-WBFOOD-GMB;C-WBFOOD-GEO;C-WBFOOD-DEU;C-WBFOOD-GHA;C-WBFOOD-GRC;C-WBFOOD-GRD;C-WBFOOD-GTM;C-WBFOOD-GIN;C-WBFOOD-GNB;C-WBFOOD-GUY;C-WBFOOD-HTI;C-WBFOOD-HND;C-WBFOOD-HUN;C-WBFOOD-ISL;C-WBFOOD-IND;C-WBFOOD-IDN;C-WBFOOD-IRN;C-WBFOOD-IRQ;C-WBFOOD-IRL;C-WBFOOD-ISR;C-WBFOOD-ITA;C-WBFOOD-JAM;C-WBFOOD-JPN;C-WBFOOD-JOR;C-WBFOOD-KAZ;C-WBFOOD-KEN;C-WBFOOD-KIR;C-WBFOOD-KWT;C-WBFOOD-KGZ;C-WBFOOD-LAO;C-WBFOOD-LVA;C-WBFOOD-LBN;C-WBFOOD-LSO;C-WBFOOD-LBR;C-WBFOOD-LBY;C-WBFOOD-LTU;C-WBFOOD-LUX;C-WBFOOD-MDG;C-WBFOOD-MWI;C-WBFOOD-MYS;C-WBFOOD-MDV;C-WBFOOD-MLI;C-WBFOOD-MLT;C-WBFOOD-MRT;C-WBFOOD-MUS;C-WBFOOD-MEX;C-WBFOOD-FSM;C-WBFOOD-MNG;C-WBFOOD-MNE;C-WBFOOD-MAR;C-WBFOOD-MOZ;C-WBFOOD-MMR;C-WBFOOD-NAM;C-WBFOOD-NPL;C-WBFOOD-NLD;C-WBFOOD-NZL;C-WBFOOD-NIC;C-WBFOOD-NER;C-WBFOOD-NGA;C-WBFOOD-MKD;C-WBFOOD-NOR;C-WBFOOD-OMN;C-WBFOOD-PAK;C-WBFOOD-PLW;C-WBFOOD-PAN;C-WBFOOD-PNG;C-WBFOOD-PRY;C-WBFOOD-PER;C-WBFOOD-PHL;C-WBFOOD-POL;C-WBFOOD-PRT;C-WBFOOD-QAT;C-WBFOOD-KOR;C-WBFOOD-MDA;C-WBFOOD-ROU;C-WBFOOD-RUS;C-WBFOOD-RWA;C-WBFOOD-KNA;C-WBFOOD-LCA;C-WBFOOD-VCT;C-WBFOOD-WSM;C-WBFOOD-STP;C-WBFOOD-SAU;C-WBFOOD-SEN;C-WBFOOD-SRB;C-WBFOOD-SYC;C-WBFOOD-SLE;C-WBFOOD-SGP;C-WBFOOD-SVK;C-WBFOOD-SVN;C-WBFOOD-SLB;C-WBFOOD-ZAF;C-WBFOOD-ESP;C-WBFOOD-LKA;C-WBFOOD-SDN;C-WBFOOD-SUR;C-WBFOOD-SWE;C-WBFOOD-CHE;C-WBFOOD-SYR;C-WBFOOD-TJK;C-WBFOOD-THA;C-WBFOOD-TLS;C-WBFOOD-TGO;C-WBFOOD-TON;C-WBFOOD-TTO;C-WBFOOD-TUN;C-WBFOOD-TKM;C-WBFOOD-TUV;C-WBFOOD-TUR;C-WBFOOD-UGA;C-WBFOOD-UKR;C-WBFOOD-ARE;C-WBFOOD-GBR;C-WBFOOD-TZA;C-WBFOOD-USA;C-WBFOOD-URY;C-WBFOOD-UZB;C-WBFOOD-VUT;C-WBFOOD-VEN;C-WBFOOD-VNM;C-WBFOOD-YEM;C-WBFOOD-ZMB;C-WBFOOD-ZWE,CL-sources-12-headline;CL-sources-12-table_row1;CL-sources-12-table_row2;CL-sources-12-table_row3;CL-sources-12-table_row4;CL-sources-12-table_row5;CL-sources-12-table_row6,World Trade Organization (WTO)
WB_exports_usd,World Bank WDI: Merchandise exports (current US$),https://api.worldbank.org/v2/country/all/indicator/TX.VAL.MRCH.CD.WT?date=2000:2025&format=json&per_page=20000,"Source 2; series and country/year records, update 2026-07-13",2026-10-07,Official statistics,Latest available year differs by country/series. No missing value imputed.,"World Bank; WDI compiler, underlying national/institutional sources in indicator metadata",Undated page / exact publication date not verified,2000–2025; available years differ,Latest downloaded vintage; original retrieval checksum identifies it,https://data.worldbank.org/indicator/TX.VAL.MRCH.CD.WT,https://api.worldbank.org/v2/country/all/indicator/TX.VAL.MRCH.CD.WT?date=2000:2025&format=json&per_page=20000,"Country ISO3/year; 195-country universe, non-country aggregates excluded",Merchandise exports (current US$),No conversion unless a calculation explicitly provides it,"Not applicable for web/API; PDF pinpoint retained, further page attribution not verified",Not applicable / not independently verified,TX.VAL.MRCH.CD.WT,https://api.worldbank.org/v2/country/all/indicator/TX.VAL.MRCH.CD.WT?date=2000:2025&format=json&per_page=20000,"ISO3 in membership-verification.csv; year 2000–2025; latest non-null, no imputation",2026-10-07T18:48:37.819300+00:00,d146f5d949e220afce4d5c99d570ab36a0ddb9b4d0f252940aa78102071eda0c,Proxy observation,No conflicting series substituted; definitions/vintage retained. Unknowns stay unknown.,Public primary evidence; retrieval outcome in manifest. Blocked full downloads are not described as inspected.,Cite/link the issuing source; permitted statistical extracts retained with checksum where available. No claim of unrestricted report redistribution.,"Merchandise exports includes goods whose economic ownership is changed from a resident to a non-resident and that are not included in the following specific categories: goods under merchanting, non-monetary gold, and parts of travel, construction, and government goods and services n.i.e. This indicator is expressed in current prices, meaning no adjustment has been made to account for price changes over time. This indicator is expressed in United States dollars.",sources-18,,CL-sources-18-headline;CL-sources-18-table_row1;CL-sources-18-table_row2;CL-sources-18-table_row3;CL-sources-18-table_row4;CL-sources-18-table_row5;CL-sources-18-table_row6,World Trade Organization (WTO)
WB_cereal_yield,World Bank WDI: Cereal yield (kg per hectare),https://api.worldbank.org/v2/country/all/indicator/AG.YLD.CREL.KG?date=2000:2025&format=json&per_page=20000,"Source 2; series and country/year records, update 2026-07-13",2026-10-07,Official statistics,Latest available year differs by country/series. No missing value imputed.,"World Bank; WDI compiler, underlying national/institutional sources in indicator metadata",Undated page / exact publication date not verified,2000–2025; available years differ,Latest downloaded vintage; original retrieval checksum identifies it,https://data.worldbank.org/indicator/AG.YLD.CREL.KG,https://api.worldbank.org/v2/country/all/indicator/AG.YLD.CREL.KG?date=2000:2025&format=json&per_page=20000,"Country ISO3/year; 195-country universe, non-country aggregates excluded",Cereal yield (kg per hectare),No conversion unless a calculation explicitly provides it,"Not applicable for web/API; PDF pinpoint retained, further page attribution not verified",Not applicable / not independently verified,AG.YLD.CREL.KG,https://api.worldbank.org/v2/country/all/indicator/AG.YLD.CREL.KG?date=2000:2025&format=json&per_page=20000,"ISO3 in membership-verification.csv; year 2000–2025; latest non-null, no imputation",2026-10-07T18:48:37.819300+00:00,552933117cf9835ed5f0f3493f175aac3b672cdb37da9ccdca4ed207d1008a3d,Proxy observation,No conflicting series substituted; definitions/vintage retained. Unknowns stay unknown.,Public primary evidence; retrieval outcome in manifest. Blocked full downloads are not described as inspected.,Cite/link the issuing source; permitted statistical extracts retained with checksum where available. No claim of unrestricted report redistribution.,"Cereal yield, measured as kilograms per hectare of harvested land, includes wheat, rice, maize, barley, oats, rye, millet, sorghum, buckwheat, and mixed grains. Production data on cereals relate to crops harvested for dry grain only. Cereal crops harvested for hay or harvested green for food, feed, or silage and those used for grazing are excluded. The FAO allocates production data to the calendar year in which the bulk of the harvest took place. Most of a crop harvested near the end of a year w",validation;ols-estimates;sources-18;model-diagnostics,C-OLS,CL-validation-headline;CL-validation-body1;CL-validation-body2;CL-validation-table_row1;CL-validation-table_row2;CL-validation-table_row3;CL-validation-table_row4;CL-validation-table_row5;CL-ols-estimates-headline;CL-ols-estimates-table_row1;CL-ols-estimates-table_row2;CL-ols-estimates-table_row3;CL-ols-estimates-table_row4;CL-sources-18-headline;CL-sources-18-table_row1;CL-sources-18-table_row2;CL-sources-18-table_row3;CL-sources-18-table_row4;CL-sources-18-table_row5;CL-sources-18-table_row6;CL-model-diagnostics-headline;CL-model-diagnostics-table_row1;CL-model-diagnostics-table_row2;CL-model-diagnostics-table_row3;CL-model-diagnostics-table_row4;CL-model-diagnostics-table_row5,"FAO electronic files and web site, Food and Agriculture Organization of the United Nations (FAO), uri: https://www.fao.org/faostat/en/#data/QCL, publisher: Food and Agriculture Organization of the United Nations (FAO)"
WB_water_stress,World Bank WDI: Level of water stress: freshwater withdrawal as a proportion of available freshwater resources,https://api.worldbank.org/v2/country/all/indicator/ER.H2O.FWST.ZS?date=2000:2025&format=json&per_page=20000,"Source 2; series and country/year records, update 2026-07-13",2026-10-07,Official statistics,Latest available year differs by country/series. No missing value imputed.,"World Bank; WDI compiler, underlying national/institutional sources in indicator metadata",Undated page / exact publication date not verified,2000–2025; available years differ,Latest downloaded vintage; original retrieval checksum identifies it,https://data.worldbank.org/indicator/ER.H2O.FWST.ZS,https://api.worldbank.org/v2/country/all/indicator/ER.H2O.FWST.ZS?date=2000:2025&format=json&per_page=20000,"Country ISO3/year; 195-country universe, non-country aggregates excluded",Level of water stress: freshwater withdrawal as a proportion of available freshwater resources,No conversion unless a calculation explicitly provides it,"Not applicable for web/API; PDF pinpoint retained, further page attribution not verified",Not applicable / not independently verified,ER.H2O.FWST.ZS,https://api.worldbank.org/v2/country/all/indicator/ER.H2O.FWST.ZS?date=2000:2025&format=json&per_page=20000,"ISO3 in membership-verification.csv; year 2000–2025; latest non-null, no imputation",2026-10-07T18:48:37.819300+00:00,a6a0be98d7148f86f164db84a904d56970c68aef3b694d86dc61c7686c4a5f16,Proxy observation,No conflicting series substituted; definitions/vintage retained. Unknowns stay unknown.,Public primary evidence; retrieval outcome in manifest. Blocked full downloads are not described as inspected.,Cite/link the issuing source; permitted statistical extracts retained with checksum where available. No claim of unrestricted report redistribution.,"The level of water stress: freshwater withdrawal as a proportion of available freshwater resources is the ratio between total freshwater withdrawn by all major sectors and total renewable freshwater resources, after taking into account environmental water requirements. Main sectors, as defined by ISIC standards, include agriculture; forestry and fishing; manufacturing; electricity industry; and services. This indicator is also known as water withdrawal intensity.",climate;sources-18,,CL-climate-headline;CL-climate-body1;CL-climate-body2;CL-climate-body3;CL-climate-table_row1;CL-climate-table_row2;CL-climate-table_row3;CL-sources-18-headline;CL-sources-18-table_row1;CL-sources-18-table_row2;CL-sources-18-table_row3;CL-sources-18-table_row4;CL-sources-18-table_row5;CL-sources-18-table_row6,"AQUASTAT - FAO's Global Information System on Water and Agriculture, Food and Agriculture Organization of the United Nations (FAO), uri: https://data.apps.fao.org/aquastat/, publisher: Food and Agriculture Organization of the United Nations (FAO), date accessed: 20240529"
CO_NGA,Olam Agri Nigeria,https://www.olamagri.com/locations/nigeria,Country capability/product sections,2026-10-07,Company disclosure,Capability evidence does not disclose incremental project returns.,"Olam Agri / Olam Group, company issuer",Undated page / exact publication date not verified,As stated at pinpoint; distinguish observation and transaction dates,Latest downloaded vintage; original retrieval checksum identifies it,https://www.olamagri.com/locations/nigeria,https://www.olamagri.com/locations/nigeria,Country/product/entity scope stated at pinpoint; no cross-perimeter transfer,See source definition; no currency conversion or financial calibration inferred,No conversion unless a calculation explicitly provides it,"Not applicable for web/API; PDF pinpoint retained, further page attribution not verified",Not applicable / not independently verified,,,Document sections at pinpoint,2026-10-07T18:48:37.819300+00:00,ee9393454a7045b0532fbc00dc6694f8c43d775bc93a7bf2b2bc7cee75854154,Direct disclosure or original methodology; scope limitations apply,No conflicting series substituted; definitions/vintage retained. Unknowns stay unknown.,Public primary evidence; retrieval outcome in manifest. Blocked full downloads are not described as inspected.,Cite/link the issuing source; permitted statistical extracts retained with checksum where available. No claim of unrestricted report redistribution.,Capability evidence does not disclose incremental project returns.,priorities;nigeria;sources-18,,CL-priorities-headline;CL-priorities-table_row1;CL-priorities-table_row2;CL-priorities-table_row3;CL-priorities-table_row4;CL-priorities-table_row5;CL-nigeria-headline;CL-nigeria-table_row1;CL-nigeria-table_row2;CL-nigeria-table_row3;CL-nigeria-table_row4;CL-nigeria-table_row5;CL-nigeria-table_row6;CL-sources-18-headline;CL-sources-18-table_row1;CL-sources-18-table_row2;CL-sources-18-table_row3;CL-sources-18-table_row4;CL-sources-18-table_row5;CL-sources-18-table_row6,
CO_GHA,Olam Agri Ghana,https://www.olamagri.com/locations/ghana,Country capability/product sections,2026-10-07,Company disclosure,Capability evidence does not disclose incremental project returns.,"Olam Agri / Olam Group, company issuer",Undated page / exact publication date not verified,As stated at pinpoint; distinguish observation and transaction dates,Latest downloaded vintage; original retrieval checksum identifies it,https://www.olamagri.com/locations/ghana,https://www.olamagri.com/locations/ghana,Country/product/entity scope stated at pinpoint; no cross-perimeter transfer,See source definition; no currency conversion or financial calibration inferred,No conversion unless a calculation explicitly provides it,"Not applicable for web/API; PDF pinpoint retained, further page attribution not verified",Not applicable / not independently verified,,,Document sections at pinpoint,2026-10-07T18:48:37.819300+00:00,86788078bfbf971160707d8bf052ce85cc04ab4f812e28dd0eb190b8fa2c2e0e,Direct disclosure or original methodology; scope limitations apply,No conflicting series substituted; definitions/vintage retained. Unknowns stay unknown.,Public primary evidence; retrieval outcome in manifest. Blocked full downloads are not described as inspected.,Cite/link the issuing source; permitted statistical extracts retained with checksum where available. No claim of unrestricted report redistribution.,Capability evidence does not disclose incremental project returns.,priorities;sources-18,,CL-priorities-headline;CL-priorities-table_row1;CL-priorities-table_row2;CL-priorities-table_row3;CL-priorities-table_row4;CL-priorities-table_row5;CL-sources-18-headline;CL-sources-18-table_row1;CL-sources-18-table_row2;CL-sources-18-table_row3;CL-sources-18-table_row4;CL-sources-18-table_row5;CL-sources-18-table_row6,
CO_SEN,Olam Agri Senegal,https://www.olamagri.com/locations/senegal,Country capability/product sections,2026-10-07,Company disclosure,Capability evidence does not disclose incremental project returns.,"Olam Agri / Olam Group, company issuer",Undated page / exact publication date not verified,As stated at pinpoint; distinguish observation and transaction dates,Latest downloaded vintage; original retrieval checksum identifies it,https://www.olamagri.com/locations/senegal,https://www.olamagri.com/locations/senegal,Country/product/entity scope stated at pinpoint; no cross-perimeter transfer,See source definition; no currency conversion or financial calibration inferred,No conversion unless a calculation explicitly provides it,"Not applicable for web/API; PDF pinpoint retained, further page attribution not verified",Not applicable / not independently verified,,,Document sections at pinpoint,2026-10-07T18:48:37.819300+00:00,45c68cb3662be4360725a86163677669d1b15b33e3159615326da2f1ddd6d4a9,Direct disclosure or original methodology; scope limitations apply,No conflicting series substituted; definitions/vintage retained. Unknowns stay unknown.,Public primary evidence; retrieval outcome in manifest. Blocked full downloads are not described as inspected.,Cite/link the issuing source; permitted statistical extracts retained with checksum where available. No claim of unrestricted report redistribution.,Capability evidence does not disclose incremental project returns.,priorities;sources-18,,CL-priorities-headline;CL-priorities-table_row1;CL-priorities-table_row2;CL-priorities-table_row3;CL-priorities-table_row4;CL-priorities-table_row5;CL-sources-18-headline;CL-sources-18-table_row1;CL-sources-18-table_row2;CL-sources-18-table_row3;CL-sources-18-table_row4;CL-sources-18-table_row5;CL-sources-18-table_row6,
CO_CMR,Olam Agri Cameroon,https://www.olamagri.com/locations/cameroon,Country capability/product sections,2026-10-07,Company disclosure,Capability evidence does not disclose incremental project returns.,"Olam Agri / Olam Group, company issuer",Undated page / exact publication date not verified,As stated at pinpoint; distinguish observation and transaction dates,Latest downloaded vintage; original retrieval checksum identifies it,https://www.olamagri.com/locations/cameroon,https://www.olamagri.com/locations/cameroon,Country/product/entity scope stated at pinpoint; no cross-perimeter transfer,See source definition; no currency conversion or financial calibration inferred,No conversion unless a calculation explicitly provides it,"Not applicable for web/API; PDF pinpoint retained, further page attribution not verified",Not applicable / not independently verified,,,Document sections at pinpoint,2026-10-07T18:48:37.819300+00:00,0786b3ab9ab34bd10547f15b90f2ab1e6c4e058c1771173b2f9dcf945b952277,Direct disclosure or original methodology; scope limitations apply,No conflicting series substituted; definitions/vintage retained. Unknowns stay unknown.,Public primary evidence; retrieval outcome in manifest. Blocked full downloads are not described as inspected.,Cite/link the issuing source; permitted statistical extracts retained with checksum where available. No claim of unrestricted report redistribution.,Capability evidence does not disclose incremental project returns.,priorities;sources-24,,CL-priorities-headline;CL-priorities-table_row1;CL-priorities-table_row2;CL-priorities-table_row3;CL-priorities-table_row4;CL-priorities-table_row5;CL-sources-24-headline;CL-sources-24-table_row1;CL-sources-24-table_row2;CL-sources-24-table_row3;CL-sources-24-table_row4;CL-sources-24-table_row5;CL-sources-24-table_row6,
CO_MOZ,Olam Agri Mozambique,https://www.olamagri.com/locations/mozambique,Country capability/product sections,2026-10-07,Company disclosure,Capability evidence does not disclose incremental project returns.,"Olam Agri / Olam Group, company issuer",Undated page / exact publication date not verified,As stated at pinpoint; distinguish observation and transaction dates,Latest downloaded vintage; original retrieval checksum identifies it,https://www.olamagri.com/locations/mozambique,https://www.olamagri.com/locations/mozambique,Country/product/entity scope stated at pinpoint; no cross-perimeter transfer,See source definition; no currency conversion or financial calibration inferred,No conversion unless a calculation explicitly provides it,"Not applicable for web/API; PDF pinpoint retained, further page attribution not verified",Not applicable / not independently verified,,,Document sections at pinpoint,2026-10-07T18:48:37.819300+00:00,f4e6c42582ee493bff667110ee048623613aa304edc50e1d2306abff204a7306,Direct disclosure or original methodology; scope limitations apply,No conflicting series substituted; definitions/vintage retained. Unknowns stay unknown.,Public primary evidence; retrieval outcome in manifest. Blocked full downloads are not described as inspected.,Cite/link the issuing source; permitted statistical extracts retained with checksum where available. No claim of unrestricted report redistribution.,Capability evidence does not disclose incremental project returns.,priorities;sources-24,,CL-priorities-headline;CL-priorities-table_row1;CL-priorities-table_row2;CL-priorities-table_row3;CL-priorities-table_row4;CL-priorities-table_row5;CL-sources-24-headline;CL-sources-24-table_row1;CL-sources-24-table_row2;CL-sources-24-table_row3;CL-sources-24-table_row4;CL-sources-24-table_row5;CL-sources-24-table_row6,
CO_ZAF,Olam Agri South-Africa,https://www.olamagri.com/locations/south-africa,Country capability/product sections,2026-10-07,Company disclosure,Capability evidence does not disclose incremental project returns.,"Olam Agri / Olam Group, company issuer",Undated page / exact publication date not verified,As stated at pinpoint; distinguish observation and transaction dates,Latest downloaded vintage; original retrieval checksum identifies it,https://www.olamagri.com/locations/south-africa,https://www.olamagri.com/locations/south-africa,Country/product/entity scope stated at pinpoint; no cross-perimeter transfer,See source definition; no currency conversion or financial calibration inferred,No conversion unless a calculation explicitly provides it,"Not applicable for web/API; PDF pinpoint retained, further page attribution not verified",Not applicable / not independently verified,,,Document sections at pinpoint,2026-10-07T18:48:37.819300+00:00,50944d0e83bc0168076701426b08e4d41a0686ba4fc851372194959773367c4c,Direct disclosure or original methodology; scope limitations apply,No conflicting series substituted; definitions/vintage retained. Unknowns stay unknown.,Public primary evidence; retrieval outcome in manifest. Blocked full downloads are not described as inspected.,Cite/link the issuing source; permitted statistical extracts retained with checksum where available. No claim of unrestricted report redistribution.,Capability evidence does not disclose incremental project returns.,priorities;sources-24,,CL-priorities-headline;CL-priorities-table_row1;CL-priorities-table_row2;CL-priorities-table_row3;CL-priorities-table_row4;CL-priorities-table_row5;CL-sources-24-headline;CL-sources-24-table_row1;CL-sources-24-table_row2;CL-sources-24-table_row3;CL-sources-24-table_row4;CL-sources-24-table_row5;CL-sources-24-table_row6,
CO_IND,Olam Agri India,https://www.olamagri.com/locations/india,Country capability/product sections,2026-10-07,Company disclosure,Capability evidence does not disclose incremental project returns.,"Olam Agri / Olam Group, company issuer",Undated page / exact publication date not verified,As stated at pinpoint; distinguish observation and transaction dates,Latest downloaded vintage; original retrieval checksum identifies it,https://www.olamagri.com/locations/india,https://www.olamagri.com/locations/india,Country/product/entity scope stated at pinpoint; no cross-perimeter transfer,See source definition; no currency conversion or financial calibration inferred,No conversion unless a calculation explicitly provides it,"Not applicable for web/API; PDF pinpoint retained, further page attribution not verified",Not applicable / not independently verified,,,Document sections at pinpoint,2026-10-07T18:48:37.819300+00:00,47712551e5644f373cf743ae518e8292257094dc6d4f4f74b4298427d7204346,Direct disclosure or original methodology; scope limitations apply,No conflicting series substituted; definitions/vintage retained. Unknowns stay unknown.,Public primary evidence; retrieval outcome in manifest. Blocked full downloads are not described as inspected.,Cite/link the issuing source; permitted statistical extracts retained with checksum where available. No claim of unrestricted report redistribution.,Capability evidence does not disclose incremental project returns.,priorities;corridor;sources-24,,CL-priorities-headline;CL-priorities-table_row1;CL-priorities-table_row2;CL-priorities-table_row3;CL-priorities-table_row4;CL-priorities-table_row5;CL-corridor-headline;CL-corridor-body1;CL-corridor-body2;CL-corridor-body3;CL-sources-24-headline;CL-sources-24-table_row1;CL-sources-24-table_row2;CL-sources-24-table_row3;CL-sources-24-table_row4;CL-sources-24-table_row5;CL-sources-24-table_row6,
CO_VNM,Olam Agri Vietnam,https://www.olamagri.com/locations/vietnam,Country capability/product sections,2026-10-07,Company disclosure,Capability evidence does not disclose incremental project returns.,"Olam Agri / Olam Group, company issuer",Undated page / exact publication date not verified,As stated at pinpoint; distinguish observation and transaction dates,Latest downloaded vintage; original retrieval checksum identifies it,https://www.olamagri.com/locations/vietnam,https://www.olamagri.com/locations/vietnam,Country/product/entity scope stated at pinpoint; no cross-perimeter transfer,See source definition; no currency conversion or financial calibration inferred,No conversion unless a calculation explicitly provides it,"Not applicable for web/API; PDF pinpoint retained, further page attribution not verified",Not applicable / not independently verified,,,Document sections at pinpoint,2026-10-07T18:48:37.819300+00:00,6653e8010894780b28459ee8a183774eda54e12cf773a40a2da65591d25f3f8a,Direct disclosure or original methodology; scope limitations apply,No conflicting series substituted; definitions/vintage retained. Unknowns stay unknown.,Public primary evidence; retrieval outcome in manifest. Blocked full downloads are not described as inspected.,Cite/link the issuing source; permitted statistical extracts retained with checksum where available. No claim of unrestricted report redistribution.,Capability evidence does not disclose incremental project returns.,priorities;corridor;sources-24,,CL-priorities-headline;CL-priorities-table_row1;CL-priorities-table_row2;CL-priorities-table_row3;CL-priorities-table_row4;CL-priorities-table_row5;CL-corridor-headline;CL-corridor-body1;CL-corridor-body2;CL-corridor-body3;CL-sources-24-headline;CL-sources-24-table_row1;CL-sources-24-table_row2;CL-sources-24-table_row3;CL-sources-24-table_row4;CL-sources-24-table_row5;CL-sources-24-table_row6,
CO_BRA,Olam Agri Brazil,https://www.olamagri.com/locations/brazil,Country capability/product sections,2026-10-07,Company disclosure,Capability evidence does not disclose incremental project returns.,"Olam Agri / Olam Group, company issuer",Undated page / exact publication date not verified,As stated at pinpoint; distinguish observation and transaction dates,Latest downloaded vintage; original retrieval checksum identifies it,https://www.olamagri.com/locations/brazil,https://www.olamagri.com/locations/brazil,Country/product/entity scope stated at pinpoint; no cross-perimeter transfer,See source definition; no currency conversion or financial calibration inferred,No conversion unless a calculation explicitly provides it,"Not applicable for web/API; PDF pinpoint retained, further page attribution not verified",Not applicable / not independently verified,,,Document sections at pinpoint,2026-10-07T18:48:37.819300+00:00,bb87b16759eda3976fb8cae1dfa8743a53f160b20ebcf19641029327a35f2f70,Direct disclosure or original methodology; scope limitations apply,No conflicting series substituted; definitions/vintage retained. Unknowns stay unknown.,Public primary evidence; retrieval outcome in manifest. Blocked full downloads are not described as inspected.,Cite/link the issuing source; permitted statistical extracts retained with checksum where available. No claim of unrestricted report redistribution.,Capability evidence does not disclose incremental project returns.,priorities;contrast;sources-24,,CL-priorities-headline;CL-priorities-table_row1;CL-priorities-table_row2;CL-priorities-table_row3;CL-priorities-table_row4;CL-priorities-table_row5;CL-contrast-headline;CL-contrast-table_row1;CL-contrast-table_row2;CL-contrast-table_row3;CL-sources-24-headline;CL-sources-24-table_row1;CL-sources-24-table_row2;CL-sources-24-table_row3;CL-sources-24-table_row4;CL-sources-24-table_row5;CL-sources-24-table_row6,
IPCC,IPCC AR6 WGII Chapter 5: Food,https://www.ipcc.ch/report/ar6/wg2/chapter/chapter-5/,"Chapter 5; food system risks, adaptation and regional limits",2026-10-07,Scientific synthesis,No country/crop coefficient transplanted to Olam assets.,IPCC; assessment body,Undated page / exact publication date not verified,As stated at pinpoint; distinguish observation and transaction dates,Latest downloaded vintage; original retrieval checksum identifies it,https://www.ipcc.ch/report/ar6/wg2/chapter/chapter-5/,https://www.ipcc.ch/report/ar6/wg2/chapter/chapter-5/,Country/product/entity scope stated at pinpoint; no cross-perimeter transfer,See source definition; no currency conversion or financial calibration inferred,No conversion unless a calculation explicitly provides it,"Not applicable for web/API; PDF pinpoint retained, further page attribution not verified",Not applicable / not independently verified,,,Document sections at pinpoint,2026-10-07T18:48:37.819300+00:00,608510d0befaf3aaf810f21108f577f2d1b1620d7c94ba8e196613f8b08ef9ca,Direct disclosure or original methodology; scope limitations apply,No conflicting series substituted; definitions/vintage retained. Unknowns stay unknown.,Public primary evidence; retrieval outcome in manifest. Blocked full downloads are not described as inspected.,Cite/link the issuing source; permitted statistical extracts retained with checksum where available. No claim of unrestricted report redistribution.,No country/crop coefficient transplanted to Olam assets.,climate;climate-methods;sources-30,,CL-climate-headline;CL-climate-body1;CL-climate-body2;CL-climate-body3;CL-climate-table_row1;CL-climate-table_row2;CL-climate-table_row3;CL-climate-methods-headline;CL-climate-methods-body1;CL-climate-methods-body2;CL-climate-methods-body3;CL-climate-methods-body4;CL-sources-30-headline;CL-sources-30-table_row1;CL-sources-30-table_row2;CL-sources-30-table_row3;CL-sources-30-table_row4;CL-sources-30-table_row5;CL-sources-30-table_row6,
WMO,WMO State of the Global Climate 2025,https://wmo.int/publication-series/state-of-global-climate/state-of-global-climate-2025,23 March 2026 release; global temperature and climate indicators,2026-10-07,Official synthesis,Global annual anomaly is not local crop damage.,World Meteorological Organization; observations compiler,Undated page / exact publication date not verified,As stated at pinpoint; distinguish observation and transaction dates,Latest downloaded vintage; original retrieval checksum identifies it,https://wmo.int/publication-series/state-of-global-climate/state-of-global-climate-2025,https://wmo.int/publication-series/state-of-global-climate/state-of-global-climate-2025,Country/product/entity scope stated at pinpoint; no cross-perimeter transfer,See source definition; no currency conversion or financial calibration inferred,No conversion unless a calculation explicitly provides it,"Not applicable for web/API; PDF pinpoint retained, further page attribution not verified",Not applicable / not independently verified,,,Document sections at pinpoint,2026-10-07T18:48:37.819300+00:00,a8230bb917b863a937f74dec2896ea5b5e23083b499b0073e0755715da104c1c,Direct disclosure or original methodology; scope limitations apply,No conflicting series substituted; definitions/vintage retained. Unknowns stay unknown.,Public primary evidence; retrieval outcome in manifest. Blocked full downloads are not described as inspected.,Cite/link the issuing source; permitted statistical extracts retained with checksum where available. No claim of unrestricted report redistribution.,Global annual anomaly is not local crop damage.,climate;climate-methods;sources-30,,CL-climate-headline;CL-climate-body1;CL-climate-body2;CL-climate-body3;CL-climate-table_row1;CL-climate-table_row2;CL-climate-table_row3;CL-climate-methods-headline;CL-climate-methods-body1;CL-climate-methods-body2;CL-climate-methods-body3;CL-climate-methods-body4;CL-sources-30-headline;CL-sources-30-table_row1;CL-sources-30-table_row2;CL-sources-30-table_row3;CL-sources-30-table_row4;CL-sources-30-table_row5;CL-sources-30-table_row6,
EUDR,EU Regulation 2023/1115,https://eur-lex.europa.eu/eli/reg/2023/1115/oj/eng,Articles 3–4 and commodity/product annex,2026-10-07,Legal source,"Product, amendments, implementation dates and jurisdiction require current counsel review; no legal clearance.",European Union; official legislation,Undated page / exact publication date not verified,As stated at pinpoint; distinguish observation and transaction dates,Latest downloaded vintage; original retrieval checksum identifies it,https://eur-lex.europa.eu/eli/reg/2023/1115/oj/eng,https://eur-lex.europa.eu/eli/reg/2023/1115/oj/eng,Country/product/entity scope stated at pinpoint; no cross-perimeter transfer,See source definition; no currency conversion or financial calibration inferred,No conversion unless a calculation explicitly provides it,"Not applicable for web/API; PDF pinpoint retained, further page attribution not verified",Not applicable / not independently verified,,,Document sections at pinpoint,2026-10-07T18:48:37.819300+00:00,d67d391f294e5eea20be5bebfd1f350439446526897e780ffb0c0f7af9705fd4,Direct disclosure or original methodology; scope limitations apply,No conflicting series substituted; definitions/vintage retained. Unknowns stay unknown.,Public primary evidence; retrieval outcome in manifest. Blocked full downloads are not described as inspected.,Cite/link the issuing source; permitted statistical extracts retained with checksum where available. No claim of unrestricted report redistribution.,"Product, amendments, implementation dates and jurisdiction require current counsel review; no legal clearance.",trade;sources-30,,CL-trade-headline;CL-trade-body1;CL-trade-body2;CL-trade-body3;CL-sources-30-headline;CL-sources-30-table_row1;CL-sources-30-table_row2;CL-sources-30-table_row3;CL-sources-30-table_row4;CL-sources-30-table_row5;CL-sources-30-table_row6,
USDA_NGA,USDA Nigeria Grain and Feed Annual 2026,https://apps.fas.usda.gov/newgainapi/api/Report/DownloadReportByFileName?fileName=Grain+and+Feed+Annual_Lagos_Nigeria_NI2026-0003.pdf,Wheat supply/trade and flour-demand narrative,2026-10-07,Institutional estimate,Marketing-year trade estimates are not Olam orders.,USDA FAS; country policy/agriculture analyst,Undated page / exact publication date not verified,As stated at pinpoint; distinguish observation and transaction dates,Latest downloaded vintage; original retrieval checksum identifies it,https://apps.fas.usda.gov/newgainapi/api/Report/DownloadReportByFileName?fileName=Grain+and+Feed+Annual_Lagos_Nigeria_NI2026-0003.pdf,https://apps.fas.usda.gov/newgainapi/api/Report/DownloadReportByFileName?fileName=Grain+and+Feed+Annual_Lagos_Nigeria_NI2026-0003.pdf,Country/product/entity scope stated at pinpoint; no cross-perimeter transfer,See source definition; no currency conversion or financial calibration inferred,No conversion unless a calculation explicitly provides it,"Not applicable for web/API; PDF pinpoint retained, further page attribution not verified",Not applicable / not independently verified,,,Document sections at pinpoint,2026-10-07T18:48:37.819300+00:00,db76264f68d1af4de2825910dad642511cd56e4026d192cdb857ec24ca49b888,Direct disclosure or original methodology; scope limitations apply,No conflicting series substituted; definitions/vintage retained. Unknowns stay unknown.,Public primary evidence; retrieval outcome in manifest. Blocked full downloads are not described as inspected.,Cite/link the issuing source; permitted statistical extracts retained with checksum where available. No claim of unrestricted report redistribution.,Marketing-year trade estimates are not Olam orders.,trade;sources-30,,CL-trade-headline;CL-trade-body1;CL-trade-body2;CL-trade-body3;CL-sources-30-headline;CL-sources-30-table_row1;CL-sources-30-table_row2;CL-sources-30-table_row3;CL-sources-30-table_row4;CL-sources-30-table_row5;CL-sources-30-table_row6,
USDA_OIL,USDA Nigeria fiscal and trade policy changes 2026,https://apps.fas.usda.gov/newgainapi/api/Report/DownloadReportByFileName?fileName=Nigeria+Announces+2026+Fiscal+and+Trade+Policy+Changes_Lagos_Nigeria_NI2026-0010.pdf,Oilseeds/products and crude/refined policy discussion,2026-10-07,Institutional estimate,Verify current HS subheading and Nigeria Customs rules before contracting.,USDA FAS; country policy/agriculture analyst,Undated page / exact publication date not verified,As stated at pinpoint; distinguish observation and transaction dates,Latest downloaded vintage; original retrieval checksum identifies it,https://apps.fas.usda.gov/newgainapi/api/Report/DownloadReportByFileName?fileName=Nigeria+Announces+2026+Fiscal+and+Trade+Policy+Changes_Lagos_Nigeria_NI2026-0010.pdf,https://apps.fas.usda.gov/newgainapi/api/Report/DownloadReportByFileName?fileName=Nigeria+Announces+2026+Fiscal+and+Trade+Policy+Changes_Lagos_Nigeria_NI2026-0010.pdf,Country/product/entity scope stated at pinpoint; no cross-perimeter transfer,See source definition; no currency conversion or financial calibration inferred,No conversion unless a calculation explicitly provides it,"Not applicable for web/API; PDF pinpoint retained, further page attribution not verified",Not applicable / not independently verified,,,Document sections at pinpoint,2026-10-07T18:48:37.819300+00:00,62db1690d5cf569b1f1c0707f88576685f79e172e2b5992d3419cad210d09662,Direct disclosure or original methodology; scope limitations apply,No conflicting series substituted; definitions/vintage retained. Unknowns stay unknown.,Public primary evidence; retrieval outcome in manifest. Blocked full downloads are not described as inspected.,Cite/link the issuing source; permitted statistical extracts retained with checksum where available. No claim of unrestricted report redistribution.,Verify current HS subheading and Nigeria Customs rules before contracting.,trade;nigeria;sources-30,,CL-trade-headline;CL-trade-body1;CL-trade-body2;CL-trade-body3;CL-nigeria-headline;CL-nigeria-table_row1;CL-nigeria-table_row2;CL-nigeria-table_row3;CL-nigeria-table_row4;CL-nigeria-table_row5;CL-nigeria-table_row6;CL-sources-30-headline;CL-sources-30-table_row1;CL-sources-30-table_row2;CL-sources-30-table_row3;CL-sources-30-table_row4;CL-sources-30-table_row5;CL-sources-30-table_row6,
COMTRADE,UN Comtrade Nigeria wheat import preview,https://comtradeapi.un.org/public/v1/preview/C/A/HS?period=2024&reporterCode=566&cmdCode=1001&flowCode=M&partnerCode=0&partner2Code=0&customsCode=C00&motCode=0&maxRecords=500,"2024, reporter 566, HS 1001, flow M, partner 0",2026-10-07,Official trade proxy,"CIF USD1.0475bn; net weight null, reported flag false. Never interpret quantity 0 with unit -1 as zero imports.",UN Statistics Division; reporting-country customs trade,Undated page / exact publication date not verified,As stated at pinpoint; distinguish observation and transaction dates,Latest downloaded vintage; original retrieval checksum identifies it,https://comtradeapi.un.org/public/v1/preview/C/A/HS?period=2024&reporterCode=566&cmdCode=1001&flowCode=M&partnerCode=0&partner2Code=0&customsCode=C00&motCode=0&maxRecords=500,https://comtradeapi.un.org/public/v1/preview/C/A/HS?period=2024&reporterCode=566&cmdCode=1001&flowCode=M&partnerCode=0&partner2Code=0&customsCode=C00&motCode=0&maxRecords=500,Country/product/entity scope stated at pinpoint; no cross-perimeter transfer,See source definition; no currency conversion or financial calibration inferred,No conversion unless a calculation explicitly provides it,"Not applicable for web/API; PDF pinpoint retained, further page attribution not verified",Not applicable / not independently verified,,https://comtradeapi.un.org/public/v1/preview/C/A/HS?period=2024&reporterCode=566&cmdCode=1001&flowCode=M&partnerCode=0&partner2Code=0&customsCode=C00&motCode=0&maxRecords=500,Document sections at pinpoint,2026-10-07T18:48:37.819300+00:00,64eb3fcbb34a74bfda713e60ff5a065ca2b88cb63a4285723f6b06b3728d9e8b,Proxy observation,No conflicting series substituted; definitions/vintage retained. Unknowns stay unknown.,Public primary evidence; retrieval outcome in manifest. Blocked full downloads are not described as inspected.,Cite/link the issuing source; permitted statistical extracts retained with checksum where available. No claim of unrestricted report redistribution.,"CIF USD1.0475bn; net weight null, reported flag false. Never interpret quantity 0 with unit -1 as zero imports.",trade;sources-30,C-TRADE-NGA,CL-trade-headline;CL-trade-body1;CL-trade-body2;CL-trade-body3;CL-sources-30-headline;CL-sources-30-table_row1;CL-sources-30-table_row2;CL-sources-30-table_row3;CL-sources-30-table_row4;CL-sources-30-table_row5;CL-sources-30-table_row6,
CVAR,Rockafellar & Uryasev: Optimization of CVaR,https://sites.math.washington.edu/~rtr/papers/rtr179-CVaR1.pdf,Loss definition and CVaR optimisation formulation,2026-10-07,Prior art,"Implemented loss-tail example and stress summaries, not proprietary theorem.",R. T. Rockafellar and S. Uryasev; original method authors,Undated page / exact publication date not verified,As stated at pinpoint; distinguish observation and transaction dates,Latest downloaded vintage; original retrieval checksum identifies it,https://sites.math.washington.edu/~rtr/papers/rtr179-CVaR1.pdf,https://sites.math.washington.edu/~rtr/papers/rtr179-CVaR1.pdf,Country/product/entity scope stated at pinpoint; no cross-perimeter transfer,See source definition; no currency conversion or financial calibration inferred,No conversion unless a calculation explicitly provides it,"Not applicable for web/API; PDF pinpoint retained, further page attribution not verified",Not applicable / not independently verified,,,Document sections at pinpoint,2026-10-07T18:48:37.819300+00:00,34aff2161733085ca8e5a067053a8f144cba52f556e253d69c932f7d22d842f4,Direct disclosure or original methodology; scope limitations apply,No conflicting series substituted; definitions/vintage retained. Unknowns stay unknown.,Public primary evidence; retrieval outcome in manifest. Blocked full downloads are not described as inspected.,Cite/link the issuing source; permitted statistical extracts retained with checksum where available. No claim of unrestricted report redistribution.,"Implemented loss-tail example and stress summaries, not proprietary theorem.",example-16;math-methods;policy-prior-art;sources-36;dependence-tails,C-E16;C-DEPENDENCE,CL-example-16-headline;CL-example-16-body1;CL-example-16-body2;CL-example-16-body3;CL-example-16-body4;CL-math-methods-headline;CL-math-methods-body1;CL-math-methods-body2;CL-math-methods-body3;CL-math-methods-body4;CL-policy-prior-art-headline;CL-policy-prior-art-body1;CL-policy-prior-art-body2;CL-policy-prior-art-body3;CL-policy-prior-art-body4;CL-sources-36-headline;CL-sources-36-table_row1;CL-sources-36-table_row2;CL-sources-36-table_row3;CL-sources-36-table_row4;CL-sources-36-table_row5;CL-sources-36-table_row6;CL-dependence-tails-headline;CL-dependence-tails-body1;CL-dependence-tails-table_row1;CL-dependence-tails-table_row2;CL-dependence-tails-table_row3,
DID,Callaway & Sant’Anna: Difference-in-differences,https://arxiv.org/abs/1803.09015,arXiv 1803.09015; identification with multiple time periods,2026-10-07,Prior art,No Olam treatment effect estimated; pilot design only.,B. Callaway and P. H. C. Sant’Anna; original method authors,Undated page / exact publication date not verified,As stated at pinpoint; distinguish observation and transaction dates,Latest downloaded vintage; original retrieval checksum identifies it,https://arxiv.org/abs/1803.09015,https://arxiv.org/abs/1803.09015,Country/product/entity scope stated at pinpoint; no cross-perimeter transfer,See source definition; no currency conversion or financial calibration inferred,No conversion unless a calculation explicitly provides it,"Not applicable for web/API; PDF pinpoint retained, further page attribution not verified",Not applicable / not independently verified,,,Document sections at pinpoint,2026-10-07T18:48:37.819300+00:00,e4b0d07a7f7f35a4aa6633824601b5515a736d2666f4cc19ef1dde46fb696f22,Direct disclosure or original methodology; scope limitations apply,No conflicting series substituted; definitions/vintage retained. Unknowns stay unknown.,Public primary evidence; retrieval outcome in manifest. Blocked full downloads are not described as inspected.,Cite/link the issuing source; permitted statistical extracts retained with checksum where available. No claim of unrestricted report redistribution.,No Olam treatment effect estimated; pilot design only.,causal;example-18;policy-prior-art;pilot-power;sources-36,C-E18,CL-causal-headline;CL-causal-table_row1;CL-causal-table_row2;CL-causal-table_row3;CL-causal-table_row4;CL-causal-table_row5;CL-example-18-headline;CL-example-18-body1;CL-example-18-body2;CL-example-18-body3;CL-example-18-body4;CL-policy-prior-art-headline;CL-policy-prior-art-body1;CL-policy-prior-art-body2;CL-policy-prior-art-body3;CL-policy-prior-art-body4;CL-pilot-power-headline;CL-pilot-power-body1;CL-pilot-power-body2;CL-pilot-power-body3;CL-pilot-power-body4;CL-sources-36-headline;CL-sources-36-table_row1;CL-sources-36-table_row2;CL-sources-36-table_row3;CL-sources-36-table_row4;CL-sources-36-table_row5;CL-sources-36-table_row6,
NOBEL_2003,Economic Sciences prize 2003,https://www.nobelprize.org/prizes/economic-sciences/2003/summary/,Prize motivation and research contribution,2026-10-07,Prior art,"Engle/Granger (time series), Romer/Nordhaus (growth/climate), Card/Angrist/Imbens (causality) guide module choice, not parameter imports.",Nobel Foundation; official attribution,Undated page / exact publication date not verified,As stated at pinpoint; distinguish observation and transaction dates,Latest downloaded vintage; original retrieval checksum identifies it,https://www.nobelprize.org/prizes/economic-sciences/2003/summary/,https://www.nobelprize.org/prizes/economic-sciences/2003/summary/,Country/product/entity scope stated at pinpoint; no cross-perimeter transfer,See source definition; no currency conversion or financial calibration inferred,No conversion unless a calculation explicitly provides it,"Not applicable for web/API; PDF pinpoint retained, further page attribution not verified",Not applicable / not independently verified,,,Document sections at pinpoint,2026-10-07T18:48:37.819300+00:00,b1538ff5c63ba5b08799aa382b634933910e0feebbfb2f23f9db72c9f16b4b41,Direct disclosure or original methodology; scope limitations apply,No conflicting series substituted; definitions/vintage retained. Unknowns stay unknown.,Public primary evidence; retrieval outcome in manifest. Blocked full downloads are not described as inspected.,Cite/link the issuing source; permitted statistical extracts retained with checksum where available. No claim of unrestricted report redistribution.,"Engle/Granger (time series), Romer/Nordhaus (growth/climate), Card/Angrist/Imbens (causality) guide module choice, not parameter imports.",policy-prior-art;sources-36,,CL-policy-prior-art-headline;CL-policy-prior-art-body1;CL-policy-prior-art-body2;CL-policy-prior-art-body3;CL-policy-prior-art-body4;CL-sources-36-headline;CL-sources-36-table_row1;CL-sources-36-table_row2;CL-sources-36-table_row3;CL-sources-36-table_row4;CL-sources-36-table_row5;CL-sources-36-table_row6,
NOBEL_2018,Economic Sciences prize 2018,https://www.nobelprize.org/prizes/economic-sciences/2018/summary/,Prize motivation and research contribution,2026-10-07,Prior art,"Engle/Granger (time series), Romer/Nordhaus (growth/climate), Card/Angrist/Imbens (causality) guide module choice, not parameter imports.",Nobel Foundation; official attribution,Undated page / exact publication date not verified,As stated at pinpoint; distinguish observation and transaction dates,Latest downloaded vintage; original retrieval checksum identifies it,https://www.nobelprize.org/prizes/economic-sciences/2018/summary/,https://www.nobelprize.org/prizes/economic-sciences/2018/summary/,Country/product/entity scope stated at pinpoint; no cross-perimeter transfer,See source definition; no currency conversion or financial calibration inferred,No conversion unless a calculation explicitly provides it,"Not applicable for web/API; PDF pinpoint retained, further page attribution not verified",Not applicable / not independently verified,,,Document sections at pinpoint,2026-10-07T18:48:37.819300+00:00,3c473160eabbc0d4bc68806d95b0ed2ded1c83da459f282409a32993ad5442fa,Direct disclosure or original methodology; scope limitations apply,No conflicting series substituted; definitions/vintage retained. Unknowns stay unknown.,Public primary evidence; retrieval outcome in manifest. Blocked full downloads are not described as inspected.,Cite/link the issuing source; permitted statistical extracts retained with checksum where available. No claim of unrestricted report redistribution.,"Engle/Granger (time series), Romer/Nordhaus (growth/climate), Card/Angrist/Imbens (causality) guide module choice, not parameter imports.",policy-prior-art;sources-36,,CL-policy-prior-art-headline;CL-policy-prior-art-body1;CL-policy-prior-art-body2;CL-policy-prior-art-body3;CL-policy-prior-art-body4;CL-sources-36-headline;CL-sources-36-table_row1;CL-sources-36-table_row2;CL-sources-36-table_row3;CL-sources-36-table_row4;CL-sources-36-table_row5;CL-sources-36-table_row6,
NOBEL_2021,Economic Sciences prize 2021,https://www.nobelprize.org/prizes/economic-sciences/2021/summary/,Prize motivation and research contribution,2026-10-07,Prior art,"Engle/Granger (time series), Romer/Nordhaus (growth/climate), Card/Angrist/Imbens (causality) guide module choice, not parameter imports.",Nobel Foundation; official attribution,Undated page / exact publication date not verified,As stated at pinpoint; distinguish observation and transaction dates,Latest downloaded vintage; original retrieval checksum identifies it,https://www.nobelprize.org/prizes/economic-sciences/2021/summary/,https://www.nobelprize.org/prizes/economic-sciences/2021/summary/,Country/product/entity scope stated at pinpoint; no cross-perimeter transfer,See source definition; no currency conversion or financial calibration inferred,No conversion unless a calculation explicitly provides it,"Not applicable for web/API; PDF pinpoint retained, further page attribution not verified",Not applicable / not independently verified,,,Document sections at pinpoint,2026-10-07T18:48:37.819300+00:00,9d1d1ddfe50abdb346809e9f72b0a6ca776aed579dc3fc8f4f8e49c74fb765d8,Direct disclosure or original methodology; scope limitations apply,No conflicting series substituted; definitions/vintage retained. Unknowns stay unknown.,Public primary evidence; retrieval outcome in manifest. Blocked full downloads are not described as inspected.,Cite/link the issuing source; permitted statistical extracts retained with checksum where available. No claim of unrestricted report redistribution.,"Engle/Granger (time series), Romer/Nordhaus (growth/climate), Card/Angrist/Imbens (causality) guide module choice, not parameter imports.",causal;policy-prior-art;sources-36,,CL-causal-headline;CL-causal-table_row1;CL-causal-table_row2;CL-causal-table_row3;CL-causal-table_row4;CL-causal-table_row5;CL-policy-prior-art-headline;CL-policy-prior-art-body1;CL-policy-prior-art-body2;CL-policy-prior-art-body3;CL-policy-prior-art-body4;CL-sources-36-headline;CL-sources-36-table_row1;CL-sources-36-table_row2;CL-sources-36-table_row3;CL-sources-36-table_row4;CL-sources-36-table_row5;CL-sources-36-table_row6,
BASELINE,Portfolio baseline and résumé,https://github.com/ManashProtimDeori/Manash-Protim-Deori/tree/13f7393a1c69350c3cfa89bea1baa49cf08d042c,src/data/olamAfricaStrategy.ts; src/lib/olamNigeriaDecisionModel.ts; src/data/resume.ts,2026-10-07,Portfolio evidence,Self-described candidate achievements are not audited Olam outcomes.,Manash Protim Deori; self-reported portfolio evidence,Undated page / exact publication date not verified,As stated at pinpoint; distinguish observation and transaction dates,Latest downloaded vintage; original retrieval checksum identifies it,https://github.com/ManashProtimDeori/Manash-Protim-Deori/tree/13f7393a1c69350c3cfa89bea1baa49cf08d042c,https://github.com/ManashProtimDeori/Manash-Protim-Deori/tree/13f7393a1c69350c3cfa89bea1baa49cf08d042c,Country/product/entity scope stated at pinpoint; no cross-perimeter transfer,See source definition; no currency conversion or financial calibration inferred,No conversion unless a calculation explicitly provides it,"Not applicable for web/API; PDF pinpoint retained, further page attribution not verified",Not applicable / not independently verified,,,Document sections at pinpoint,2026-10-07; exact timestamp not separately recorded,,Direct disclosure or original methodology; scope limitations apply,No conflicting series substituted; definitions/vintage retained. Unknowns stay unknown.,Public primary evidence; retrieval outcome in manifest. Blocked full downloads are not described as inspected.,Cite/link the issuing source; permitted statistical extracts retained with checksum where available. No claim of unrestricted report redistribution.,Self-described candidate achievements are not audited Olam outcomes.,global-cover;change;nigeria;contribution;example-10;audit;sources-36,C-E10;C-LEGACY;C-CPM,CL-global-cover-headline;CL-global-cover-body1;CL-global-cover-body2;CL-global-cover-body3;CL-change-headline;CL-change-table_row1;CL-change-table_row2;CL-change-table_row3;CL-change-table_row4;CL-change-table_row5;CL-nigeria-headline;CL-nigeria-table_row1;CL-nigeria-table_row2;CL-nigeria-table_row3;CL-nigeria-table_row4;CL-nigeria-table_row5;CL-nigeria-table_row6;CL-contribution-headline;CL-contribution-body1;CL-contribution-body2;CL-contribution-body3;CL-contribution-table_row1;CL-contribution-table_row2;CL-contribution-table_row3;CL-example-10-headline;CL-example-10-body1;CL-example-10-body2;CL-example-10-body3;CL-example-10-body4;CL-audit-headline;CL-audit-body1;CL-audit-body2;CL-audit-body3;CL-audit-body4;CL-sources-36-headline;CL-sources-36-table_row1;CL-sources-36-table_row2;CL-sources-36-table_row3;CL-sources-36-table_row4;CL-sources-36-table_row5;CL-sources-36-table_row6,
WB_fertility,"World Bank WDI: Fertility rate, total (births per woman)",https://api.worldbank.org/v2/country/all/indicator/SP.DYN.TFRT.IN?date=2000:2025&format=json&per_page=20000,Series SP.DYN.TFRT.IN; country ISO3/year records; latest non-missing observation; data vintage 2026-07-13,2026-10-08,Official statistics,"Country averages and dated observations do not establish Olam customers, effective access, costs or returns. No imputation.","World Bank; WDI compiler, underlying national/institutional sources in indicator metadata",Undated page / exact publication date not verified,2000–2025; available years differ,Latest downloaded vintage; original retrieval checksum identifies it,https://data.worldbank.org/indicator/SP.DYN.TFRT.IN,https://api.worldbank.org/v2/country/all/indicator/SP.DYN.TFRT.IN?date=2000:2025&format=json&per_page=20000,"Country ISO3/year; 195-country universe, non-country aggregates excluded","Fertility rate, total (births per woman)",No conversion unless a calculation explicitly provides it,"Not applicable for web/API; PDF pinpoint retained, further page attribution not verified",Not applicable / not independently verified,SP.DYN.TFRT.IN,https://api.worldbank.org/v2/country/all/indicator/SP.DYN.TFRT.IN?date=2000:2025&format=json&per_page=20000,"ISO3 in membership-verification.csv; year 2000–2025; latest non-null, no imputation",2026-10-08T02:15:08.602840+00:00,3d532dec8a500ca7090cfa2ddf52f18234d0998490b6ab27efc80a7bb1738b13,Proxy observation,No conflicting series substituted; definitions/vintage retained. Unknowns stay unknown.,Public primary evidence; retrieval outcome in manifest. Blocked full downloads are not described as inspected.,Cite/link the issuing source; permitted statistical extracts retained with checksum where available. No claim of unrestricted report redistribution.,Total fertility rate represents the number of children that would be born to a woman if she were to live to the end of her childbearing years and bear children in accordance with age-specific fertility rates of the specified year.,country-driver-audit,,CL-country-driver-audit-headline;CL-country-driver-audit-body1;CL-country-driver-audit-body2;CL-country-driver-audit-body3,"World Population Prospects, United Nations (UN), publisher: UN Population Division;
Statistical databases and publications from national statistical offices, National Statistical Offices (NSOs);
Demographic Statistics, Eurostat (ESTAT)"
WB_life_expectancy,"World Bank WDI: Life expectancy at birth, total (years)",https://api.worldbank.org/v2/country/all/indicator/SP.DYN.LE00.IN?date=2000:2025&format=json&per_page=20000,Series SP.DYN.LE00.IN; country ISO3/year records; latest non-missing observation; data vintage 2026-07-13,2026-10-08,Official statistics,"Country averages and dated observations do not establish Olam customers, effective access, costs or returns. No imputation.","World Bank; WDI compiler, underlying national/institutional sources in indicator metadata",Undated page / exact publication date not verified,2000–2025; available years differ,Latest downloaded vintage; original retrieval checksum identifies it,https://data.worldbank.org/indicator/SP.DYN.LE00.IN,https://api.worldbank.org/v2/country/all/indicator/SP.DYN.LE00.IN?date=2000:2025&format=json&per_page=20000,"Country ISO3/year; 195-country universe, non-country aggregates excluded","Life expectancy at birth, total (years)",No conversion unless a calculation explicitly provides it,"Not applicable for web/API; PDF pinpoint retained, further page attribution not verified",Not applicable / not independently verified,SP.DYN.LE00.IN,https://api.worldbank.org/v2/country/all/indicator/SP.DYN.LE00.IN?date=2000:2025&format=json&per_page=20000,"ISO3 in membership-verification.csv; year 2000–2025; latest non-null, no imputation",2026-10-08T02:15:08.603474+00:00,ffeb1b80709171dd38e4cdc3cca0d1e01db11152f60aefbe23f50576b63be950,Proxy observation,No conflicting series substituted; definitions/vintage retained. Unknowns stay unknown.,Public primary evidence; retrieval outcome in manifest. Blocked full downloads are not described as inspected.,Cite/link the issuing source; permitted statistical extracts retained with checksum where available. No claim of unrestricted report redistribution.,Life expectancy at birth indicates the number of years a newborn infant would live if prevailing patterns of mortality at the time of its birth were to stay the same throughout its life.,,,"Country driver / model-method context, not investment calibration","World Population Prospects, United Nations (UN), uri: UN Population Division;
Statistical databases and publications from national statistical offices, National Statistical Offices (NSOs), note: Derived from male and female life expectancy at birth from sources such as statistical databases and publications from national statistical offices.;
Demographic Statistics, Eurostat (ESTAT), note: Derived from male and female life expectancy at birth from sources such as Eurostat: Demographic Statistics"
WB_age_under15,World Bank WDI: Population ages 0-14 (% of total population),https://api.worldbank.org/v2/country/all/indicator/SP.POP.0014.TO.ZS?date=2000:2025&format=json&per_page=20000,Series SP.POP.0014.TO.ZS; country ISO3/year records; latest non-missing observation; data vintage 2026-07-13,2026-10-08,Official statistics,"Country averages and dated observations do not establish Olam customers, effective access, costs or returns. No imputation.","World Bank; WDI compiler, underlying national/institutional sources in indicator metadata",Undated page / exact publication date not verified,2000–2025; available years differ,Latest downloaded vintage; original retrieval checksum identifies it,https://data.worldbank.org/indicator/SP.POP.0014.TO.ZS,https://api.worldbank.org/v2/country/all/indicator/SP.POP.0014.TO.ZS?date=2000:2025&format=json&per_page=20000,"Country ISO3/year; 195-country universe, non-country aggregates excluded",Population ages 0-14 (% of total population),No conversion unless a calculation explicitly provides it,"Not applicable for web/API; PDF pinpoint retained, further page attribution not verified",Not applicable / not independently verified,SP.POP.0014.TO.ZS,https://api.worldbank.org/v2/country/all/indicator/SP.POP.0014.TO.ZS?date=2000:2025&format=json&per_page=20000,"ISO3 in membership-verification.csv; year 2000–2025; latest non-null, no imputation",2026-10-08T02:15:08.603875+00:00,400a88a276bc15cf96b5e2c565df9e02950bf47feeca9eab78ab53a63ba0123c,Proxy observation,No conflicting series substituted; definitions/vintage retained. Unknowns stay unknown.,Public primary evidence; retrieval outcome in manifest. Blocked full downloads are not described as inspected.,Cite/link the issuing source; permitted statistical extracts retained with checksum where available. No claim of unrestricted report redistribution.,Population between the ages 0 to 14 as a percentage of the total population. Population is based on the de facto definition of population.,,,"Country driver / model-method context, not investment calibration","United Nations Population Division. World Population Prospects., United Nations Population Division, uri: https://population.un.org/wpp/, publisher: United Nations Population Division"
WB_age_over65,World Bank WDI: Population ages 65 and above (% of total population),https://api.worldbank.org/v2/country/all/indicator/SP.POP.65UP.TO.ZS?date=2000:2025&format=json&per_page=20000,Series SP.POP.65UP.TO.ZS; country ISO3/year records; latest non-missing observation; data vintage 2026-07-13,2026-10-08,Official statistics,"Country averages and dated observations do not establish Olam customers, effective access, costs or returns. No imputation.","World Bank; WDI compiler, underlying national/institutional sources in indicator metadata",Undated page / exact publication date not verified,2000–2025; available years differ,Latest downloaded vintage; original retrieval checksum identifies it,https://data.worldbank.org/indicator/SP.POP.65UP.TO.ZS,https://api.worldbank.org/v2/country/all/indicator/SP.POP.65UP.TO.ZS?date=2000:2025&format=json&per_page=20000,"Country ISO3/year; 195-country universe, non-country aggregates excluded",Population ages 65 and above (% of total population),No conversion unless a calculation explicitly provides it,"Not applicable for web/API; PDF pinpoint retained, further page attribution not verified",Not applicable / not independently verified,SP.POP.65UP.TO.ZS,https://api.worldbank.org/v2/country/all/indicator/SP.POP.65UP.TO.ZS?date=2000:2025&format=json&per_page=20000,"ISO3 in membership-verification.csv; year 2000–2025; latest non-null, no imputation",2026-10-08T02:15:08.604489+00:00,2410df447996a91780991e1ae731494ca6693af955b99f51fdfd65f73cd18f07,Proxy observation,No conflicting series substituted; definitions/vintage retained. Unknowns stay unknown.,Public primary evidence; retrieval outcome in manifest. Blocked full downloads are not described as inspected.,Cite/link the issuing source; permitted statistical extracts retained with checksum where available. No claim of unrestricted report redistribution.,"Population ages 65 and above as a percentage of the total population. Population is based on the de facto definition of population, which counts all residents regardless of legal status or citizenship.",country-driver-audit,,CL-country-driver-audit-headline;CL-country-driver-audit-body1;CL-country-driver-audit-body2;CL-country-driver-audit-body3,"World Population Prospects, United Nations (UN), publisher: UN Population Division"
WB_dependency_ratio,World Bank WDI: Age dependency ratio (% of working-age population),https://api.worldbank.org/v2/country/all/indicator/SP.POP.DPND?date=2000:2025&format=json&per_page=20000,Series SP.POP.DPND; country ISO3/year records; latest non-missing observation; data vintage 2026-07-13,2026-10-08,Official statistics,"Country averages and dated observations do not establish Olam customers, effective access, costs or returns. No imputation.","World Bank; WDI compiler, underlying national/institutional sources in indicator metadata",Undated page / exact publication date not verified,2000–2025; available years differ,Latest downloaded vintage; original retrieval checksum identifies it,https://data.worldbank.org/indicator/SP.POP.DPND,https://api.worldbank.org/v2/country/all/indicator/SP.POP.DPND?date=2000:2025&format=json&per_page=20000,"Country ISO3/year; 195-country universe, non-country aggregates excluded",Age dependency ratio (% of working-age population),No conversion unless a calculation explicitly provides it,"Not applicable for web/API; PDF pinpoint retained, further page attribution not verified",Not applicable / not independently verified,SP.POP.DPND,https://api.worldbank.org/v2/country/all/indicator/SP.POP.DPND?date=2000:2025&format=json&per_page=20000,"ISO3 in membership-verification.csv; year 2000–2025; latest non-null, no imputation",2026-10-08T02:15:08.606204+00:00,e9fbd6ed999b784d1183dd7ab3e4556ee2578f95d1d37c3c000af949f1818beb,Proxy observation,No conflicting series substituted; definitions/vintage retained. Unknowns stay unknown.,Public primary evidence; retrieval outcome in manifest. Blocked full downloads are not described as inspected.,Cite/link the issuing source; permitted statistical extracts retained with checksum where available. No claim of unrestricted report redistribution.,Age dependency ratio is the ratio of dependents--people younger than 15 or older than 64--to the working-age population--those ages 15-64. Data are shown as the proportion of dependents per 100 working-age population.,,,"Country driver / model-method context, not investment calibration","World Population Prospects, United Nations (UN), publisher: UN Population Division;
Staff estimates, World Bank (WB)"
WB_net_migration,World Bank WDI: Net migration,https://api.worldbank.org/v2/country/all/indicator/SM.POP.NETM?date=2000:2025&format=json&per_page=20000,Series SM.POP.NETM; country ISO3/year records; latest non-missing observation; data vintage 2026-07-13,2026-10-08,Official statistics,"Country averages and dated observations do not establish Olam customers, effective access, costs or returns. No imputation.","World Bank; WDI compiler, underlying national/institutional sources in indicator metadata",Undated page / exact publication date not verified,2000–2025; available years differ,Latest downloaded vintage; original retrieval checksum identifies it,https://data.worldbank.org/indicator/SM.POP.NETM,https://api.worldbank.org/v2/country/all/indicator/SM.POP.NETM?date=2000:2025&format=json&per_page=20000,"Country ISO3/year; 195-country universe, non-country aggregates excluded",Net migration,No conversion unless a calculation explicitly provides it,"Not applicable for web/API; PDF pinpoint retained, further page attribution not verified",Not applicable / not independently verified,SM.POP.NETM,https://api.worldbank.org/v2/country/all/indicator/SM.POP.NETM?date=2000:2025&format=json&per_page=20000,"ISO3 in membership-verification.csv; year 2000–2025; latest non-null, no imputation",2026-10-08T02:15:08.606699+00:00,83f10461381010bbde67cae41244b4eff04a05732ffc897f6a1160f821b05a4b,Proxy observation,No conflicting series substituted; definitions/vintage retained. Unknowns stay unknown.,Public primary evidence; retrieval outcome in manifest. Blocked full downloads are not described as inspected.,Cite/link the issuing source; permitted statistical extracts retained with checksum where available. No claim of unrestricted report redistribution.,"Net migration is the net total of migrants during the period, that is, the number of immigrants minus the number of emigrants, including both citizens and noncitizens.",,,"Country driver / model-method context, not investment calibration","World Population Prospects, United Nations (UN), publisher: UN Population Division"
WB_real_gdp,World Bank WDI: GDP (constant 2015 US$),https://api.worldbank.org/v2/country/all/indicator/NY.GDP.MKTP.KD?date=2000:2025&format=json&per_page=20000,Series NY.GDP.MKTP.KD; country ISO3/year records; latest non-missing observation; data vintage 2026-07-13,2026-10-08,Official statistics,"Country averages and dated observations do not establish Olam customers, effective access, costs or returns. No imputation.","World Bank; WDI compiler, underlying national/institutional sources in indicator metadata",Undated page / exact publication date not verified,2000–2025; available years differ,Latest downloaded vintage; original retrieval checksum identifies it,https://data.worldbank.org/indicator/NY.GDP.MKTP.KD,https://api.worldbank.org/v2/country/all/indicator/NY.GDP.MKTP.KD?date=2000:2025&format=json&per_page=20000,"Country ISO3/year; 195-country universe, non-country aggregates excluded",GDP (constant 2015 US$),No conversion unless a calculation explicitly provides it,"Not applicable for web/API; PDF pinpoint retained, further page attribution not verified",Not applicable / not independently verified,NY.GDP.MKTP.KD,https://api.worldbank.org/v2/country/all/indicator/NY.GDP.MKTP.KD?date=2000:2025&format=json&per_page=20000,"ISO3 in membership-verification.csv; year 2000–2025; latest non-null, no imputation",2026-10-08T02:15:08.609515+00:00,aaa326c429c4a23af57f59bdcd055496fd061e556ccad7cdb0b3058a265d1f9d,Proxy observation,No conflicting series substituted; definitions/vintage retained. Unknowns stay unknown.,Public primary evidence; retrieval outcome in manifest. Blocked full downloads are not described as inspected.,Cite/link the issuing source; permitted statistical extracts retained with checksum where available. No claim of unrestricted report redistribution.,"Gross domestic product is the total income earned through the production of goods and services in an economic territory during an accounting period. It can be measured in three different ways: using either the expenditure approach, the income approach, or the production approach. This indicator is expressed in constant prices, meaning the series has been adjusted to account for price changes over time. The reference year for this adjustment is 2015. This indicator is expressed in United States d",,,"Country driver / model-method context, not investment calibration","Country official statistics, National Statistical Organizations and/or Central Banks;
National Accounts data files, Organisation for Economic Co-operation and Development (OECD);
Staff estimates, World Bank (WB)"
WB_gdp_growth,World Bank WDI: GDP growth (annual %),https://api.worldbank.org/v2/country/all/indicator/NY.GDP.MKTP.KD.ZG?date=2000:2025&format=json&per_page=20000,Series NY.GDP.MKTP.KD.ZG; country ISO3/year records; latest non-missing observation; data vintage 2026-07-13,2026-10-08,Official statistics,"Country averages and dated observations do not establish Olam customers, effective access, costs or returns. No imputation.","World Bank; WDI compiler, underlying national/institutional sources in indicator metadata",Undated page / exact publication date not verified,2000–2025; available years differ,Latest downloaded vintage; original retrieval checksum identifies it,https://data.worldbank.org/indicator/NY.GDP.MKTP.KD.ZG,https://api.worldbank.org/v2/country/all/indicator/NY.GDP.MKTP.KD.ZG?date=2000:2025&format=json&per_page=20000,"Country ISO3/year; 195-country universe, non-country aggregates excluded",GDP growth (annual %),No conversion unless a calculation explicitly provides it,"Not applicable for web/API; PDF pinpoint retained, further page attribution not verified",Not applicable / not independently verified,NY.GDP.MKTP.KD.ZG,https://api.worldbank.org/v2/country/all/indicator/NY.GDP.MKTP.KD.ZG?date=2000:2025&format=json&per_page=20000,"ISO3 in membership-verification.csv; year 2000–2025; latest non-null, no imputation",2026-10-08T02:15:08.610553+00:00,f6636a1cd3f9c0618875d3e696a735e5e2a774b9344699d7e6fdaa215bb3f53a,Proxy observation,No conflicting series substituted; definitions/vintage retained. Unknowns stay unknown.,Public primary evidence; retrieval outcome in manifest. Blocked full downloads are not described as inspected.,Cite/link the issuing source; permitted statistical extracts retained with checksum where available. No claim of unrestricted report redistribution.,"Gross domestic product is the total income earned through the production of goods and services in an economic territory during an accounting period. It can be measured in three different ways: using either the expenditure approach, the income approach, or the production approach. This indicator denotes the percentage change over each previous year of the constant price (base year 2015) series in United States dollars.",,,"Country driver / model-method context, not investment calibration","Country official statistics, National Statistical Organizations and/or Central Banks;
National Accounts data files, Organisation for Economic Co-operation and Development (OECD);
Staff estimates, World Bank (WB)"
WB_real_income,World Bank WDI: GDP per capita (constant 2015 US$),https://api.worldbank.org/v2/country/all/indicator/NY.GDP.PCAP.KD?date=2000:2025&format=json&per_page=20000,Series NY.GDP.PCAP.KD; country ISO3/year records; latest non-missing observation; data vintage 2026-07-13,2026-10-08,Official statistics,"Country averages and dated observations do not establish Olam customers, effective access, costs or returns. No imputation.","World Bank; WDI compiler, underlying national/institutional sources in indicator metadata",Undated page / exact publication date not verified,2000–2025; available years differ,Latest downloaded vintage; original retrieval checksum identifies it,https://data.worldbank.org/indicator/NY.GDP.PCAP.KD,https://api.worldbank.org/v2/country/all/indicator/NY.GDP.PCAP.KD?date=2000:2025&format=json&per_page=20000,"Country ISO3/year; 195-country universe, non-country aggregates excluded",GDP per capita (constant 2015 US$),No conversion unless a calculation explicitly provides it,"Not applicable for web/API; PDF pinpoint retained, further page attribution not verified",Not applicable / not independently verified,NY.GDP.PCAP.KD,https://api.worldbank.org/v2/country/all/indicator/NY.GDP.PCAP.KD?date=2000:2025&format=json&per_page=20000,"ISO3 in membership-verification.csv; year 2000–2025; latest non-null, no imputation",2026-10-08T02:15:08.611110+00:00,61c1a47c7507228b2e9ac380bdea22f9dac1be03d357bba278151866affa0ce2,Proxy observation,No conflicting series substituted; definitions/vintage retained. Unknowns stay unknown.,Public primary evidence; retrieval outcome in manifest. Blocked full downloads are not described as inspected.,Cite/link the issuing source; permitted statistical extracts retained with checksum where available. No claim of unrestricted report redistribution.,"Gross domestic product is the total income earned through the production of goods and services in an economic territory during an accounting period. It can be measured in three different ways: using either the expenditure approach, the income approach, or the production approach. The core indicator has been divided by the general population to achieve a per capita estimate.This indicator is expressed in constant prices, meaning the series has been adjusted to account for price changes over time.",,,"Country driver / model-method context, not investment calibration","Country official statistics, National Statistical Organizations and/or Central Banks;
National Accounts data files, Organisation for Economic Co-operation and Development (OECD);
Staff estimates, World Bank (WB)"
WB_agriculture_gdp,"World Bank WDI: Agriculture, forestry, and fishing, value added (% of GDP)",https://api.worldbank.org/v2/country/all/indicator/NV.AGR.TOTL.ZS?date=2000:2025&format=json&per_page=20000,Series NV.AGR.TOTL.ZS; country ISO3/year records; latest non-missing observation; data vintage 2026-07-13,2026-10-08,Official statistics,"Country averages and dated observations do not establish Olam customers, effective access, costs or returns. No imputation.","World Bank; WDI compiler, underlying national/institutional sources in indicator metadata",Undated page / exact publication date not verified,2000–2025; available years differ,Latest downloaded vintage; original retrieval checksum identifies it,https://data.worldbank.org/indicator/NV.AGR.TOTL.ZS,https://api.worldbank.org/v2/country/all/indicator/NV.AGR.TOTL.ZS?date=2000:2025&format=json&per_page=20000,"Country ISO3/year; 195-country universe, non-country aggregates excluded","Agriculture, forestry, and fishing, value added (% of GDP)",No conversion unless a calculation explicitly provides it,"Not applicable for web/API; PDF pinpoint retained, further page attribution not verified",Not applicable / not independently verified,NV.AGR.TOTL.ZS,https://api.worldbank.org/v2/country/all/indicator/NV.AGR.TOTL.ZS?date=2000:2025&format=json&per_page=20000,"ISO3 in membership-verification.csv; year 2000–2025; latest non-null, no imputation",2026-10-08T02:15:08.611554+00:00,03839ca20cb1646b16daaeafc3fc73451310b8efb840b5d094aec16db9a898db,Proxy observation,No conflicting series substituted; definitions/vintage retained. Unknowns stay unknown.,Public primary evidence; retrieval outcome in manifest. Blocked full downloads are not described as inspected.,Cite/link the issuing source; permitted statistical extracts retained with checksum where available. No claim of unrestricted report redistribution.,"Agriculture, forestry, and fishing corresponds to ISIC (Rev. 4) divisions 01-03 and includes the exploitation of vegetal and animal natural resources, comprising the activities of growing of crops, raising and breeding of animals, harvesting of timber and other plants, animals or animal products from a farm or their natural habitats.Value added is the contribution to the economy by a producer or an industry or an institutional sector, which is estimated by the total value of output produced and ",,,"Country driver / model-method context, not investment calibration","Country official statistics, National Statistical Organizations and/or Central Banks;
National Accounts data files, Organisation for Economic Co-operation and Development (OECD);
Staff estimates, World Bank (WB)"
WB_poverty,World Bank WDI: Poverty headcount ratio at $3.00 a day (2021 PPP) (% of population),https://api.worldbank.org/v2/country/all/indicator/SI.POV.DDAY?date=2000:2025&format=json&per_page=20000,Series SI.POV.DDAY; country ISO3/year records; latest non-missing observation; data vintage 2026-07-13,2026-10-08,Official statistics,"Country averages and dated observations do not establish Olam customers, effective access, costs or returns. No imputation.","World Bank; WDI compiler, underlying national/institutional sources in indicator metadata",Undated page / exact publication date not verified,2000–2025; available years differ,Latest downloaded vintage; original retrieval checksum identifies it,https://data.worldbank.org/indicator/SI.POV.DDAY,https://api.worldbank.org/v2/country/all/indicator/SI.POV.DDAY?date=2000:2025&format=json&per_page=20000,"Country ISO3/year; 195-country universe, non-country aggregates excluded",Poverty headcount ratio at $3.00 a day (2021 PPP) (% of population),No conversion unless a calculation explicitly provides it,"Not applicable for web/API; PDF pinpoint retained, further page attribution not verified",Not applicable / not independently verified,SI.POV.DDAY,https://api.worldbank.org/v2/country/all/indicator/SI.POV.DDAY?date=2000:2025&format=json&per_page=20000,"ISO3 in membership-verification.csv; year 2000–2025; latest non-null, no imputation",2026-10-08T02:15:08.612505+00:00,6d1b39ebbf8cb658244314058c7e56b939be27e20433be50857de1785b46fa40,Proxy observation,No conflicting series substituted; definitions/vintage retained. Unknowns stay unknown.,Public primary evidence; retrieval outcome in manifest. Blocked full downloads are not described as inspected.,Cite/link the issuing source; permitted statistical extracts retained with checksum where available. No claim of unrestricted report redistribution.,"Poverty headcount ratio at $3.00 a day is the percentage of the population living on less than $3.00 a day at 2021 purchasing power adjusted prices. As a result of revisions in PPP exchange rates, poverty rates for individual countries cannot be compared with poverty rates reported in earlier editions.",country-driver-audit,,CL-country-driver-audit-headline;CL-country-driver-audit-body1;CL-country-driver-audit-body2;CL-country-driver-audit-body3,"World Bank, Poverty and Inequality Platform. Data are based on primary household survey data obtained from government statistical agencies and World Bank country departments. Data for high-income economies are mostly from the Luxembourg Income Study database. For more information and methodology, please see http://pip.worldbank.org., World Bank (WB), uri: http://pip.worldbank.org, note: Data are based on primary household survey data obtained from government statistical agencies and World Bank c"
WB_gini,World Bank WDI: Gini index,https://api.worldbank.org/v2/country/all/indicator/SI.POV.GINI?date=2000:2025&format=json&per_page=20000,Series SI.POV.GINI; country ISO3/year records; latest non-missing observation; data vintage 2026-07-13,2026-10-08,Official statistics,"Country averages and dated observations do not establish Olam customers, effective access, costs or returns. No imputation.","World Bank; WDI compiler, underlying national/institutional sources in indicator metadata",Undated page / exact publication date not verified,2000–2025; available years differ,Latest downloaded vintage; original retrieval checksum identifies it,https://data.worldbank.org/indicator/SI.POV.GINI,https://api.worldbank.org/v2/country/all/indicator/SI.POV.GINI?date=2000:2025&format=json&per_page=20000,"Country ISO3/year; 195-country universe, non-country aggregates excluded",Gini index,No conversion unless a calculation explicitly provides it,"Not applicable for web/API; PDF pinpoint retained, further page attribution not verified",Not applicable / not independently verified,SI.POV.GINI,https://api.worldbank.org/v2/country/all/indicator/SI.POV.GINI?date=2000:2025&format=json&per_page=20000,"ISO3 in membership-verification.csv; year 2000–2025; latest non-null, no imputation",2026-10-08T02:15:08.614571+00:00,97a10de645856e9fb62b20582d35c2705119446f15937ba27bb5559fb7efbb55,Proxy observation,No conflicting series substituted; definitions/vintage retained. Unknowns stay unknown.,Public primary evidence; retrieval outcome in manifest. Blocked full downloads are not described as inspected.,Cite/link the issuing source; permitted statistical extracts retained with checksum where available. No claim of unrestricted report redistribution.,"Gini index measures the extent to which the distribution of income (or, in some cases, consumption expenditure) among individuals or households within an economy deviates from a perfectly equal distribution. A Lorenz curve plots the cumulative percentages of total income received against the cumulative number of recipients, starting with the poorest individual or household. The Gini index measures the area between the Lorenz curve and a hypothetical line of absolute equality, expressed as a perc",,,"Country driver / model-method context, not investment calibration","World Bank, Poverty and Inequality Platform. Data are based on primary household survey data obtained from government statistical agencies and World Bank country departments. Data for high-income economies are mostly from the Luxembourg Income Study database. For more information and methodology, please see http://pip.worldbank.org., World Bank (WB), uri: http://pip.worldbank.org, note: Data are based on primary household survey data obtained from government statistical agencies and World Bank c"
WB_unemployment,"World Bank WDI: Unemployment, total (% of total labor force) (modeled ILO estimate)",https://api.worldbank.org/v2/country/all/indicator/SL.UEM.TOTL.ZS?date=2000:2025&format=json&per_page=20000,Series SL.UEM.TOTL.ZS; country ISO3/year records; latest non-missing observation; data vintage 2026-07-13,2026-10-08,Official statistics,"Country averages and dated observations do not establish Olam customers, effective access, costs or returns. No imputation.","World Bank; WDI compiler, underlying national/institutional sources in indicator metadata",Undated page / exact publication date not verified,2000–2025; available years differ,Latest downloaded vintage; original retrieval checksum identifies it,https://data.worldbank.org/indicator/SL.UEM.TOTL.ZS,https://api.worldbank.org/v2/country/all/indicator/SL.UEM.TOTL.ZS?date=2000:2025&format=json&per_page=20000,"Country ISO3/year; 195-country universe, non-country aggregates excluded","Unemployment, total (% of total labor force) (modeled ILO estimate)",No conversion unless a calculation explicitly provides it,"Not applicable for web/API; PDF pinpoint retained, further page attribution not verified",Not applicable / not independently verified,SL.UEM.TOTL.ZS,https://api.worldbank.org/v2/country/all/indicator/SL.UEM.TOTL.ZS?date=2000:2025&format=json&per_page=20000,"ISO3 in membership-verification.csv; year 2000–2025; latest non-null, no imputation",2026-10-08T02:15:08.614806+00:00,5b3397948a6822706d276eadb8880494d882074041f02c52385fd50cf09e799b,Proxy observation,No conflicting series substituted; definitions/vintage retained. Unknowns stay unknown.,Public primary evidence; retrieval outcome in manifest. Blocked full downloads are not described as inspected.,Cite/link the issuing source; permitted statistical extracts retained with checksum where available. No claim of unrestricted report redistribution.,Unemployment refers to the share of the labor force that is without work but available for and seeking employment.,,,"Country driver / model-method context, not investment calibration","ILO Modelled Estimates database (ILOEST), International Labour Organization (ILO), uri: https://ilostat.ilo.org/data/bulk/, publisher: ILOSTAT, type: external database, date accessed: January 17, 2026"
WB_private_credit,World Bank WDI: Domestic credit to private sector (% of GDP),https://api.worldbank.org/v2/country/all/indicator/FS.AST.PRVT.GD.ZS?date=2000:2025&format=json&per_page=20000,Series FS.AST.PRVT.GD.ZS; country ISO3/year records; latest non-missing observation; data vintage 2026-07-13,2026-10-08,Official statistics,"Country averages and dated observations do not establish Olam customers, effective access, costs or returns. No imputation.","World Bank; WDI compiler, underlying national/institutional sources in indicator metadata",Undated page / exact publication date not verified,2000–2025; available years differ,Latest downloaded vintage; original retrieval checksum identifies it,https://data.worldbank.org/indicator/FS.AST.PRVT.GD.ZS,https://api.worldbank.org/v2/country/all/indicator/FS.AST.PRVT.GD.ZS?date=2000:2025&format=json&per_page=20000,"Country ISO3/year; 195-country universe, non-country aggregates excluded",Domestic credit to private sector (% of GDP),No conversion unless a calculation explicitly provides it,"Not applicable for web/API; PDF pinpoint retained, further page attribution not verified",Not applicable / not independently verified,FS.AST.PRVT.GD.ZS,https://api.worldbank.org/v2/country/all/indicator/FS.AST.PRVT.GD.ZS?date=2000:2025&format=json&per_page=20000,"ISO3 in membership-verification.csv; year 2000–2025; latest non-null, no imputation",2026-10-08T02:15:08.615332+00:00,045f4240e426c93d09154621d167e3d02a682ff106df619d91cfe2618ba60e4e,Proxy observation,No conflicting series substituted; definitions/vintage retained. Unknowns stay unknown.,Public primary evidence; retrieval outcome in manifest. Blocked full downloads are not described as inspected.,Cite/link the issuing source; permitted statistical extracts retained with checksum where available. No claim of unrestricted report redistribution.,"Domestic credit to private sector refers to financial resources provided to the private sector by financial corporations, such as through loans, purchases of nonequity securities, and trade credits and other accounts receivable, that establish a claim for repayment. For some countries these claims include credit to public enterprises. The financial corporations include monetary authorities and deposit money banks, as well as other financial corporations where data are available (including corpor",,,"Country driver / model-method context, not investment calibration","International Financial Statistics database, International Monetary Fund (IMF);
World Development Indicators Database, World Bank (WB);
National Accounts data files, Organisation for Economic Co-operation and Development (OECD)"
WB_lending_rate,World Bank WDI: Lending interest rate (%),https://api.worldbank.org/v2/country/all/indicator/FR.INR.LEND?date=2000:2025&format=json&per_page=20000,Series FR.INR.LEND; country ISO3/year records; latest non-missing observation; data vintage 2026-07-13,2026-10-08,Official statistics,"Country averages and dated observations do not establish Olam customers, effective access, costs or returns. No imputation.","World Bank; WDI compiler, underlying national/institutional sources in indicator metadata",Undated page / exact publication date not verified,2000–2025; available years differ,Latest downloaded vintage; original retrieval checksum identifies it,https://data.worldbank.org/indicator/FR.INR.LEND,https://api.worldbank.org/v2/country/all/indicator/FR.INR.LEND?date=2000:2025&format=json&per_page=20000,"Country ISO3/year; 195-country universe, non-country aggregates excluded",Lending interest rate (%),No conversion unless a calculation explicitly provides it,"Not applicable for web/API; PDF pinpoint retained, further page attribution not verified",Not applicable / not independently verified,FR.INR.LEND,https://api.worldbank.org/v2/country/all/indicator/FR.INR.LEND?date=2000:2025&format=json&per_page=20000,"ISO3 in membership-verification.csv; year 2000–2025; latest non-null, no imputation",2026-10-08T02:15:08.615517+00:00,a103fd2f959d4658f88a9994ef6ee5401b775205a50226b79bc5c97018b5e626,Proxy observation,No conflicting series substituted; definitions/vintage retained. Unknowns stay unknown.,Public primary evidence; retrieval outcome in manifest. Blocked full downloads are not described as inspected.,Cite/link the issuing source; permitted statistical extracts retained with checksum where available. No claim of unrestricted report redistribution.,"Lending rate is the bank rate that usually meets the short- and medium-term financing needs of the private sector. This rate is normally differentiated according to creditworthiness of borrowers and objectives of financing. The terms and conditions attached to these rates differ by country, however, limiting their comparability.",,,"Country driver / model-method context, not investment calibration","International Financial Statistics database, International Monetary Fund (IMF)"
WB_real_interest,World Bank WDI: Real interest rate (%),https://api.worldbank.org/v2/country/all/indicator/FR.INR.RINR?date=2000:2025&format=json&per_page=20000,Series FR.INR.RINR; country ISO3/year records; latest non-missing observation; data vintage 2026-07-13,2026-10-08,Official statistics,"Country averages and dated observations do not establish Olam customers, effective access, costs or returns. No imputation.","World Bank; WDI compiler, underlying national/institutional sources in indicator metadata",Undated page / exact publication date not verified,2000–2025; available years differ,Latest downloaded vintage; original retrieval checksum identifies it,https://data.worldbank.org/indicator/FR.INR.RINR,https://api.worldbank.org/v2/country/all/indicator/FR.INR.RINR?date=2000:2025&format=json&per_page=20000,"Country ISO3/year; 195-country universe, non-country aggregates excluded",Real interest rate (%),No conversion unless a calculation explicitly provides it,"Not applicable for web/API; PDF pinpoint retained, further page attribution not verified",Not applicable / not independently verified,FR.INR.RINR,https://api.worldbank.org/v2/country/all/indicator/FR.INR.RINR?date=2000:2025&format=json&per_page=20000,"ISO3 in membership-verification.csv; year 2000–2025; latest non-null, no imputation",2026-10-08T02:15:08.616419+00:00,40a8e7b637a75b68a5de31e2f79ab5f6bfa46faaa29b958eb545a38d1c73ee52,Proxy observation,No conflicting series substituted; definitions/vintage retained. Unknowns stay unknown.,Public primary evidence; retrieval outcome in manifest. Blocked full downloads are not described as inspected.,Cite/link the issuing source; permitted statistical extracts retained with checksum where available. No claim of unrestricted report redistribution.,"An interest rate is the amount charged, expressed as a percentage of the principal over a period of time, by the owners of certain kinds of financial assets for putting the financial assets at the disposal of another institutional unit. The real interest rate is the lending interest rate adjusted for inflation as measured by the GDP deflator. The terms and conditions attached to lending rates differ by country, however, limiting their comparability. This indicator is expressed as a percentage (a",,,"Country driver / model-method context, not investment calibration","International Financial Statistics database, International Monetary Fund (IMF);
World Development Indicators, World Bank (WB)"
WB_government_debt,"World Bank WDI: Central government debt, total (% of GDP)",https://api.worldbank.org/v2/country/all/indicator/GC.DOD.TOTL.GD.ZS?date=2000:2025&format=json&per_page=20000,Series GC.DOD.TOTL.GD.ZS; country ISO3/year records; latest non-missing observation; data vintage 2026-07-13,2026-10-08,Official statistics,"Country averages and dated observations do not establish Olam customers, effective access, costs or returns. No imputation.","World Bank; WDI compiler, underlying national/institutional sources in indicator metadata",Undated page / exact publication date not verified,2000–2025; available years differ,Latest downloaded vintage; original retrieval checksum identifies it,https://data.worldbank.org/indicator/GC.DOD.TOTL.GD.ZS,https://api.worldbank.org/v2/country/all/indicator/GC.DOD.TOTL.GD.ZS?date=2000:2025&format=json&per_page=20000,"Country ISO3/year; 195-country universe, non-country aggregates excluded","Central government debt, total (% of GDP)",No conversion unless a calculation explicitly provides it,"Not applicable for web/API; PDF pinpoint retained, further page attribution not verified",Not applicable / not independently verified,GC.DOD.TOTL.GD.ZS,https://api.worldbank.org/v2/country/all/indicator/GC.DOD.TOTL.GD.ZS?date=2000:2025&format=json&per_page=20000,"ISO3 in membership-verification.csv; year 2000–2025; latest non-null, no imputation",2026-10-08T02:15:08.616671+00:00,6e758c24abd3c7272be1fd70dce245448962297aba3fab7ee9a3e2322e020662,Proxy observation,No conflicting series substituted; definitions/vintage retained. Unknowns stay unknown.,Public primary evidence; retrieval outcome in manifest. Blocked full downloads are not described as inspected.,Cite/link the issuing source; permitted statistical extracts retained with checksum where available. No claim of unrestricted report redistribution.,"Debt is the entire stock of direct government fixed-term contractual obligations to others outstanding on a particular date. It includes domestic and foreign liabilities such as currency and money deposits, securities other than shares, and loans. It is the gross amount of government liabilities reduced by the amount of equity and financial derivatives held by the government. Because debt is a stock rather than a flow, it is measured as of a given date, usually the last day of the fiscal year. C",,,"Country driver / model-method context, not investment calibration","Government Finance Statistics Yearbook and data files, International Monetary Fund (IMF)"
WB_electricity_access,World Bank WDI: Access to electricity (% of population),https://api.worldbank.org/v2/country/all/indicator/EG.ELC.ACCS.ZS?date=2000:2025&format=json&per_page=20000,Series EG.ELC.ACCS.ZS; country ISO3/year records; latest non-missing observation; data vintage 2026-07-13,2026-10-08,Official statistics,"Country averages and dated observations do not establish Olam customers, effective access, costs or returns. No imputation.","World Bank; WDI compiler, underlying national/institutional sources in indicator metadata",Undated page / exact publication date not verified,2000–2025; available years differ,Latest downloaded vintage; original retrieval checksum identifies it,https://data.worldbank.org/indicator/EG.ELC.ACCS.ZS,https://api.worldbank.org/v2/country/all/indicator/EG.ELC.ACCS.ZS?date=2000:2025&format=json&per_page=20000,"Country ISO3/year; 195-country universe, non-country aggregates excluded",Access to electricity (% of population),No conversion unless a calculation explicitly provides it,"Not applicable for web/API; PDF pinpoint retained, further page attribution not verified",Not applicable / not independently verified,EG.ELC.ACCS.ZS,https://api.worldbank.org/v2/country/all/indicator/EG.ELC.ACCS.ZS?date=2000:2025&format=json&per_page=20000,"ISO3 in membership-verification.csv; year 2000–2025; latest non-null, no imputation",2026-10-08T02:15:08.619567+00:00,a33a1ba0de8adb3f6da3ef4fa0e4eb07a31099cf112a8ce72bdc7a18c6a5e533,Proxy observation,No conflicting series substituted; definitions/vintage retained. Unknowns stay unknown.,Public primary evidence; retrieval outcome in manifest. Blocked full downloads are not described as inspected.,Cite/link the issuing source; permitted statistical extracts retained with checksum where available. No claim of unrestricted report redistribution.,"Access to electricity is the percentage of population with access to electricity. Electrification data are collected from industry, national surveys and international sources.",,,"Country driver / model-method context, not investment calibration","SDG 7.1.1 Electrification Dataset, World Bank (WB), uri: https://trackingsdg7.esmap.org/downloads, note: Data is downloaded from ESMAP website. Data is released when a new Tracking SDG7 report is released., publisher: World Bank (WB), date accessed: 2024-05-16, date published: 2023"
WB_irrigated_land,World Bank WDI: Agricultural irrigated land (% of total agricultural land),https://api.worldbank.org/v2/country/all/indicator/AG.LND.IRIG.AG.ZS?date=2000:2025&format=json&per_page=20000,Series AG.LND.IRIG.AG.ZS; country ISO3/year records; latest non-missing observation; data vintage 2026-07-13,2026-10-08,Official statistics,"Country averages and dated observations do not establish Olam customers, effective access, costs or returns. No imputation.","World Bank; WDI compiler, underlying national/institutional sources in indicator metadata",Undated page / exact publication date not verified,2000–2025; available years differ,Latest downloaded vintage; original retrieval checksum identifies it,https://data.worldbank.org/indicator/AG.LND.IRIG.AG.ZS,https://api.worldbank.org/v2/country/all/indicator/AG.LND.IRIG.AG.ZS?date=2000:2025&format=json&per_page=20000,"Country ISO3/year; 195-country universe, non-country aggregates excluded",Agricultural irrigated land (% of total agricultural land),No conversion unless a calculation explicitly provides it,"Not applicable for web/API; PDF pinpoint retained, further page attribution not verified",Not applicable / not independently verified,AG.LND.IRIG.AG.ZS,https://api.worldbank.org/v2/country/all/indicator/AG.LND.IRIG.AG.ZS?date=2000:2025&format=json&per_page=20000,"ISO3 in membership-verification.csv; year 2000–2025; latest non-null, no imputation",2026-10-08T02:15:08.620239+00:00,1bdd0c0966bf876c4953649012663356c87c3e105e2c0e11feeff517fc918ba2,Proxy observation,No conflicting series substituted; definitions/vintage retained. Unknowns stay unknown.,Public primary evidence; retrieval outcome in manifest. Blocked full downloads are not described as inspected.,Cite/link the issuing source; permitted statistical extracts retained with checksum where available. No claim of unrestricted report redistribution.,"Agricultural irrigated land refers to agricultural areas purposely provided with water, including land irrigated by controlled flooding.",country-driver-audit,,CL-country-driver-audit-headline;CL-country-driver-audit-body1;CL-country-driver-audit-body2;CL-country-driver-audit-body3,"FAO electronic files and web site, Food and Agriculture Organization of the United Nations (FAO), uri: https://www.fao.org/faostat/en/#data/RL, publisher: Food and Agriculture Organization of the United Nations (FAO)"
WB_cereal_area,World Bank WDI: Land under cereal production (hectares),https://api.worldbank.org/v2/country/all/indicator/AG.LND.CREL.HA?date=2000:2025&format=json&per_page=20000,Series AG.LND.CREL.HA; country ISO3/year records; latest non-missing observation; data vintage 2026-07-13,2026-10-08,Official statistics,"Country averages and dated observations do not establish Olam customers, effective access, costs or returns. No imputation.","World Bank; WDI compiler, underlying national/institutional sources in indicator metadata",Undated page / exact publication date not verified,2000–2025; available years differ,Latest downloaded vintage; original retrieval checksum identifies it,https://data.worldbank.org/indicator/AG.LND.CREL.HA,https://api.worldbank.org/v2/country/all/indicator/AG.LND.CREL.HA?date=2000:2025&format=json&per_page=20000,"Country ISO3/year; 195-country universe, non-country aggregates excluded",Land under cereal production (hectares),No conversion unless a calculation explicitly provides it,"Not applicable for web/API; PDF pinpoint retained, further page attribution not verified",Not applicable / not independently verified,AG.LND.CREL.HA,https://api.worldbank.org/v2/country/all/indicator/AG.LND.CREL.HA?date=2000:2025&format=json&per_page=20000,"ISO3 in membership-verification.csv; year 2000–2025; latest non-null, no imputation",2026-10-08T02:15:08.621351+00:00,9584661d5260becf77ae7506c785743c44c701cb7ae37e8bee381712188ac83f,Proxy observation,No conflicting series substituted; definitions/vintage retained. Unknowns stay unknown.,Public primary evidence; retrieval outcome in manifest. Blocked full downloads are not described as inspected.,Cite/link the issuing source; permitted statistical extracts retained with checksum where available. No claim of unrestricted report redistribution.,"Land under cereal production refers to harvested area, although some countries report only sown or cultivated area. Cereals include wheat, rice, maize, barley, oats, rye, millet, sorghum, buckwheat, and mixed grains. Production data on cereals relate to crops harvested for dry grain only. Cereal crops harvested for hay or harvested green for food, feed, or silage and those used for grazing are excluded.",,,"Country driver / model-method context, not investment calibration","FAO electronic files and web site, Food and Agriculture Organization of the United Nations (FAO), uri: https://www.fao.org/faostat/en/#data/QCL, note: Item code F1717, publisher: Food and Agriculture Organization of the United Nations (FAO)"
WB_undernourishment,World Bank WDI: Prevalence of undernourishment (% of population),https://api.worldbank.org/v2/country/all/indicator/SN.ITK.DEFC.ZS?date=2000:2025&format=json&per_page=20000,Series SN.ITK.DEFC.ZS; country ISO3/year records; latest non-missing observation; data vintage 2026-07-13,2026-10-08,Official statistics,"Country averages and dated observations do not establish Olam customers, effective access, costs or returns. No imputation.","World Bank; WDI compiler, underlying national/institutional sources in indicator metadata",Undated page / exact publication date not verified,2000–2025; available years differ,Latest downloaded vintage; original retrieval checksum identifies it,https://data.worldbank.org/indicator/SN.ITK.DEFC.ZS,https://api.worldbank.org/v2/country/all/indicator/SN.ITK.DEFC.ZS?date=2000:2025&format=json&per_page=20000,"Country ISO3/year; 195-country universe, non-country aggregates excluded",Prevalence of undernourishment (% of population),No conversion unless a calculation explicitly provides it,"Not applicable for web/API; PDF pinpoint retained, further page attribution not verified",Not applicable / not independently verified,SN.ITK.DEFC.ZS,https://api.worldbank.org/v2/country/all/indicator/SN.ITK.DEFC.ZS?date=2000:2025&format=json&per_page=20000,"ISO3 in membership-verification.csv; year 2000–2025; latest non-null, no imputation",2026-10-08T02:15:08.622663+00:00,667b3da873e2059cf2241aabfecb500ca6ebac6ef044bfa1e9e6e3a998067fe5,Proxy observation,No conflicting series substituted; definitions/vintage retained. Unknowns stay unknown.,Public primary evidence; retrieval outcome in manifest. Blocked full downloads are not described as inspected.,Cite/link the issuing source; permitted statistical extracts retained with checksum where available. No claim of unrestricted report redistribution.,Prevalence of undernourishment is the percentage of the population whose habitual food consumption is insufficient to provide the dietary energy levels that are required to maintain a normal active and healthy life. Data showing as 2.5 may signify a prevalence of undernourishment below 2.5%.,,,"Country driver / model-method context, not investment calibration","Food and Agriculture Organization of the United Nations (FAO), uri: http://www.fao.org/faostat/en/#home"
WB_agriculture_employment,World Bank WDI: Employment in agriculture (% of total employment) (modeled ILO estimate),https://api.worldbank.org/v2/country/all/indicator/SL.AGR.EMPL.ZS?date=2000:2025&format=json&per_page=20000,Series SL.AGR.EMPL.ZS; country ISO3/year records; latest non-missing observation; data vintage 2026-07-13,2026-10-08,Official statistics,"Country averages and dated observations do not establish Olam customers, effective access, costs or returns. No imputation.","World Bank; WDI compiler, underlying national/institutional sources in indicator metadata",Undated page / exact publication date not verified,2000–2025; available years differ,Latest downloaded vintage; original retrieval checksum identifies it,https://data.worldbank.org/indicator/SL.AGR.EMPL.ZS,https://api.worldbank.org/v2/country/all/indicator/SL.AGR.EMPL.ZS?date=2000:2025&format=json&per_page=20000,"Country ISO3/year; 195-country universe, non-country aggregates excluded",Employment in agriculture (% of total employment) (modeled ILO estimate),No conversion unless a calculation explicitly provides it,"Not applicable for web/API; PDF pinpoint retained, further page attribution not verified",Not applicable / not independently verified,SL.AGR.EMPL.ZS,https://api.worldbank.org/v2/country/all/indicator/SL.AGR.EMPL.ZS?date=2000:2025&format=json&per_page=20000,"ISO3 in membership-verification.csv; year 2000–2025; latest non-null, no imputation",2026-10-08T02:15:08.622882+00:00,41d7d5f036440df191a7048fb32b61a9e82058ff32efeddba36bb4dc3051ceb5,Proxy observation,No conflicting series substituted; definitions/vintage retained. Unknowns stay unknown.,Public primary evidence; retrieval outcome in manifest. Blocked full downloads are not described as inspected.,Cite/link the issuing source; permitted statistical extracts retained with checksum where available. No claim of unrestricted report redistribution.,"Employment is defined as persons of working age who were engaged in any activity to produce goods or provide services for pay or profit, whether at work during the reference period or not at work due to temporary absence from a job, or to working-time arrangement. The agriculture sector consists of activities in agriculture, hunting, forestry and fishing, in accordance with division 1 (ISIC 2) or categories A-B (ISIC 3) or category A (ISIC 4).",,,"Country driver / model-method context, not investment calibration","ILO Modelled Estimates database (ILOEST), International Labour Organization (ILO), uri: https://ilostat.ilo.org/data/bulk/, publisher: ILOSTAT, type: external database, date accessed: January 17, 2026"
WB_water_withdrawal,"World Bank WDI: Annual freshwater withdrawals, total (% of internal resources)",https://api.worldbank.org/v2/country/all/indicator/ER.H2O.FWTL.ZS?date=2000:2025&format=json&per_page=20000,Series ER.H2O.FWTL.ZS; country ISO3/year records; latest non-missing observation; data vintage 2026-07-13,2026-10-08,Official statistics,"Country averages and dated observations do not establish Olam customers, effective access, costs or returns. No imputation.","World Bank; WDI compiler, underlying national/institutional sources in indicator metadata",Undated page / exact publication date not verified,2000–2025; available years differ,Latest downloaded vintage; original retrieval checksum identifies it,https://data.worldbank.org/indicator/ER.H2O.FWTL.ZS,https://api.worldbank.org/v2/country/all/indicator/ER.H2O.FWTL.ZS?date=2000:2025&format=json&per_page=20000,"Country ISO3/year; 195-country universe, non-country aggregates excluded","Annual freshwater withdrawals, total (% of internal resources)",No conversion unless a calculation explicitly provides it,"Not applicable for web/API; PDF pinpoint retained, further page attribution not verified",Not applicable / not independently verified,ER.H2O.FWTL.ZS,https://api.worldbank.org/v2/country/all/indicator/ER.H2O.FWTL.ZS?date=2000:2025&format=json&per_page=20000,"ISO3 in membership-verification.csv; year 2000–2025; latest non-null, no imputation",2026-10-08T02:15:08.623320+00:00,fb6e9d20f209425e33e32745aa4b9f0c4758cce2a3cd691ba18ac419ddcce400,Proxy observation,No conflicting series substituted; definitions/vintage retained. Unknowns stay unknown.,Public primary evidence; retrieval outcome in manifest. Blocked full downloads are not described as inspected.,Cite/link the issuing source; permitted statistical extracts retained with checksum where available. No claim of unrestricted report redistribution.,"Annual freshwater withdrawals refer to total water withdrawals, not counting evaporation losses from storage basins. Withdrawals also include water from desalination plants in countries where they are a significant source. Withdrawals can exceed 100 percent of total renewable resources where extraction from nonrenewable aquifers or desalination plants is considerable or where there is significant water reuse. Withdrawals for agriculture and industry are total withdrawals for irrigation and lives",,,"Country driver / model-method context, not investment calibration","AQUASTAT - FAO's Global Information System on Water and Agriculture, Food and Agriculture Organization of the United Nations (FAO), uri: https://data.apps.fao.org/aquastat/, publisher: Food and Agriculture Organization of the United Nations (FAO), date accessed: 20240529"
ADM_2025,ADM 2025 Form 10-K,https://www.sec.gov/Archives/edgar/data/7084/000000708426000011/adm-20251231.htm,"Part I: Competition and Seasonality, Working Capital Needs; printed pp.7–8 and risk factors pp.16–18",2026-10-08,Company disclosure,Public disclosure supports rival mechanisms; no country/category shares or comparable Olam margin,ADM / SEC; company issuer and filing repository,2026-02; exact filing day not independently extracted,2025,Latest downloaded vintage; original retrieval checksum identifies it,https://www.sec.gov/Archives/edgar/data/7084/000000708426000011/adm-20251231.htm,https://www.sec.gov/Archives/edgar/data/7084/000000708426000011/adm-20251231.htm,Country/product/entity scope stated at pinpoint; no cross-perimeter transfer,See source definition; no currency conversion or financial calibration inferred,No conversion unless a calculation explicitly provides it,"Not applicable for web/API; PDF pinpoint retained, further page attribution not verified",Not applicable / not independently verified,,,Document sections at pinpoint,2026-10-08; exact timestamp not separately recorded,,Direct disclosure or original methodology; scope limitations apply,No conflicting series substituted; definitions/vintage retained. Unknowns stay unknown.,Underlying public page opened and inspected through research browser; full report not redistributed,Cite/link the issuing source; permitted statistical extracts retained with checksum where available. No claim of unrestricted report redistribution.,Public disclosure supports rival mechanisms; no country/category shares or comparable Olam margin,competitive-baseline,,CL-competitive-baseline-headline;CL-competitive-baseline-table_row1;CL-competitive-baseline-table_row2;CL-competitive-baseline-table_row3;CL-competitive-baseline-table_row4,
CARGILL_2026,Cargill Annual Report 2026: Grow Forward,https://www.cargill.com/about/2026-annual-report,Opening summary; helping farmers/customers/people grow,2026-10-08,Company disclosure,Corporate positioning is self-reported. No audited comparable EBIT or local market shares used,Cargill; company issuer,2026; exact publication day not stated on inspected page,2026 report,Latest downloaded vintage; original retrieval checksum identifies it,https://www.cargill.com/about/2026-annual-report,https://www.cargill.com/about/2026-annual-report,Country/product/entity scope stated at pinpoint; no cross-perimeter transfer,See source definition; no currency conversion or financial calibration inferred,No conversion unless a calculation explicitly provides it,"Not applicable for web/API; PDF pinpoint retained, further page attribution not verified",Not applicable / not independently verified,,,Document sections at pinpoint,2026-10-08; exact timestamp not separately recorded,,Direct disclosure or original methodology; scope limitations apply,No conflicting series substituted; definitions/vintage retained. Unknowns stay unknown.,Underlying public page opened and inspected through research browser; full report not redistributed,Cite/link the issuing source; permitted statistical extracts retained with checksum where available. No claim of unrestricted report redistribution.,Corporate positioning is self-reported. No audited comparable EBIT or local market shares used,competitive-baseline,,CL-competitive-baseline-headline;CL-competitive-baseline-table_row1;CL-competitive-baseline-table_row2;CL-competitive-baseline-table_row3;CL-competitive-baseline-table_row4,
BUNGE_VITERRA,Bunge and Viterra complete merger,https://www.viterra.com/Media/News/bunge-and-viterra-complete-merger-to-create-premier-global-agribusiness-solutions-company,Date and opening paragraph; strategic benefits are management expectations,2026-10-08,Company disclosure,Count as a combined competitive network after closing; projected synergies are not realized Olam synergies,Bunge/Viterra; company issuer,2025-07-02,Merger completed 2025-07-02,Latest downloaded vintage; original retrieval checksum identifies it,https://www.viterra.com/Media/News/bunge-and-viterra-complete-merger-to-create-premier-global-agribusiness-solutions-company,https://www.viterra.com/Media/News/bunge-and-viterra-complete-merger-to-create-premier-global-agribusiness-solutions-company,Country/product/entity scope stated at pinpoint; no cross-perimeter transfer,See source definition; no currency conversion or financial calibration inferred,No conversion unless a calculation explicitly provides it,"Not applicable for web/API; PDF pinpoint retained, further page attribution not verified",Not applicable / not independently verified,,,Document sections at pinpoint,2026-10-08; exact timestamp not separately recorded,,Direct disclosure or original methodology; scope limitations apply,No conflicting series substituted; definitions/vintage retained. Unknowns stay unknown.,Underlying public page opened and inspected through research browser; full report not redistributed,Cite/link the issuing source; permitted statistical extracts retained with checksum where available. No claim of unrestricted report redistribution.,Count as a combined competitive network after closing; projected synergies are not realized Olam synergies,competitive-baseline,,CL-competitive-baseline-headline;CL-competitive-baseline-table_row1;CL-competitive-baseline-table_row2;CL-competitive-baseline-table_row3;CL-competitive-baseline-table_row4,
PPML_METHOD,Santos Silva and Tenreyro: The Log of Gravity author resource,https://personal.lse.ac.uk/tenreyro/LGW.html,"Reference, Summary, implementation and FAQs; published paper Review of Economics and Statistics88(4),641–658",2026-10-08,Prior art,"Author page inspected; PPML is an appropriate conditional trade module, not estimated in this package","João Santos Silva and Silvana Tenreyro; original research authors, LSE author repository",2006 paper; resource page update date unstated,"Method and original research, not an Olam dataset",Latest downloaded vintage; original retrieval checksum identifies it,https://personal.lse.ac.uk/tenreyro/LGW.html,https://personal.lse.ac.uk/tenreyro/LGW.html,Country/product/entity scope stated at pinpoint; no cross-perimeter transfer,See source definition; no currency conversion or financial calibration inferred,No conversion unless a calculation explicitly provides it,"Not applicable for web/API; PDF pinpoint retained, further page attribution not verified",Not applicable / not independently verified,,,Document sections at pinpoint,2026-10-08; exact timestamp not separately recorded,,"Original method author documentation, not estimated country parameters",No conflicting series substituted; definitions/vintage retained. Unknowns stay unknown.,"Primary author resource opened and inspected8 October2026; paper links supplied, full paper download not separately archived",Cite/link the issuing source; permitted statistical extracts retained with checksum where available. No claim of unrestricted report redistribution.,"Author page inspected; PPML is an appropriate conditional trade module, not estimated in this package",,,"Country driver / model-method context, not investment calibration",
